architecture,checkpoint_state,budget_tier,m,width_or_size,trace_raw_max_eig,max_eigenvalue_operator,min_eigenvalue_raw,numerical_rank,effective_rank,symmetry_relative_max_error,psd_pass,k50,k80,k90,k95,k50_y,k80_y,k90_y,k95_y,k50_residual,k80_residual,k90_residual,k95_residual,alignment_A_Kt_y,alignment_A_Kx,source_file
MPNN,K0,,256,medium/hc=1024,,149.23831634814948,16.96255346432158,768,75.2286427362916,0.0,True,536,715,742,752,,,,,,,,,,,upstream-analysis/analysis_outputs/four_arch_initial_force_kernel_pilot_2026_08_14/spectral_descriptors.csv
MPNN,K0,,256,large/hc=2048,,113.54620518366706,18.205998730238086,768,93.66523749445382,0.0,True,555,700,727,752,,,,,,,,,,,upstream-analysis/analysis_outputs/four_arch_initial_force_kernel_pilot_2026_08_14/spectral_descriptors.csv
MC-EGNN,K0,,256,medium/hc=320,,143.95009965928227,1.3561502226898188e-12,602,1.0357293085066308,0.0,True,374,566,630,661,,,,,,,,,,,upstream-analysis/analysis_outputs/four_arch_initial_force_kernel_pilot_2026_08_14/spectral_descriptors.csv
MC-EGNN,K0,,256,large/hc=512,,111.29247531128418,1.4239237360015207e-12,661,1.0649997500779487,0.0,True,357,571,643,675,,,,,,,,,,,upstream-analysis/analysis_outputs/four_arch_initial_force_kernel_pilot_2026_08_14/spectral_descriptors.csv
GemNet-OC,K0,,256,medium/width=128,,0.8609797634981232,4.5953915833545947e-10,767,57.674200876566076,0.0,True,290,443,502,558,,,,,,,,,,,upstream-analysis/analysis_outputs/four_arch_initial_force_kernel_pilot_2026_08_14/spectral_descriptors.csv
GemNet-OC,K0,,256,large/width=256,,0.8832916098710323,6.570706096002235e-10,767,74.90991217785424,0.0,True,299,439,520,584,,,,,,,,,,,upstream-analysis/analysis_outputs/four_arch_initial_force_kernel_pilot_2026_08_14/spectral_descriptors.csv
eSEN,K0,,256,medium/sphere_channels=32,,83.88014297841822,0.0408670212880151,768,5.344549009966907,0.0,True,289,459,545,623,,,,,,,,,,,upstream-analysis/analysis_outputs/four_arch_initial_force_kernel_pilot_2026_08_14/spectral_descriptors.csv
eSEN,K0,,256,large/sphere_channels=64,,26.291791231101254,0.008183262016454411,768,4.016905571995125,0.0,True,333,519,595,648,,,,,,,,,,,upstream-analysis/analysis_outputs/four_arch_initial_force_kernel_pilot_2026_08_14/spectral_descriptors.csv
MPNN,K0,,256,width=2048,,117.65415637389461,17.80939013770544,768,88.88491560034065,0.0,True,,,,,566,700,732,748,7,508,663,715,,,upstream-analysis/analysis_outputs/four_arch_trained_force_kernel_pilot_2026_08_15/spectral_evolution_summary.csv
MPNN,K50k,,256,width=2048,,39.62845654633653,1.1195251713371202,768,153.27860658118215,0.0,True,,,,,30,132,238,292,151,281,331,419,,,upstream-analysis/analysis_outputs/four_arch_trained_force_kernel_pilot_2026_08_15/spectral_evolution_summary.csv
MPNN,K500k,,256,width=2048,,14.553242894543235,1.19523329867826,768,225.13181694154585,0.0,True,,,,,27,69,107,162,60,107,162,261,,,upstream-analysis/analysis_outputs/four_arch_trained_force_kernel_pilot_2026_08_15/spectral_evolution_summary.csv
MC-EGNN,K0,,256,width=512,,111.19686486017339,4.82262368520278e-12,626,1.0365035974783279,0.0,True,,,,,357,559,636,667,1,308,472,595,,,upstream-analysis/analysis_outputs/four_arch_trained_force_kernel_pilot_2026_08_15/spectral_evolution_summary.csv
MC-EGNN,K50k,,256,width=512,,112.60697943663718,4.748806688826048e-08,766,10.731317847761497,0.0,True,,,,,8,18,42,68,35,134,244,375,,,upstream-analysis/analysis_outputs/four_arch_trained_force_kernel_pilot_2026_08_15/spectral_evolution_summary.csv
MC-EGNN,K500k,,256,width=512,,3342.2476276269394,4.4748848132306716e-08,763,1.6027396912871517,0.0,True,,,,,16,29,53,81,1,1,1,1,,,upstream-analysis/analysis_outputs/four_arch_trained_force_kernel_pilot_2026_08_15/spectral_evolution_summary.csv
GemNet-OC,K0,,256,width=256,,0.8693416889527674,1.265413916080429e-09,767,84.59121122297502,0.0,True,,,,,310,465,569,606,309,463,569,606,,,upstream-analysis/analysis_outputs/four_arch_trained_force_kernel_pilot_2026_08_15/spectral_evolution_summary.csv
GemNet-OC,K50k,,256,width=256,,2.028058560724888,1.687342896760883e-09,766,99.36676779095365,0.0,True,,,,,7,7,8,14,45,156,241,303,,,upstream-analysis/analysis_outputs/four_arch_trained_force_kernel_pilot_2026_08_15/spectral_evolution_summary.csv
GemNet-OC,K500k,,256,width=256,,1.3484664722825004,3.6080992595125764e-09,766,104.92609034934165,0.0,True,,,,,3,3,3,6,20,84,166,252,,,upstream-analysis/analysis_outputs/four_arch_trained_force_kernel_pilot_2026_08_15/spectral_evolution_summary.csv
eSEN,K0,,256,width=64,,27.13367932046487,0.006071382976198764,768,3.481011394853539,0.0,True,,,,,313,497,560,622,313,497,560,622,,,upstream-analysis/analysis_outputs/four_arch_trained_force_kernel_pilot_2026_08_15/spectral_evolution_summary.csv
eSEN,K50k,,256,width=64,,2.3329930229046507,0.00016661642839404053,768,34.3432503908627,0.0,True,,,,,10,17,31,49,58,141,211,295,,,upstream-analysis/analysis_outputs/four_arch_trained_force_kernel_pilot_2026_08_15/spectral_evolution_summary.csv
eSEN,K500k,,256,width=64,,0.6562920149433871,3.4842560357399685e-05,768,31.48463299900553,0.0,True,,,,,6,14,21,32,38,56,104,154,,,upstream-analysis/analysis_outputs/four_arch_trained_force_kernel_pilot_2026_08_15/spectral_evolution_summary.csv
MPNN,matched-compute-LOW,LOW,256,width=607/step=400000,,204.54871001348545,2.62717449296944,768,75.25816103524217,0.0,True,,,,,25,117,208,283,133,247,329,419,,,upstream-analysis/analysis_outputs/four_arch_matched_compute_frontier_kernel_2026_08_15/spectral_summary.csv
MPNN,matched-compute-MID,MID,256,width=1150/step=500000,,18.98025642284563,2.084831301005339,768,220.851838512367,0.0,True,,,,,27,85,157,217,86,180,250,348,,,upstream-analysis/analysis_outputs/four_arch_matched_compute_frontier_kernel_2026_08_15/spectral_summary.csv
MPNN,matched-compute-HIGH,HIGH,256,width=2557/step=450000,,9.307213826466826,1.122813234820989,768,239.64780190711028,0.0,True,,,,,28,67,99,154,63,89,147,238,,,upstream-analysis/analysis_outputs/four_arch_matched_compute_frontier_kernel_2026_08_15/spectral_summary.csv
MC-EGNN,matched-compute-LOW,LOW,256,width=96/step=100000,,270.078646654539,3.4593433178362844e-08,765,3.4028969376905387,0.0,True,,,,,7,15,33,50,61,180,274,416,,,upstream-analysis/analysis_outputs/four_arch_matched_compute_frontier_kernel_2026_08_15/spectral_summary.csv
MC-EGNN,matched-compute-MID,MID,256,width=96/step=450000,,266.53249443575453,5.0020321817049735e-08,765,3.105179304276379,0.0,True,,,,,9,19,37,69,7,62,136,264,,,upstream-analysis/analysis_outputs/four_arch_matched_compute_frontier_kernel_2026_08_15/spectral_summary.csv
MC-EGNN,matched-compute-HIGH,HIGH,256,width=320/step=250000,,142.12315558070435,1.9562336537493903e-08,765,5.897274294345835,0.0,True,,,,,11,22,28,66,14,101,199,323,,,upstream-analysis/analysis_outputs/four_arch_matched_compute_frontier_kernel_2026_08_15/spectral_summary.csv
GemNet-OC,matched-compute-LOW,LOW,256,width=48/step=200000,,3.6655957485117776,1.3988435180130062e-09,766,72.67125897889163,0.0,True,,,,,1,2,2,2,58,152,260,352,,,upstream-analysis/analysis_outputs/four_arch_matched_compute_frontier_kernel_2026_08_15/spectral_summary.csv
GemNet-OC,matched-compute-MID,MID,256,width=64/step=500000,,3.0278283786794646,2.158230349659255e-09,766,78.2640391177929,0.0,True,,,,,2,2,2,2,31,122,213,290,,,upstream-analysis/analysis_outputs/four_arch_matched_compute_frontier_kernel_2026_08_15/spectral_summary.csv
GemNet-OC,matched-compute-HIGH,HIGH,256,width=144/step=500000,,1.4781380253754748,2.5024630917054086e-09,766,102.13663728512587,0.0,True,,,,,2,2,2,3,26,99,197,288,,,upstream-analysis/analysis_outputs/four_arch_matched_compute_frontier_kernel_2026_08_15/spectral_summary.csv
eSEN,matched-compute-LOW,LOW,256,width=10/step=50000,,4.497645691113142,0.0003083912618535048,768,37.18972566743428,0.0,True,,,,,8,8,13,26,18,98,175,275,,,upstream-analysis/analysis_outputs/four_arch_matched_compute_frontier_kernel_2026_08_15/spectral_summary.csv
eSEN,matched-compute-MID,MID,256,width=16/step=150000,,2.311035509452557,0.0001390691586256175,768,34.79900358676783,0.0,True,,,,,6,8,18,28,48,98,168,247,,,upstream-analysis/analysis_outputs/four_arch_matched_compute_frontier_kernel_2026_08_15/spectral_summary.csv
eSEN,matched-compute-HIGH,HIGH,256,width=40/step=275000,,1.51872172337998,6.582959286305166e-05,768,28.21505956822061,0.0,True,,,,,8,18,24,31,40,80,128,176,,,upstream-analysis/analysis_outputs/four_arch_matched_compute_frontier_kernel_2026_08_15/spectral_summary.csv
MPNN,step=0,,256,,,,,,,,,,,,,,,,,,,,,0.002876513747841872,,upstream-analysis/analysis_outputs/bordelon_feature_learning_kernel_audit_2026_08_17/task_directed_alignment.csv
MPNN,step=50000,,256,,,,,,,,,,,,,,,,,,,,,0.05052170117232396,,upstream-analysis/analysis_outputs/bordelon_feature_learning_kernel_audit_2026_08_17/task_directed_alignment.csv
MPNN,step=100000,,256,,,,,,,,,,,,,,,,,,,,,0.03034201666743368,,upstream-analysis/analysis_outputs/bordelon_feature_learning_kernel_audit_2026_08_17/task_directed_alignment.csv
MPNN,step=250000,,256,,,,,,,,,,,,,,,,,,,,,0.03260016362752633,,upstream-analysis/analysis_outputs/bordelon_feature_learning_kernel_audit_2026_08_17/task_directed_alignment.csv
MPNN,step=300000,,256,,,,,,,,,,,,,,,,,,,,,0.04132032322663948,,upstream-analysis/analysis_outputs/bordelon_feature_learning_kernel_audit_2026_08_17/task_directed_alignment.csv
MPNN,step=450000,,256,,,,,,,,,,,,,,,,,,,,,0.04450337017557768,,upstream-analysis/analysis_outputs/bordelon_feature_learning_kernel_audit_2026_08_17/task_directed_alignment.csv
MPNN,step=500000,,256,,,,,,,,,,,,,,,,,,,,,0.04622843463319274,,upstream-analysis/analysis_outputs/bordelon_feature_learning_kernel_audit_2026_08_17/task_directed_alignment.csv
MC-EGNN,step=0,,256,,,,,,,,,,,,,,,,,,,,,2.0322567768451408e-05,,upstream-analysis/analysis_outputs/bordelon_feature_learning_kernel_audit_2026_08_17/task_directed_alignment.csv
MC-EGNN,step=50000,,256,,,,,,,,,,,,,,,,,,,,,0.015769977509594788,,upstream-analysis/analysis_outputs/bordelon_feature_learning_kernel_audit_2026_08_17/task_directed_alignment.csv
MC-EGNN,step=100000,,256,,,,,,,,,,,,,,,,,,,,,0.016398891721293968,,upstream-analysis/analysis_outputs/bordelon_feature_learning_kernel_audit_2026_08_17/task_directed_alignment.csv
MC-EGNN,step=250000,,256,,,,,,,,,,,,,,,,,,,,,0.01197836569262644,,upstream-analysis/analysis_outputs/bordelon_feature_learning_kernel_audit_2026_08_17/task_directed_alignment.csv
MC-EGNN,step=300000,,256,,,,,,,,,,,,,,,,,,,,,0.013291757750120372,,upstream-analysis/analysis_outputs/bordelon_feature_learning_kernel_audit_2026_08_17/task_directed_alignment.csv
MC-EGNN,step=450000,,256,,,,,,,,,,,,,,,,,,,,,0.0008648350635607858,,upstream-analysis/analysis_outputs/bordelon_feature_learning_kernel_audit_2026_08_17/task_directed_alignment.csv
MC-EGNN,step=500000,,256,,,,,,,,,,,,,,,,,,,,,0.0007968912955569245,,upstream-analysis/analysis_outputs/bordelon_feature_learning_kernel_audit_2026_08_17/task_directed_alignment.csv
GemNet-OC,step=0,,256,,,,,,,,,,,,,,,,,,,,,0.006956220410046299,,upstream-analysis/analysis_outputs/bordelon_feature_learning_kernel_audit_2026_08_17/task_directed_alignment.csv
GemNet-OC,step=50000,,256,,,,,,,,,,,,,,,,,,,,,0.2308067690150666,,upstream-analysis/analysis_outputs/bordelon_feature_learning_kernel_audit_2026_08_17/task_directed_alignment.csv
GemNet-OC,step=100000,,256,,,,,,,,,,,,,,,,,,,,,0.24903237972046707,,upstream-analysis/analysis_outputs/bordelon_feature_learning_kernel_audit_2026_08_17/task_directed_alignment.csv
GemNet-OC,step=250000,,256,,,,,,,,,,,,,,,,,,,,,0.2651046125277111,,upstream-analysis/analysis_outputs/bordelon_feature_learning_kernel_audit_2026_08_17/task_directed_alignment.csv
GemNet-OC,step=300000,,256,,,,,,,,,,,,,,,,,,,,,0.26657058783171445,,upstream-analysis/analysis_outputs/bordelon_feature_learning_kernel_audit_2026_08_17/task_directed_alignment.csv
GemNet-OC,step=450000,,256,,,,,,,,,,,,,,,,,,,,,0.2693790268667012,,upstream-analysis/analysis_outputs/bordelon_feature_learning_kernel_audit_2026_08_17/task_directed_alignment.csv
GemNet-OC,step=500000,,256,,,,,,,,,,,,,,,,,,,,,0.26987724945885105,,upstream-analysis/analysis_outputs/bordelon_feature_learning_kernel_audit_2026_08_17/task_directed_alignment.csv
eSEN,step=0,,256,,,,,,,,,,,,,,,,,,,,,0.0030632505654074496,,upstream-analysis/analysis_outputs/bordelon_feature_learning_kernel_audit_2026_08_17/task_directed_alignment.csv
eSEN,step=50000,,256,,,,,,,,,,,,,,,,,,,,,0.08796181998718626,,upstream-analysis/analysis_outputs/bordelon_feature_learning_kernel_audit_2026_08_17/task_directed_alignment.csv
eSEN,step=100000,,256,,,,,,,,,,,,,,,,,,,,,0.09792372916215049,,upstream-analysis/analysis_outputs/bordelon_feature_learning_kernel_audit_2026_08_17/task_directed_alignment.csv
eSEN,step=250000,,256,,,,,,,,,,,,,,,,,,,,,0.12125253984306067,,upstream-analysis/analysis_outputs/bordelon_feature_learning_kernel_audit_2026_08_17/task_directed_alignment.csv
eSEN,step=300000,,256,,,,,,,,,,,,,,,,,,,,,0.12615621010931577,,upstream-analysis/analysis_outputs/bordelon_feature_learning_kernel_audit_2026_08_17/task_directed_alignment.csv
eSEN,step=450000,,256,,,,,,,,,,,,,,,,,,,,,0.13755928956546612,,upstream-analysis/analysis_outputs/bordelon_feature_learning_kernel_audit_2026_08_17/task_directed_alignment.csv
eSEN,step=500000,,256,,,,,,,,,,,,,,,,,,,,,0.14077543455278227,,upstream-analysis/analysis_outputs/bordelon_feature_learning_kernel_audit_2026_08_17/task_directed_alignment.csv
esen,large-m-K500k-step500000,,1024,esen_large_sphere64,699.7049627136346,,1.444897309812915e-06,,,0.0,True,,,,,,,,,,,,,,0.17627967411119597,upstream-analysis/analysis_outputs/large_m_convergence_2026_08_19/esen_large_sphere64_large_m_result.json
gemnet_oc,large-m-K500k-step500000,,1024,gemnet_oc_large_width256,1579.123850877514,,1.5776515661218224e-12,,,0.0,True,,,,,,,,,,,,,,0.3213009426014233,upstream-analysis/analysis_outputs/large_m_convergence_2026_08_19/gemnet_oc_large_width256_large_m_result.json
