metric,architecture,architecture_label,fit_domain,truncation_frac,n_widths,n_frontier_owners_total,gamma_event_point_ols,gamma_nls_rawloss,gamma,logA,r2,rmse_log,C_min,C_max,decades,n_grid_used,n_frontier_owners_in_range,source_file
force_mse_norm,mpnn,MPNN,native_observed,1.0,17,59,0.2544052813836517,0.24363032540687768,0.25225556999999593,5.434569668727121,0.9926247949509948,0.057421069213912185,135037120448585.05,1.224318700299612e+18,3.9574413145563776,256,59,dev-equivariant-scaling-laws/analysis_outputs/four_arch_force_scaling_repaired_2026_08_14/four_arch_force_scaling_fits.csv
force_mse_norm,egnn,MC-EGNN,native_observed,1.0,5,23,0.25079563358125095,0.3494638281481146,0.2867985912657207,5.940072038026476,0.9412408596680494,0.11443477836388978,7700118100371672.0,1.903968144683415e+18,2.393162291717953,256,23,dev-equivariant-scaling-laws/analysis_outputs/four_arch_force_scaling_repaired_2026_08_14/four_arch_force_scaling_fits.csv
force_mse_norm,gemnet_oc,GemNet-OC,native_observed,1.0,14,48,0.3341274121854721,0.39479171396614077,0.3476932103854382,7.396303477030855,0.981445887367982,0.08819683308225934,2862760908790029.0,1.6652793429150208e+18,2.7647020165863965,256,48,dev-equivariant-scaling-laws/analysis_outputs/four_arch_force_scaling_repaired_2026_08_14/four_arch_force_scaling_fits.csv
force_mse_norm,esen,eSEN (lmax=4),native_observed,1.0,11,65,0.5911192236921419,0.77230362584508,0.6558379656918272,19.59869626675216,0.9778275825166981,0.14564034192202385,8490496806204098.0,1.3769318951732844e+18,2.209979357072436,256,65,dev-equivariant-scaling-laws/analysis_outputs/four_arch_force_scaling_repaired_2026_08_14/four_arch_force_scaling_fits.csv
force_mse_norm,mpnn,MPNN,common,0.5,17,59,0.2612347109095418,0.27499616339276095,0.2671607445980878,5.953783394707359,0.9828782196298036,0.0253999970150449,8490496806204098.0,1.0195623578119098e+17,1.0794806900132874,256,22,dev-equivariant-scaling-laws/analysis_outputs/four_arch_force_scaling_repaired_2026_08_14/four_arch_force_scaling_fits.csv
force_mse_norm,egnn,MC-EGNN,common,0.5,5,23,0.3210420201300971,0.48990920311853425,0.4437024256154439,11.869097891330656,0.9136935099657392,0.09823125110001805,8490496806204098.0,1.0195623578119098e+17,1.0794806900132874,256,8,dev-equivariant-scaling-laws/analysis_outputs/four_arch_force_scaling_repaired_2026_08_14/four_arch_force_scaling_fits.csv
force_mse_norm,gemnet_oc,GemNet-OC,common,0.5,14,48,0.4226336558941846,0.4065168386982126,0.4120138457675911,9.78224154771839,0.9910959300270892,0.02813096702693053,8490496806204098.0,1.0195623578119098e+17,1.0794806900132874,256,21,dev-equivariant-scaling-laws/analysis_outputs/four_arch_force_scaling_repaired_2026_08_14/four_arch_force_scaling_fits.csv
force_mse_norm,esen,eSEN (lmax=4),common,0.5,11,65,0.7221479291050932,0.7964973650447214,0.8305417367324708,26.22476764699709,0.9642594738640642,0.11518114467986802,8490496806204098.0,1.0195623578119098e+17,1.0794806900132874,256,22,dev-equivariant-scaling-laws/analysis_outputs/four_arch_force_scaling_repaired_2026_08_14/four_arch_force_scaling_fits.csv
force_mse_norm,mpnn,MPNN,common,0.75,17,59,0.25199441182245597,0.2617003388849086,0.2541092504978063,5.46245531331719,0.9921828944512137,0.024371107743526035,8490496806204098.0,3.533085423239417e+17,1.619221035019931,256,33,dev-equivariant-scaling-laws/analysis_outputs/four_arch_force_scaling_repaired_2026_08_14/four_arch_force_scaling_fits.csv
force_mse_norm,egnn,MC-EGNN,common,0.75,5,23,0.24865261997078922,0.40106238980043596,0.3331974391988207,7.703378433945081,0.906282635457849,0.11577306558733069,8490496806204098.0,3.533085423239417e+17,1.619221035019931,256,12,dev-equivariant-scaling-laws/analysis_outputs/four_arch_force_scaling_repaired_2026_08_14/four_arch_force_scaling_fits.csv
force_mse_norm,gemnet_oc,GemNet-OC,common,0.75,14,48,0.36314472875153037,0.3826955584529768,0.36786303124637293,8.117659950116442,0.9891404333932005,0.04164770633867782,8490496806204098.0,3.533085423239417e+17,1.619221035019931,256,35,dev-equivariant-scaling-laws/analysis_outputs/four_arch_force_scaling_repaired_2026_08_14/four_arch_force_scaling_fits.csv
force_mse_norm,esen,eSEN (lmax=4),common,0.75,11,65,0.6701052981175792,0.7839346051447387,0.7422851295373155,22.897646263799025,0.9798970611300002,0.11487829543210144,8490496806204098.0,3.533085423239417e+17,1.619221035019931,256,41,dev-equivariant-scaling-laws/analysis_outputs/four_arch_force_scaling_repaired_2026_08_14/four_arch_force_scaling_fits.csv
force_mse_norm,mpnn,MPNN,common,1.0,17,59,0.23048040219618474,0.24298319729598805,0.22741000478565793,4.443543628190455,0.982651188559991,0.04353225350970513,8490496806204098.0,1.224318700299612e+18,2.158961380026575,256,39,dev-equivariant-scaling-laws/analysis_outputs/four_arch_force_scaling_repaired_2026_08_14/four_arch_force_scaling_fits.csv
force_mse_norm,egnn,MC-EGNN,common,1.0,5,23,0.243759057589372,0.3602840332831991,0.2964355203490343,6.303869844187232,0.9355692288906832,0.11207412382995129,8490496806204098.0,1.224318700299612e+18,2.158961380026575,256,18,dev-equivariant-scaling-laws/analysis_outputs/four_arch_force_scaling_repaired_2026_08_14/four_arch_force_scaling_fits.csv
force_mse_norm,gemnet_oc,GemNet-OC,common,1.0,14,48,0.335387393585742,0.3626536666780548,0.3308448586774724,6.707134361853944,0.9835383461147574,0.06166402734405947,8490496806204098.0,1.224318700299612e+18,2.158961380026575,256,43,dev-equivariant-scaling-laws/analysis_outputs/four_arch_force_scaling_repaired_2026_08_14/four_arch_force_scaling_fits.csv
force_mse_norm,esen,eSEN (lmax=4),common,1.0,11,65,0.6011540213180138,0.7732246367067319,0.6631752523664726,19.880357409221883,0.9780940426312349,0.1429833718128954,8490496806204098.0,1.224318700299612e+18,2.158961380026575,256,62,dev-equivariant-scaling-laws/analysis_outputs/four_arch_force_scaling_repaired_2026_08_14/four_arch_force_scaling_fits.csv
canonical_f_loss,mpnn,MPNN,native_observed,1.0,17,76,0.1414692305941885,0.14048120919512846,0.14098666632541101,2.6136516709790065,0.9966939466694003,0.021443125100777456,135037120448585.05,1.224318700299612e+18,3.9574413145563776,256,76,dev-equivariant-scaling-laws/analysis_outputs/four_arch_force_scaling_repaired_2026_08_14/four_arch_force_scaling_fits.csv
canonical_f_loss,egnn,MC-EGNN,native_observed,1.0,5,24,0.1632268436030047,0.191340324659512,0.17832307943214562,3.515579332212343,0.9719735781418442,0.04835683201487128,7700118100371672.0,1.903968144683415e+18,2.393162291717953,256,24,dev-equivariant-scaling-laws/analysis_outputs/four_arch_force_scaling_repaired_2026_08_14/four_arch_force_scaling_fits.csv
canonical_f_loss,gemnet_oc,GemNet-OC,native_observed,1.0,14,54,0.2226798286028337,0.2428651419909293,0.2298956960499093,4.812646176089987,0.990857047500186,0.04074163349583173,2862760908790029.0,1.6652793429150208e+18,2.7647020165863965,256,54,dev-equivariant-scaling-laws/analysis_outputs/four_arch_force_scaling_repaired_2026_08_14/four_arch_force_scaling_fits.csv
canonical_f_loss,esen,eSEN (lmax=4),native_observed,1.0,11,66,0.40634641568095503,0.4574739054830444,0.4327934834776558,12.732237361253668,0.990578365617697,0.062245673634269985,8490496806204098.0,1.3769318951732844e+18,2.209979357072436,256,66,dev-equivariant-scaling-laws/analysis_outputs/four_arch_force_scaling_repaired_2026_08_14/four_arch_force_scaling_fits.csv
canonical_f_loss,mpnn,MPNN,common,0.5,17,76,0.14051899727233083,0.14580435190886895,0.1450080513913632,2.7540232982344426,0.9946136247840649,0.007686871678270796,8490496806204098.0,1.0195623578119098e+17,1.0794806900132874,256,28,dev-equivariant-scaling-laws/analysis_outputs/four_arch_force_scaling_repaired_2026_08_14/four_arch_force_scaling_fits.csv
canonical_f_loss,egnn,MC-EGNN,common,0.5,5,24,0.18518942209547282,0.24608054780592284,0.2391848440958732,5.820914011811775,0.9529308095762932,0.03829197373599719,8490496806204098.0,1.0195623578119098e+17,1.0794806900132874,256,8,dev-equivariant-scaling-laws/analysis_outputs/four_arch_force_scaling_repaired_2026_08_14/four_arch_force_scaling_fits.csv
canonical_f_loss,gemnet_oc,GemNet-OC,common,0.5,14,54,0.2583128368619376,0.2575320613000683,0.25672509316056624,5.807709322316127,0.9924815159602726,0.016095655298802632,8490496806204098.0,1.0195623578119098e+17,1.0794806900132874,256,23,dev-equivariant-scaling-laws/analysis_outputs/four_arch_force_scaling_repaired_2026_08_14/four_arch_force_scaling_fits.csv
canonical_f_loss,esen,eSEN (lmax=4),common,0.5,11,66,0.4420885372826907,0.4698739465056929,0.481826017292655,14.597902671703638,0.9700403438864134,0.06099583426579239,8490496806204098.0,1.0195623578119098e+17,1.0794806900132874,256,19,dev-equivariant-scaling-laws/analysis_outputs/four_arch_force_scaling_repaired_2026_08_14/four_arch_force_scaling_fits.csv
canonical_f_loss,mpnn,MPNN,common,0.75,17,76,0.14290304819856844,0.14415012392868962,0.14360023696512011,2.701135182859193,0.9974522810381374,0.007841741584272153,8490496806204098.0,3.533085423239417e+17,1.619221035019931,256,40,dev-equivariant-scaling-laws/analysis_outputs/four_arch_force_scaling_repaired_2026_08_14/four_arch_force_scaling_fits.csv
canonical_f_loss,egnn,MC-EGNN,common,0.75,5,24,0.1817984795626129,0.21645296690328533,0.20521380202198902,4.539718041967643,0.9658354060690431,0.04170333737645562,8490496806204098.0,3.533085423239417e+17,1.619221035019931,256,13,dev-equivariant-scaling-laws/analysis_outputs/four_arch_force_scaling_repaired_2026_08_14/four_arch_force_scaling_fits.csv
canonical_f_loss,gemnet_oc,GemNet-OC,common,0.75,14,54,0.23641543453357572,0.2437803535364838,0.23876744859404797,5.130375774151902,0.9945207463975304,0.019149461695259253,8490496806204098.0,3.533085423239417e+17,1.619221035019931,256,40,dev-equivariant-scaling-laws/analysis_outputs/four_arch_force_scaling_repaired_2026_08_14/four_arch_force_scaling_fits.csv
canonical_f_loss,esen,eSEN (lmax=4),common,0.75,11,66,0.43756490539335496,0.4683372514948333,0.466420247351303,14.016093559504263,0.989219178951537,0.05261198937938161,8490496806204098.0,3.533085423239417e+17,1.619221035019931,256,38,dev-equivariant-scaling-laws/analysis_outputs/four_arch_force_scaling_repaired_2026_08_14/four_arch_force_scaling_fits.csv
canonical_f_loss,mpnn,MPNN,common,1.0,17,76,0.1346966155722178,0.13652676885307213,0.13365466120949462,2.321560164323759,0.9918011242586053,0.017507146836019012,8490496806204098.0,1.224318700299612e+18,2.158961380026575,256,47,dev-equivariant-scaling-laws/analysis_outputs/four_arch_force_scaling_repaired_2026_08_14/four_arch_force_scaling_fits.csv
canonical_f_loss,egnn,MC-EGNN,common,1.0,5,24,0.16468772992849526,0.1968633867205265,0.1838766139692357,3.7273997559459957,0.9697404828294436,0.04679464344655991,8490496806204098.0,1.224318700299612e+18,2.158961380026575,256,19,dev-equivariant-scaling-laws/analysis_outputs/four_arch_force_scaling_repaired_2026_08_14/four_arch_force_scaling_fits.csv
canonical_f_loss,gemnet_oc,GemNet-OC,common,1.0,14,54,0.22360217768847238,0.23278349354010433,0.22311305543930907,4.533800057764853,0.992355039832143,0.028212753096227134,8490496806204098.0,1.224318700299612e+18,2.158961380026575,256,49,dev-equivariant-scaling-laws/analysis_outputs/four_arch_force_scaling_repaired_2026_08_14/four_arch_force_scaling_fits.csv
canonical_f_loss,esen,eSEN (lmax=4),common,1.0,11,66,0.4104551440768831,0.4587512063603163,0.4357501296953749,12.845651925812641,0.9905755431935138,0.06123338941705385,8490496806204098.0,1.224318700299612e+18,2.158961380026575,256,63,dev-equivariant-scaling-laws/analysis_outputs/four_arch_force_scaling_repaired_2026_08_14/four_arch_force_scaling_fits.csv
wandb_f_loss_val,mpnn,MPNN,native_observed,1.0,17,77,0.13887872434530746,0.1408380083491756,0.13982296249689893,2.4686397655395056,0.9971218863908015,0.01983783899967022,135037123564950.73,1.2243187087785516e+18,3.9574413075414756,256,77,dev-equivariant-scaling-laws/analysis_outputs/four_arch_force_scaling_repaired_2026_08_14/four_arch_force_scaling_fits.csv
wandb_f_loss_val,egnn,MC-EGNN,native_observed,1.0,5,26,0.1458592641776863,0.1703182347224169,0.1561600859513513,2.5736704577233307,0.9692203149688886,0.05332741885401561,7700118100371672.0,5.730484626308121e+18,2.871693965541516,256,26,dev-equivariant-scaling-laws/analysis_outputs/four_arch_force_scaling_repaired_2026_08_14/four_arch_force_scaling_fits.csv
wandb_f_loss_val,gemnet_oc,GemNet-OC,native_observed,1.0,14,49,0.24136696926395482,0.2599658323553123,0.24776906500763748,5.4069923985092645,0.9908389204929596,0.043953022541263924,2862760974856381.5,1.6652793813555057e+18,2.7647020165888545,256,49,dev-equivariant-scaling-laws/analysis_outputs/four_arch_force_scaling_repaired_2026_08_14/four_arch_force_scaling_fits.csv
wandb_f_loss_val,esen,eSEN (lmax=4),native_observed,1.0,11,65,0.41531555482151694,0.4579402654550097,0.4397412740282467,12.765690915853385,0.9922267826108675,0.057398681287397675,8490497198126212.0,1.37693189820057e+18,2.2099793379801915,256,65,dev-equivariant-scaling-laws/analysis_outputs/four_arch_force_scaling_repaired_2026_08_14/four_arch_force_scaling_fits.csv
wandb_f_loss_val,mpnn,MPNN,common,0.5,17,77,0.13982007940603816,0.14184332904385094,0.14129830704696925,2.511768211143933,0.9957722111055868,0.00663208396232175,8490497198126212.0,1.0195623848739122e+17,1.07948068149359,256,31,dev-equivariant-scaling-laws/analysis_outputs/four_arch_force_scaling_repaired_2026_08_14/four_arch_force_scaling_fits.csv
wandb_f_loss_val,egnn,MC-EGNN,common,0.5,5,26,0.1829226017197477,0.23466310081323372,0.22885612935818841,5.3382096446332055,0.9552026918259635,0.03570073443693538,8490497198126212.0,1.0195623848739122e+17,1.07948068149359,256,8,dev-equivariant-scaling-laws/analysis_outputs/four_arch_force_scaling_repaired_2026_08_14/four_arch_force_scaling_fits.csv
wandb_f_loss_val,gemnet_oc,GemNet-OC,common,0.5,14,49,0.2978100301932015,0.2916959093949706,0.29261091322074934,7.086835178663677,0.9921326406557566,0.01876966648745618,8490497198126212.0,1.0195623848739122e+17,1.07948068149359,256,19,dev-equivariant-scaling-laws/analysis_outputs/four_arch_force_scaling_repaired_2026_08_14/four_arch_force_scaling_fits.csv
wandb_f_loss_val,esen,eSEN (lmax=4),common,0.5,11,65,0.43319953718353593,0.46380281064343765,0.47554467025792907,14.130511982554962,0.9698391758539415,0.060408697385789516,8490497198126212.0,1.0195623848739122e+17,1.07948068149359,256,19,dev-equivariant-scaling-laws/analysis_outputs/four_arch_force_scaling_repaired_2026_08_14/four_arch_force_scaling_fits.csv
wandb_f_loss_val,mpnn,MPNN,common,0.75,17,77,0.14088817655355132,0.14062544273900246,0.14022963470801833,2.471664156381816,0.9978338024920317,0.007059718648348532,8490497198126212.0,3.533085482362419e+17,1.619221022240385,256,43,dev-equivariant-scaling-laws/analysis_outputs/four_arch_force_scaling_repaired_2026_08_14/four_arch_force_scaling_fits.csv
wandb_f_loss_val,egnn,MC-EGNN,common,0.75,5,26,0.17445799941528178,0.20730619683998577,0.19735510537764364,4.149986287963791,0.9680693097155709,0.03872816892829149,8490497198126212.0,3.533085482362419e+17,1.619221022240385,256,13,dev-equivariant-scaling-laws/analysis_outputs/four_arch_force_scaling_repaired_2026_08_14/four_arch_force_scaling_fits.csv
wandb_f_loss_val,gemnet_oc,GemNet-OC,common,0.75,14,49,0.25961245999075094,0.2712646209778723,0.26320991776394737,5.978412518446608,0.9915047449386726,0.02632514264344568,8490497198126212.0,3.533085482362419e+17,1.619221022240385,256,34,dev-equivariant-scaling-laws/analysis_outputs/four_arch_force_scaling_repaired_2026_08_14/four_arch_force_scaling_fits.csv
wandb_f_loss_val,esen,eSEN (lmax=4),common,0.75,11,65,0.4425119958642695,0.4660757036499754,0.4684827776731087,13.863278254520544,0.9898891284380714,0.051159032215211016,8490497198126212.0,3.533085482362419e+17,1.619221022240385,256,38,dev-equivariant-scaling-laws/analysis_outputs/four_arch_force_scaling_repaired_2026_08_14/four_arch_force_scaling_fits.csv
wandb_f_loss_val,mpnn,MPNN,common,1.0,17,77,0.13369648668831624,0.1336048969313631,0.13107755139607113,2.1223129242328205,0.9926555163639683,0.016243367899078598,8490497198126212.0,1.2243187087785516e+18,2.15896136298718,256,50,dev-equivariant-scaling-laws/analysis_outputs/four_arch_force_scaling_repaired_2026_08_14/four_arch_force_scaling_fits.csv
wandb_f_loss_val,egnn,MC-EGNN,common,1.0,5,26,0.15562021464988376,0.18680860221388196,0.17449018315194514,3.2794476450363197,0.9678553772577282,0.04581274755677927,8490497198126212.0,1.2243187087785516e+18,2.15896136298718,256,19,dev-equivariant-scaling-laws/analysis_outputs/four_arch_force_scaling_repaired_2026_08_14/four_arch_force_scaling_fits.csv
wandb_f_loss_val,gemnet_oc,GemNet-OC,common,1.0,14,49,0.2434810618701402,0.2573091064757992,0.24351784212089125,5.228278457037931,0.9897715825371391,0.03566431822555296,8490497198126212.0,1.2243187087785516e+18,2.15896136298718,256,44,dev-equivariant-scaling-laws/analysis_outputs/four_arch_force_scaling_repaired_2026_08_14/four_arch_force_scaling_fits.csv
wandb_f_loss_val,esen,eSEN (lmax=4),common,1.0,11,65,0.4193021283337689,0.4590571895475762,0.44243695253508897,12.86907246358475,0.992198034620263,0.05652240438247989,8490497198126212.0,1.2243187087785516e+18,2.15896136298718,256,62,dev-equivariant-scaling-laws/analysis_outputs/four_arch_force_scaling_repaired_2026_08_14/four_arch_force_scaling_fits.csv
