architecture,checkpoint_state,budget_tier,m,n_train,ridge_setting,ridge_value,target,test_nmse_median,test_nmse_mean,split_count,source_file
MC-EGNN,matched-compute-HIGH,HIGH,1024,32,rho_0.0001,0.0001,common,0.5233330227043961,0.5129764820756144,20,analysis_outputs/matched_compute_large_m_krr_2026_08_22/krr_learning_curves_m1024.csv
MC-EGNN,matched-compute-HIGH,HIGH,1024,32,rho_0.01,0.01,common,0.536207767716752,0.5345317399833128,20,analysis_outputs/matched_compute_large_m_krr_2026_08_22/krr_learning_curves_m1024.csv
MC-EGNN,matched-compute-HIGH,HIGH,1024,32,rho_0.1,0.1,common,0.6323281773979996,0.6228148423370621,20,analysis_outputs/matched_compute_large_m_krr_2026_08_22/krr_learning_curves_m1024.csv
MC-EGNN,matched-compute-HIGH,HIGH,1024,32,rho_1e-06,1e-06,common,0.5233451868655496,0.512310828831416,20,analysis_outputs/matched_compute_large_m_krr_2026_08_22/krr_learning_curves_m1024.csv
MC-EGNN,matched-compute-HIGH,HIGH,1024,32,rho_1e-08,1e-08,common,0.5235609749596968,0.5122395123131657,20,analysis_outputs/matched_compute_large_m_krr_2026_08_22/krr_learning_curves_m1024.csv
MC-EGNN,matched-compute-HIGH,HIGH,1024,32,ridgeless,0.0,common,0.5236992148332662,0.5122896731540716,20,analysis_outputs/matched_compute_large_m_krr_2026_08_22/krr_learning_curves_m1024.csv
MC-EGNN,matched-compute-HIGH,HIGH,1024,64,rho_0.0001,0.0001,common,0.301811845462514,0.33483021984316585,20,analysis_outputs/matched_compute_large_m_krr_2026_08_22/krr_learning_curves_m1024.csv
MC-EGNN,matched-compute-HIGH,HIGH,1024,64,rho_0.01,0.01,common,0.31783541937285253,0.3564119108627255,20,analysis_outputs/matched_compute_large_m_krr_2026_08_22/krr_learning_curves_m1024.csv
MC-EGNN,matched-compute-HIGH,HIGH,1024,64,rho_0.1,0.1,common,0.4057989905342148,0.44214324650153164,20,analysis_outputs/matched_compute_large_m_krr_2026_08_22/krr_learning_curves_m1024.csv
MC-EGNN,matched-compute-HIGH,HIGH,1024,64,rho_1e-06,1e-06,common,0.3010206962055918,0.3345795544107114,20,analysis_outputs/matched_compute_large_m_krr_2026_08_22/krr_learning_curves_m1024.csv
MC-EGNN,matched-compute-HIGH,HIGH,1024,64,rho_1e-08,1e-08,common,0.30083303516976334,0.3343544737890443,20,analysis_outputs/matched_compute_large_m_krr_2026_08_22/krr_learning_curves_m1024.csv
MC-EGNN,matched-compute-HIGH,HIGH,1024,64,ridgeless,0.0,common,0.30083327239484525,0.3343425296214659,20,analysis_outputs/matched_compute_large_m_krr_2026_08_22/krr_learning_curves_m1024.csv
MC-EGNN,matched-compute-HIGH,HIGH,1024,128,rho_0.0001,0.0001,common,0.15895391234871664,0.20832599379653724,20,analysis_outputs/matched_compute_large_m_krr_2026_08_22/krr_learning_curves_m1024.csv
MC-EGNN,matched-compute-HIGH,HIGH,1024,128,rho_0.01,0.01,common,0.1718999107199844,0.22269292091666765,20,analysis_outputs/matched_compute_large_m_krr_2026_08_22/krr_learning_curves_m1024.csv
MC-EGNN,matched-compute-HIGH,HIGH,1024,128,rho_0.1,0.1,common,0.25245745664962294,0.2847525330939943,20,analysis_outputs/matched_compute_large_m_krr_2026_08_22/krr_learning_curves_m1024.csv
MC-EGNN,matched-compute-HIGH,HIGH,1024,128,rho_1e-06,1e-06,common,0.15917946108753356,0.20804809494828422,20,analysis_outputs/matched_compute_large_m_krr_2026_08_22/krr_learning_curves_m1024.csv
MC-EGNN,matched-compute-HIGH,HIGH,1024,128,rho_1e-08,1e-08,common,0.15900232649883456,0.20800385458590442,20,analysis_outputs/matched_compute_large_m_krr_2026_08_22/krr_learning_curves_m1024.csv
MC-EGNN,matched-compute-HIGH,HIGH,1024,128,ridgeless,0.0,common,0.158997017096733,0.20802720138707778,20,analysis_outputs/matched_compute_large_m_krr_2026_08_22/krr_learning_curves_m1024.csv
MC-EGNN,matched-compute-HIGH,HIGH,1024,256,rho_0.0001,0.0001,common,0.10985310473976329,0.11034636441141013,20,analysis_outputs/matched_compute_large_m_krr_2026_08_22/krr_learning_curves_m1024.csv
MC-EGNN,matched-compute-HIGH,HIGH,1024,256,rho_0.01,0.01,common,0.1094934782134076,0.12235685971864996,20,analysis_outputs/matched_compute_large_m_krr_2026_08_22/krr_learning_curves_m1024.csv
MC-EGNN,matched-compute-HIGH,HIGH,1024,256,rho_0.1,0.1,common,0.15916170994296416,0.16989893848133678,20,analysis_outputs/matched_compute_large_m_krr_2026_08_22/krr_learning_curves_m1024.csv
MC-EGNN,matched-compute-HIGH,HIGH,1024,256,rho_1e-06,1e-06,common,0.10970926390081714,0.11016625436625072,20,analysis_outputs/matched_compute_large_m_krr_2026_08_22/krr_learning_curves_m1024.csv
MC-EGNN,matched-compute-HIGH,HIGH,1024,256,rho_1e-08,1e-08,common,0.11025966312342178,0.11060694396925966,20,analysis_outputs/matched_compute_large_m_krr_2026_08_22/krr_learning_curves_m1024.csv
MC-EGNN,matched-compute-HIGH,HIGH,1024,256,ridgeless,0.0,common,0.11016534861962207,0.11022961589552856,20,analysis_outputs/matched_compute_large_m_krr_2026_08_22/krr_learning_curves_m1024.csv
MC-EGNN,matched-compute-HIGH,HIGH,1024,512,rho_0.0001,0.0001,common,0.041604818422311056,0.05659918583204472,20,analysis_outputs/matched_compute_large_m_krr_2026_08_22/krr_learning_curves_m1024.csv
MC-EGNN,matched-compute-HIGH,HIGH,1024,512,rho_0.01,0.01,common,0.04863315996107499,0.06043704836032997,20,analysis_outputs/matched_compute_large_m_krr_2026_08_22/krr_learning_curves_m1024.csv
MC-EGNN,matched-compute-HIGH,HIGH,1024,512,rho_0.1,0.1,common,0.0741814296951398,0.08554496094139305,20,analysis_outputs/matched_compute_large_m_krr_2026_08_22/krr_learning_curves_m1024.csv
MC-EGNN,matched-compute-HIGH,HIGH,1024,512,rho_1e-06,1e-06,common,0.04152002179560588,0.05683925186002714,20,analysis_outputs/matched_compute_large_m_krr_2026_08_22/krr_learning_curves_m1024.csv
MC-EGNN,matched-compute-HIGH,HIGH,1024,512,rho_1e-08,1e-08,common,0.041588431369190146,0.05718435353430655,20,analysis_outputs/matched_compute_large_m_krr_2026_08_22/krr_learning_curves_m1024.csv
MC-EGNN,matched-compute-HIGH,HIGH,1024,512,ridgeless,0.0,common,0.04155837423840378,0.056780096725921436,20,analysis_outputs/matched_compute_large_m_krr_2026_08_22/krr_learning_curves_m1024.csv
MC-EGNN,matched-compute-LOW,LOW,1024,32,rho_0.0001,0.0001,common,0.45801323129060967,0.41738997556859625,20,analysis_outputs/matched_compute_large_m_krr_2026_08_22/krr_learning_curves_m1024.csv
MC-EGNN,matched-compute-LOW,LOW,1024,32,rho_0.01,0.01,common,0.493605403599527,0.45145950419139264,20,analysis_outputs/matched_compute_large_m_krr_2026_08_22/krr_learning_curves_m1024.csv
MC-EGNN,matched-compute-LOW,LOW,1024,32,rho_0.1,0.1,common,0.5825388368328945,0.5499630976547684,20,analysis_outputs/matched_compute_large_m_krr_2026_08_22/krr_learning_curves_m1024.csv
MC-EGNN,matched-compute-LOW,LOW,1024,32,rho_1e-06,1e-06,common,0.4565939905332187,0.41642562336146094,20,analysis_outputs/matched_compute_large_m_krr_2026_08_22/krr_learning_curves_m1024.csv
MC-EGNN,matched-compute-LOW,LOW,1024,32,rho_1e-08,1e-08,common,0.45653598084034824,0.41602881171481,20,analysis_outputs/matched_compute_large_m_krr_2026_08_22/krr_learning_curves_m1024.csv
MC-EGNN,matched-compute-LOW,LOW,1024,32,ridgeless,0.0,common,0.4565353566896388,0.4162397587239055,20,analysis_outputs/matched_compute_large_m_krr_2026_08_22/krr_learning_curves_m1024.csv
MC-EGNN,matched-compute-LOW,LOW,1024,64,rho_0.0001,0.0001,common,0.22658193616470895,0.26069520043168704,20,analysis_outputs/matched_compute_large_m_krr_2026_08_22/krr_learning_curves_m1024.csv
MC-EGNN,matched-compute-LOW,LOW,1024,64,rho_0.01,0.01,common,0.2627917149629254,0.28519593384653774,20,analysis_outputs/matched_compute_large_m_krr_2026_08_22/krr_learning_curves_m1024.csv
MC-EGNN,matched-compute-LOW,LOW,1024,64,rho_0.1,0.1,common,0.35611301482228774,0.37210997897623665,20,analysis_outputs/matched_compute_large_m_krr_2026_08_22/krr_learning_curves_m1024.csv
MC-EGNN,matched-compute-LOW,LOW,1024,64,rho_1e-06,1e-06,common,0.2317031100342968,0.26042540699899497,20,analysis_outputs/matched_compute_large_m_krr_2026_08_22/krr_learning_curves_m1024.csv
MC-EGNN,matched-compute-LOW,LOW,1024,64,rho_1e-08,1e-08,common,0.23192451870211056,0.26017494124549667,20,analysis_outputs/matched_compute_large_m_krr_2026_08_22/krr_learning_curves_m1024.csv
MC-EGNN,matched-compute-LOW,LOW,1024,64,ridgeless,0.0,common,0.2319271250667774,0.2603267135101991,20,analysis_outputs/matched_compute_large_m_krr_2026_08_22/krr_learning_curves_m1024.csv
MC-EGNN,matched-compute-LOW,LOW,1024,128,rho_0.0001,0.0001,common,0.14825417953194464,0.1474314802408337,20,analysis_outputs/matched_compute_large_m_krr_2026_08_22/krr_learning_curves_m1024.csv
MC-EGNN,matched-compute-LOW,LOW,1024,128,rho_0.01,0.01,common,0.16822432026898304,0.16703845244787652,20,analysis_outputs/matched_compute_large_m_krr_2026_08_22/krr_learning_curves_m1024.csv
MC-EGNN,matched-compute-LOW,LOW,1024,128,rho_0.1,0.1,common,0.21968136479694356,0.22611366483062567,20,analysis_outputs/matched_compute_large_m_krr_2026_08_22/krr_learning_curves_m1024.csv
MC-EGNN,matched-compute-LOW,LOW,1024,128,rho_1e-06,1e-06,common,0.14780268608536412,0.1470068331727555,20,analysis_outputs/matched_compute_large_m_krr_2026_08_22/krr_learning_curves_m1024.csv
MC-EGNN,matched-compute-LOW,LOW,1024,128,rho_1e-08,1e-08,common,0.14734666103032437,0.14717258371898784,20,analysis_outputs/matched_compute_large_m_krr_2026_08_22/krr_learning_curves_m1024.csv
MC-EGNN,matched-compute-LOW,LOW,1024,128,ridgeless,0.0,common,0.14787746351551584,0.1471957654283456,20,analysis_outputs/matched_compute_large_m_krr_2026_08_22/krr_learning_curves_m1024.csv
MC-EGNN,matched-compute-LOW,LOW,1024,256,rho_0.0001,0.0001,common,0.07220939662067805,0.07951344661398553,20,analysis_outputs/matched_compute_large_m_krr_2026_08_22/krr_learning_curves_m1024.csv
MC-EGNN,matched-compute-LOW,LOW,1024,256,rho_0.01,0.01,common,0.07711071083545354,0.08759101652956647,20,analysis_outputs/matched_compute_large_m_krr_2026_08_22/krr_learning_curves_m1024.csv
MC-EGNN,matched-compute-LOW,LOW,1024,256,rho_0.1,0.1,common,0.10807288040181168,0.11841240789870393,20,analysis_outputs/matched_compute_large_m_krr_2026_08_22/krr_learning_curves_m1024.csv
MC-EGNN,matched-compute-LOW,LOW,1024,256,rho_1e-06,1e-06,common,0.07288914313900839,0.08013774781166881,20,analysis_outputs/matched_compute_large_m_krr_2026_08_22/krr_learning_curves_m1024.csv
MC-EGNN,matched-compute-LOW,LOW,1024,256,rho_1e-08,1e-08,common,0.0730618158167114,0.08017591372702022,20,analysis_outputs/matched_compute_large_m_krr_2026_08_22/krr_learning_curves_m1024.csv
MC-EGNN,matched-compute-LOW,LOW,1024,256,ridgeless,0.0,common,0.07312360353685307,0.08030990788964816,20,analysis_outputs/matched_compute_large_m_krr_2026_08_22/krr_learning_curves_m1024.csv
MC-EGNN,matched-compute-LOW,LOW,1024,512,rho_0.0001,0.0001,common,0.04701561920721492,0.05189709791110099,20,analysis_outputs/matched_compute_large_m_krr_2026_08_22/krr_learning_curves_m1024.csv
MC-EGNN,matched-compute-LOW,LOW,1024,512,rho_0.01,0.01,common,0.04566742424260653,0.051976657508856584,20,analysis_outputs/matched_compute_large_m_krr_2026_08_22/krr_learning_curves_m1024.csv
MC-EGNN,matched-compute-LOW,LOW,1024,512,rho_0.1,0.1,common,0.06026831719834172,0.06858105635890062,20,analysis_outputs/matched_compute_large_m_krr_2026_08_22/krr_learning_curves_m1024.csv
MC-EGNN,matched-compute-LOW,LOW,1024,512,rho_1e-06,1e-06,common,0.05089684120880285,0.05323856412695562,20,analysis_outputs/matched_compute_large_m_krr_2026_08_22/krr_learning_curves_m1024.csv
MC-EGNN,matched-compute-LOW,LOW,1024,512,rho_1e-08,1e-08,common,0.051288183210267305,0.05339293886742462,20,analysis_outputs/matched_compute_large_m_krr_2026_08_22/krr_learning_curves_m1024.csv
MC-EGNN,matched-compute-LOW,LOW,1024,512,ridgeless,0.0,common,0.051226745648792496,0.05327072360123971,20,analysis_outputs/matched_compute_large_m_krr_2026_08_22/krr_learning_curves_m1024.csv
MC-EGNN,matched-compute-MID,MID,1024,32,rho_0.0001,0.0001,common,0.4872919396372262,0.46413757202617417,20,analysis_outputs/matched_compute_large_m_krr_2026_08_22/krr_learning_curves_m1024.csv
MC-EGNN,matched-compute-MID,MID,1024,32,rho_0.01,0.01,common,0.5191623643662677,0.49820194476115265,20,analysis_outputs/matched_compute_large_m_krr_2026_08_22/krr_learning_curves_m1024.csv
MC-EGNN,matched-compute-MID,MID,1024,32,rho_0.1,0.1,common,0.6328055980161953,0.6141482500162758,20,analysis_outputs/matched_compute_large_m_krr_2026_08_22/krr_learning_curves_m1024.csv
MC-EGNN,matched-compute-MID,MID,1024,32,rho_1e-06,1e-06,common,0.49016095332904674,0.46426287835414415,20,analysis_outputs/matched_compute_large_m_krr_2026_08_22/krr_learning_curves_m1024.csv
MC-EGNN,matched-compute-MID,MID,1024,32,rho_1e-08,1e-08,common,0.48955332307394855,0.4643022712582893,20,analysis_outputs/matched_compute_large_m_krr_2026_08_22/krr_learning_curves_m1024.csv
MC-EGNN,matched-compute-MID,MID,1024,32,ridgeless,0.0,common,0.4904682926313335,0.46442549451212506,20,analysis_outputs/matched_compute_large_m_krr_2026_08_22/krr_learning_curves_m1024.csv
MC-EGNN,matched-compute-MID,MID,1024,64,rho_0.0001,0.0001,common,0.2701479283705289,0.29958500600990734,20,analysis_outputs/matched_compute_large_m_krr_2026_08_22/krr_learning_curves_m1024.csv
MC-EGNN,matched-compute-MID,MID,1024,64,rho_0.01,0.01,common,0.2887780505144028,0.329914308445153,20,analysis_outputs/matched_compute_large_m_krr_2026_08_22/krr_learning_curves_m1024.csv
MC-EGNN,matched-compute-MID,MID,1024,64,rho_0.1,0.1,common,0.414235754795987,0.4353700562756323,20,analysis_outputs/matched_compute_large_m_krr_2026_08_22/krr_learning_curves_m1024.csv
MC-EGNN,matched-compute-MID,MID,1024,64,rho_1e-06,1e-06,common,0.2821038839148788,0.3003950459458958,20,analysis_outputs/matched_compute_large_m_krr_2026_08_22/krr_learning_curves_m1024.csv
MC-EGNN,matched-compute-MID,MID,1024,64,rho_1e-08,1e-08,common,0.2832360657555206,0.3008247195743506,20,analysis_outputs/matched_compute_large_m_krr_2026_08_22/krr_learning_curves_m1024.csv
MC-EGNN,matched-compute-MID,MID,1024,64,ridgeless,0.0,common,0.283249454118151,0.30090496103473663,20,analysis_outputs/matched_compute_large_m_krr_2026_08_22/krr_learning_curves_m1024.csv
MC-EGNN,matched-compute-MID,MID,1024,128,rho_0.0001,0.0001,common,0.14493687274883366,0.15855810229937153,20,analysis_outputs/matched_compute_large_m_krr_2026_08_22/krr_learning_curves_m1024.csv
MC-EGNN,matched-compute-MID,MID,1024,128,rho_0.01,0.01,common,0.16441161556053757,0.18313640663583833,20,analysis_outputs/matched_compute_large_m_krr_2026_08_22/krr_learning_curves_m1024.csv
MC-EGNN,matched-compute-MID,MID,1024,128,rho_0.1,0.1,common,0.25198452426666634,0.2666383944702367,20,analysis_outputs/matched_compute_large_m_krr_2026_08_22/krr_learning_curves_m1024.csv
MC-EGNN,matched-compute-MID,MID,1024,128,rho_1e-06,1e-06,common,0.14570033008575012,0.15775749207958742,20,analysis_outputs/matched_compute_large_m_krr_2026_08_22/krr_learning_curves_m1024.csv
MC-EGNN,matched-compute-MID,MID,1024,128,rho_1e-08,1e-08,common,0.14606189466951575,0.15750559658005794,20,analysis_outputs/matched_compute_large_m_krr_2026_08_22/krr_learning_curves_m1024.csv
MC-EGNN,matched-compute-MID,MID,1024,128,ridgeless,0.0,common,0.14612865658674545,0.1573838266632897,20,analysis_outputs/matched_compute_large_m_krr_2026_08_22/krr_learning_curves_m1024.csv
MC-EGNN,matched-compute-MID,MID,1024,256,rho_0.0001,0.0001,common,0.07090777399043434,0.08019243748028981,20,analysis_outputs/matched_compute_large_m_krr_2026_08_22/krr_learning_curves_m1024.csv
MC-EGNN,matched-compute-MID,MID,1024,256,rho_0.01,0.01,common,0.08266555154112275,0.09363529853269313,20,analysis_outputs/matched_compute_large_m_krr_2026_08_22/krr_learning_curves_m1024.csv
MC-EGNN,matched-compute-MID,MID,1024,256,rho_0.1,0.1,common,0.13192171896394722,0.14428934447587602,20,analysis_outputs/matched_compute_large_m_krr_2026_08_22/krr_learning_curves_m1024.csv
MC-EGNN,matched-compute-MID,MID,1024,256,rho_1e-06,1e-06,common,0.07066372394997958,0.07925143167511205,20,analysis_outputs/matched_compute_large_m_krr_2026_08_22/krr_learning_curves_m1024.csv
MC-EGNN,matched-compute-MID,MID,1024,256,rho_1e-08,1e-08,common,0.07096602414272925,0.07944711373798974,20,analysis_outputs/matched_compute_large_m_krr_2026_08_22/krr_learning_curves_m1024.csv
MC-EGNN,matched-compute-MID,MID,1024,256,ridgeless,0.0,common,0.07122653432806597,0.07931867841146184,20,analysis_outputs/matched_compute_large_m_krr_2026_08_22/krr_learning_curves_m1024.csv
MC-EGNN,matched-compute-MID,MID,1024,512,rho_0.0001,0.0001,common,0.04103908950588564,0.04675027964092842,20,analysis_outputs/matched_compute_large_m_krr_2026_08_22/krr_learning_curves_m1024.csv
MC-EGNN,matched-compute-MID,MID,1024,512,rho_0.01,0.01,common,0.045412933776864256,0.05186024272502301,20,analysis_outputs/matched_compute_large_m_krr_2026_08_22/krr_learning_curves_m1024.csv
MC-EGNN,matched-compute-MID,MID,1024,512,rho_0.1,0.1,common,0.06714186140453192,0.07470840907893579,20,analysis_outputs/matched_compute_large_m_krr_2026_08_22/krr_learning_curves_m1024.csv
MC-EGNN,matched-compute-MID,MID,1024,512,rho_1e-06,1e-06,common,0.04126793141383402,0.04698423270820533,20,analysis_outputs/matched_compute_large_m_krr_2026_08_22/krr_learning_curves_m1024.csv
MC-EGNN,matched-compute-MID,MID,1024,512,rho_1e-08,1e-08,common,0.04169285069141543,0.047267854100084696,20,analysis_outputs/matched_compute_large_m_krr_2026_08_22/krr_learning_curves_m1024.csv
MC-EGNN,matched-compute-MID,MID,1024,512,ridgeless,0.0,common,0.04137749915753784,0.04707706461907319,20,analysis_outputs/matched_compute_large_m_krr_2026_08_22/krr_learning_curves_m1024.csv
eSEN,matched-compute-HIGH,HIGH,1024,32,rho_0.0001,0.0001,common,0.28985116340789163,0.27992836896869683,20,analysis_outputs/matched_compute_large_m_krr_2026_08_22/krr_learning_curves_m1024.csv
eSEN,matched-compute-HIGH,HIGH,1024,32,rho_0.01,0.01,common,0.3211061990509976,0.3137866300682922,20,analysis_outputs/matched_compute_large_m_krr_2026_08_22/krr_learning_curves_m1024.csv
eSEN,matched-compute-HIGH,HIGH,1024,32,rho_0.1,0.1,common,0.4560616813546483,0.4189846500260474,20,analysis_outputs/matched_compute_large_m_krr_2026_08_22/krr_learning_curves_m1024.csv
eSEN,matched-compute-HIGH,HIGH,1024,32,rho_1e-06,1e-06,common,0.288913422356525,0.2790984287459818,20,analysis_outputs/matched_compute_large_m_krr_2026_08_22/krr_learning_curves_m1024.csv
eSEN,matched-compute-HIGH,HIGH,1024,32,rho_1e-08,1e-08,common,0.2888948545625326,0.2790886218242808,20,analysis_outputs/matched_compute_large_m_krr_2026_08_22/krr_learning_curves_m1024.csv
eSEN,matched-compute-HIGH,HIGH,1024,32,ridgeless,0.0,common,0.2888946645304583,0.2790885224612456,20,analysis_outputs/matched_compute_large_m_krr_2026_08_22/krr_learning_curves_m1024.csv
eSEN,matched-compute-HIGH,HIGH,1024,64,rho_0.0001,0.0001,common,0.1201015328181542,0.1351398246260201,20,analysis_outputs/matched_compute_large_m_krr_2026_08_22/krr_learning_curves_m1024.csv
eSEN,matched-compute-HIGH,HIGH,1024,64,rho_0.01,0.01,common,0.14320130337448236,0.15422124103568274,20,analysis_outputs/matched_compute_large_m_krr_2026_08_22/krr_learning_curves_m1024.csv
eSEN,matched-compute-HIGH,HIGH,1024,64,rho_0.1,0.1,common,0.20917327641371686,0.2185405084285313,20,analysis_outputs/matched_compute_large_m_krr_2026_08_22/krr_learning_curves_m1024.csv
eSEN,matched-compute-HIGH,HIGH,1024,64,rho_1e-06,1e-06,common,0.11969909355395579,0.1346391315293878,20,analysis_outputs/matched_compute_large_m_krr_2026_08_22/krr_learning_curves_m1024.csv
eSEN,matched-compute-HIGH,HIGH,1024,64,rho_1e-08,1e-08,common,0.11969490861837875,0.13463143036342026,20,analysis_outputs/matched_compute_large_m_krr_2026_08_22/krr_learning_curves_m1024.csv
eSEN,matched-compute-HIGH,HIGH,1024,64,ridgeless,0.0,common,0.11969486632581158,0.1346313490412709,20,analysis_outputs/matched_compute_large_m_krr_2026_08_22/krr_learning_curves_m1024.csv
eSEN,matched-compute-HIGH,HIGH,1024,128,rho_0.0001,0.0001,common,0.05459557498053513,0.06352140037972198,20,analysis_outputs/matched_compute_large_m_krr_2026_08_22/krr_learning_curves_m1024.csv
eSEN,matched-compute-HIGH,HIGH,1024,128,rho_0.01,0.01,common,0.06246303010690382,0.07307530178089774,20,analysis_outputs/matched_compute_large_m_krr_2026_08_22/krr_learning_curves_m1024.csv
eSEN,matched-compute-HIGH,HIGH,1024,128,rho_0.1,0.1,common,0.09081184351258709,0.10263127366324953,20,analysis_outputs/matched_compute_large_m_krr_2026_08_22/krr_learning_curves_m1024.csv
eSEN,matched-compute-HIGH,HIGH,1024,128,rho_1e-06,1e-06,common,0.05422066348317797,0.06320969282299513,20,analysis_outputs/matched_compute_large_m_krr_2026_08_22/krr_learning_curves_m1024.csv
eSEN,matched-compute-HIGH,HIGH,1024,128,rho_1e-08,1e-08,common,0.05421208734040671,0.06320213499466033,20,analysis_outputs/matched_compute_large_m_krr_2026_08_22/krr_learning_curves_m1024.csv
eSEN,matched-compute-HIGH,HIGH,1024,128,ridgeless,0.0,common,0.05421199856541202,0.0632020505947809,20,analysis_outputs/matched_compute_large_m_krr_2026_08_22/krr_learning_curves_m1024.csv
eSEN,matched-compute-HIGH,HIGH,1024,256,rho_0.0001,0.0001,common,0.01256433119382428,0.024625123479774164,20,analysis_outputs/matched_compute_large_m_krr_2026_08_22/krr_learning_curves_m1024.csv
eSEN,matched-compute-HIGH,HIGH,1024,256,rho_0.01,0.01,common,0.01507295691217932,0.02920427492993339,20,analysis_outputs/matched_compute_large_m_krr_2026_08_22/krr_learning_curves_m1024.csv
eSEN,matched-compute-HIGH,HIGH,1024,256,rho_0.1,0.1,common,0.02383515805256245,0.039872222259676376,20,analysis_outputs/matched_compute_large_m_krr_2026_08_22/krr_learning_curves_m1024.csv
eSEN,matched-compute-HIGH,HIGH,1024,256,rho_1e-06,1e-06,common,0.012366919791099735,0.02437258263013818,20,analysis_outputs/matched_compute_large_m_krr_2026_08_22/krr_learning_curves_m1024.csv
eSEN,matched-compute-HIGH,HIGH,1024,256,rho_1e-08,1e-08,common,0.01235620733173313,0.02436350872218965,20,analysis_outputs/matched_compute_large_m_krr_2026_08_22/krr_learning_curves_m1024.csv
eSEN,matched-compute-HIGH,HIGH,1024,256,ridgeless,0.0,common,0.012356090063832682,0.02436340804472982,20,analysis_outputs/matched_compute_large_m_krr_2026_08_22/krr_learning_curves_m1024.csv
eSEN,matched-compute-HIGH,HIGH,1024,512,rho_0.0001,0.0001,common,0.004943528921831681,0.006488043653021773,20,analysis_outputs/matched_compute_large_m_krr_2026_08_22/krr_learning_curves_m1024.csv
eSEN,matched-compute-HIGH,HIGH,1024,512,rho_0.01,0.01,common,0.005370315789833678,0.007883817154221016,20,analysis_outputs/matched_compute_large_m_krr_2026_08_22/krr_learning_curves_m1024.csv
eSEN,matched-compute-HIGH,HIGH,1024,512,rho_0.1,0.1,common,0.008686033785557223,0.011642971270944793,20,analysis_outputs/matched_compute_large_m_krr_2026_08_22/krr_learning_curves_m1024.csv
eSEN,matched-compute-HIGH,HIGH,1024,512,rho_1e-06,1e-06,common,0.004974053787244549,0.006431550156013025,20,analysis_outputs/matched_compute_large_m_krr_2026_08_22/krr_learning_curves_m1024.csv
eSEN,matched-compute-HIGH,HIGH,1024,512,rho_1e-08,1e-08,common,0.004974073057505312,0.006430122838392595,20,analysis_outputs/matched_compute_large_m_krr_2026_08_22/krr_learning_curves_m1024.csv
eSEN,matched-compute-HIGH,HIGH,1024,512,ridgeless,0.0,common,0.004974070310501906,0.006430105113481811,20,analysis_outputs/matched_compute_large_m_krr_2026_08_22/krr_learning_curves_m1024.csv
eSEN,matched-compute-LOW,LOW,1024,32,rho_0.0001,0.0001,common,0.18530989099621364,0.18178510232192852,20,analysis_outputs/matched_compute_large_m_krr_2026_08_22/krr_learning_curves_m1024.csv
eSEN,matched-compute-LOW,LOW,1024,32,rho_0.01,0.01,common,0.210412123480263,0.19864091588238575,20,analysis_outputs/matched_compute_large_m_krr_2026_08_22/krr_learning_curves_m1024.csv
eSEN,matched-compute-LOW,LOW,1024,32,rho_0.1,0.1,common,0.28311986190150484,0.257965610550866,20,analysis_outputs/matched_compute_large_m_krr_2026_08_22/krr_learning_curves_m1024.csv
eSEN,matched-compute-LOW,LOW,1024,32,rho_1e-06,1e-06,common,0.18485075351428654,0.18145965395010313,20,analysis_outputs/matched_compute_large_m_krr_2026_08_22/krr_learning_curves_m1024.csv
eSEN,matched-compute-LOW,LOW,1024,32,rho_1e-08,1e-08,common,0.1848453321217486,0.18145616138394524,20,analysis_outputs/matched_compute_large_m_krr_2026_08_22/krr_learning_curves_m1024.csv
eSEN,matched-compute-LOW,LOW,1024,32,ridgeless,0.0,common,0.1848452772252674,0.18145612609421907,20,analysis_outputs/matched_compute_large_m_krr_2026_08_22/krr_learning_curves_m1024.csv
eSEN,matched-compute-LOW,LOW,1024,64,rho_0.0001,0.0001,common,0.06426019350742485,0.07554041717649695,20,analysis_outputs/matched_compute_large_m_krr_2026_08_22/krr_learning_curves_m1024.csv
eSEN,matched-compute-LOW,LOW,1024,64,rho_0.01,0.01,common,0.06958449933843365,0.08278586983038855,20,analysis_outputs/matched_compute_large_m_krr_2026_08_22/krr_learning_curves_m1024.csv
eSEN,matched-compute-LOW,LOW,1024,64,rho_0.1,0.1,common,0.09357913206663136,0.11147241384280489,20,analysis_outputs/matched_compute_large_m_krr_2026_08_22/krr_learning_curves_m1024.csv
eSEN,matched-compute-LOW,LOW,1024,64,rho_1e-06,1e-06,common,0.06410169289210621,0.07547736791391792,20,analysis_outputs/matched_compute_large_m_krr_2026_08_22/krr_learning_curves_m1024.csv
eSEN,matched-compute-LOW,LOW,1024,64,rho_1e-08,1e-08,common,0.0640999136003556,0.07548976854034252,20,analysis_outputs/matched_compute_large_m_krr_2026_08_22/krr_learning_curves_m1024.csv
eSEN,matched-compute-LOW,LOW,1024,64,ridgeless,0.0,common,0.06409989560367933,0.07548991576950313,20,analysis_outputs/matched_compute_large_m_krr_2026_08_22/krr_learning_curves_m1024.csv
eSEN,matched-compute-LOW,LOW,1024,128,rho_0.0001,0.0001,common,0.03464588944491709,0.04002404146519046,20,analysis_outputs/matched_compute_large_m_krr_2026_08_22/krr_learning_curves_m1024.csv
eSEN,matched-compute-LOW,LOW,1024,128,rho_0.01,0.01,common,0.03334385789355657,0.04170720019832485,20,analysis_outputs/matched_compute_large_m_krr_2026_08_22/krr_learning_curves_m1024.csv
eSEN,matched-compute-LOW,LOW,1024,128,rho_0.1,0.1,common,0.038192958075775565,0.05317482276925974,20,analysis_outputs/matched_compute_large_m_krr_2026_08_22/krr_learning_curves_m1024.csv
eSEN,matched-compute-LOW,LOW,1024,128,rho_1e-06,1e-06,common,0.034620205150751954,0.04008037500435026,20,analysis_outputs/matched_compute_large_m_krr_2026_08_22/krr_learning_curves_m1024.csv
eSEN,matched-compute-LOW,LOW,1024,128,rho_1e-08,1e-08,common,0.034620488990300124,0.04009456198690128,20,analysis_outputs/matched_compute_large_m_krr_2026_08_22/krr_learning_curves_m1024.csv
eSEN,matched-compute-LOW,LOW,1024,128,ridgeless,0.0,common,0.03462049196173371,0.040094733229541955,20,analysis_outputs/matched_compute_large_m_krr_2026_08_22/krr_learning_curves_m1024.csv
eSEN,matched-compute-LOW,LOW,1024,256,rho_0.0001,0.0001,common,0.023640450149636387,0.02787710641165068,20,analysis_outputs/matched_compute_large_m_krr_2026_08_22/krr_learning_curves_m1024.csv
eSEN,matched-compute-LOW,LOW,1024,256,rho_0.01,0.01,common,0.023700544458062696,0.026955169521320328,20,analysis_outputs/matched_compute_large_m_krr_2026_08_22/krr_learning_curves_m1024.csv
eSEN,matched-compute-LOW,LOW,1024,256,rho_0.1,0.1,common,0.02549580667109551,0.029949583493177622,20,analysis_outputs/matched_compute_large_m_krr_2026_08_22/krr_learning_curves_m1024.csv
eSEN,matched-compute-LOW,LOW,1024,256,rho_1e-06,1e-06,common,0.023647651074552106,0.02808367522045984,20,analysis_outputs/matched_compute_large_m_krr_2026_08_22/krr_learning_curves_m1024.csv
eSEN,matched-compute-LOW,LOW,1024,256,rho_1e-08,1e-08,common,0.02364772493029249,0.028127336187781144,20,analysis_outputs/matched_compute_large_m_krr_2026_08_22/krr_learning_curves_m1024.csv
eSEN,matched-compute-LOW,LOW,1024,256,ridgeless,0.0,common,0.023647725675482033,0.02812787220565549,20,analysis_outputs/matched_compute_large_m_krr_2026_08_22/krr_learning_curves_m1024.csv
eSEN,matched-compute-LOW,LOW,1024,512,rho_0.0001,0.0001,common,0.019393622632429455,0.02152505491705447,20,analysis_outputs/matched_compute_large_m_krr_2026_08_22/krr_learning_curves_m1024.csv
eSEN,matched-compute-LOW,LOW,1024,512,rho_0.01,0.01,common,0.01884309424082345,0.019271459460015287,20,analysis_outputs/matched_compute_large_m_krr_2026_08_22/krr_learning_curves_m1024.csv
eSEN,matched-compute-LOW,LOW,1024,512,rho_0.1,0.1,common,0.01852211687561931,0.019225073770488196,20,analysis_outputs/matched_compute_large_m_krr_2026_08_22/krr_learning_curves_m1024.csv
eSEN,matched-compute-LOW,LOW,1024,512,rho_1e-06,1e-06,common,0.01949896997155092,0.021797830272607573,20,analysis_outputs/matched_compute_large_m_krr_2026_08_22/krr_learning_curves_m1024.csv
eSEN,matched-compute-LOW,LOW,1024,512,rho_1e-08,1e-08,common,0.01950781129885078,0.02180067266914372,20,analysis_outputs/matched_compute_large_m_krr_2026_08_22/krr_learning_curves_m1024.csv
eSEN,matched-compute-LOW,LOW,1024,512,ridgeless,0.0,common,0.01950793353059892,0.021800703134542476,20,analysis_outputs/matched_compute_large_m_krr_2026_08_22/krr_learning_curves_m1024.csv
eSEN,matched-compute-MID,MID,1024,32,rho_0.0001,0.0001,common,0.17415949736721023,0.18704513809468798,20,analysis_outputs/matched_compute_large_m_krr_2026_08_22/krr_learning_curves_m1024.csv
eSEN,matched-compute-MID,MID,1024,32,rho_0.01,0.01,common,0.19631882644263965,0.20512886777020398,20,analysis_outputs/matched_compute_large_m_krr_2026_08_22/krr_learning_curves_m1024.csv
eSEN,matched-compute-MID,MID,1024,32,rho_0.1,0.1,common,0.27634542906714654,0.2680295572746857,20,analysis_outputs/matched_compute_large_m_krr_2026_08_22/krr_learning_curves_m1024.csv
eSEN,matched-compute-MID,MID,1024,32,rho_1e-06,1e-06,common,0.17360238066759914,0.18664954435343611,20,analysis_outputs/matched_compute_large_m_krr_2026_08_22/krr_learning_curves_m1024.csv
eSEN,matched-compute-MID,MID,1024,32,rho_1e-08,1e-08,common,0.17359573427401884,0.18664530811352836,20,analysis_outputs/matched_compute_large_m_krr_2026_08_22/krr_learning_curves_m1024.csv
eSEN,matched-compute-MID,MID,1024,32,ridgeless,0.0,common,0.1735956669328971,0.18664526528413597,20,analysis_outputs/matched_compute_large_m_krr_2026_08_22/krr_learning_curves_m1024.csv
eSEN,matched-compute-MID,MID,1024,64,rho_0.0001,0.0001,common,0.06710937107745026,0.08007378249301945,20,analysis_outputs/matched_compute_large_m_krr_2026_08_22/krr_learning_curves_m1024.csv
eSEN,matched-compute-MID,MID,1024,64,rho_0.01,0.01,common,0.07102149205064072,0.08874766671837639,20,analysis_outputs/matched_compute_large_m_krr_2026_08_22/krr_learning_curves_m1024.csv
eSEN,matched-compute-MID,MID,1024,64,rho_0.1,0.1,common,0.09814709472093658,0.1207774034140608,20,analysis_outputs/matched_compute_large_m_krr_2026_08_22/krr_learning_curves_m1024.csv
eSEN,matched-compute-MID,MID,1024,64,rho_1e-06,1e-06,common,0.06705487320359702,0.07982739441990429,20,analysis_outputs/matched_compute_large_m_krr_2026_08_22/krr_learning_curves_m1024.csv
eSEN,matched-compute-MID,MID,1024,64,rho_1e-08,1e-08,common,0.0670543848194723,0.07982449530334404,20,analysis_outputs/matched_compute_large_m_krr_2026_08_22/krr_learning_curves_m1024.csv
eSEN,matched-compute-MID,MID,1024,64,ridgeless,0.0,common,0.06705437989507623,0.07982446652828054,20,analysis_outputs/matched_compute_large_m_krr_2026_08_22/krr_learning_curves_m1024.csv
eSEN,matched-compute-MID,MID,1024,128,rho_0.0001,0.0001,common,0.032362089610836677,0.038019629718150934,20,analysis_outputs/matched_compute_large_m_krr_2026_08_22/krr_learning_curves_m1024.csv
eSEN,matched-compute-MID,MID,1024,128,rho_0.01,0.01,common,0.03412671106918631,0.042020034691401295,20,analysis_outputs/matched_compute_large_m_krr_2026_08_22/krr_learning_curves_m1024.csv
eSEN,matched-compute-MID,MID,1024,128,rho_0.1,0.1,common,0.03909448129222208,0.055500042551934914,20,analysis_outputs/matched_compute_large_m_krr_2026_08_22/krr_learning_curves_m1024.csv
eSEN,matched-compute-MID,MID,1024,128,rho_1e-06,1e-06,common,0.032330547253668095,0.037907626249045076,20,analysis_outputs/matched_compute_large_m_krr_2026_08_22/krr_learning_curves_m1024.csv
eSEN,matched-compute-MID,MID,1024,128,rho_1e-08,1e-08,common,0.03233003419389113,0.037906114230151985,20,analysis_outputs/matched_compute_large_m_krr_2026_08_22/krr_learning_curves_m1024.csv
eSEN,matched-compute-MID,MID,1024,128,ridgeless,0.0,common,0.03233002892255703,0.03790609884730601,20,analysis_outputs/matched_compute_large_m_krr_2026_08_22/krr_learning_curves_m1024.csv
eSEN,matched-compute-MID,MID,1024,256,rho_0.0001,0.0001,common,0.016453380289315943,0.01887386635648827,20,analysis_outputs/matched_compute_large_m_krr_2026_08_22/krr_learning_curves_m1024.csv
eSEN,matched-compute-MID,MID,1024,256,rho_0.01,0.01,common,0.01756958954960828,0.02061771386662442,20,analysis_outputs/matched_compute_large_m_krr_2026_08_22/krr_learning_curves_m1024.csv
eSEN,matched-compute-MID,MID,1024,256,rho_0.1,0.1,common,0.020762246463524134,0.02558021020556308,20,analysis_outputs/matched_compute_large_m_krr_2026_08_22/krr_learning_curves_m1024.csv
eSEN,matched-compute-MID,MID,1024,256,rho_1e-06,1e-06,common,0.016369673112896468,0.01879484300976757,20,analysis_outputs/matched_compute_large_m_krr_2026_08_22/krr_learning_curves_m1024.csv
eSEN,matched-compute-MID,MID,1024,256,rho_1e-08,1e-08,common,0.01636754981176461,0.018794439684717553,20,analysis_outputs/matched_compute_large_m_krr_2026_08_22/krr_learning_curves_m1024.csv
eSEN,matched-compute-MID,MID,1024,256,ridgeless,0.0,common,0.016367524814261618,0.018794438412029255,20,analysis_outputs/matched_compute_large_m_krr_2026_08_22/krr_learning_curves_m1024.csv
eSEN,matched-compute-MID,MID,1024,512,rho_0.0001,0.0001,common,0.007435218499591629,0.008332857945964646,20,analysis_outputs/matched_compute_large_m_krr_2026_08_22/krr_learning_curves_m1024.csv
eSEN,matched-compute-MID,MID,1024,512,rho_0.01,0.01,common,0.007780192161004524,0.008998989103804332,20,analysis_outputs/matched_compute_large_m_krr_2026_08_22/krr_learning_curves_m1024.csv
eSEN,matched-compute-MID,MID,1024,512,rho_0.1,0.1,common,0.009235077815414123,0.010708309459900383,20,analysis_outputs/matched_compute_large_m_krr_2026_08_22/krr_learning_curves_m1024.csv
eSEN,matched-compute-MID,MID,1024,512,rho_1e-06,1e-06,common,0.007378423886377286,0.008324025890749386,20,analysis_outputs/matched_compute_large_m_krr_2026_08_22/krr_learning_curves_m1024.csv
eSEN,matched-compute-MID,MID,1024,512,rho_1e-08,1e-08,common,0.007378542768950713,0.008325688615544842,20,analysis_outputs/matched_compute_large_m_krr_2026_08_22/krr_learning_curves_m1024.csv
eSEN,matched-compute-MID,MID,1024,512,ridgeless,0.0,common,0.0073785471380465465,0.008325710791349581,20,analysis_outputs/matched_compute_large_m_krr_2026_08_22/krr_learning_curves_m1024.csv
GemNet-OC,matched-compute-HIGH,HIGH,1024,32,rho_0.0001,0.0001,common,0.10744699505707886,0.1026523104576843,20,analysis_outputs/matched_compute_large_m_krr_2026_08_22/krr_learning_curves_m1024.csv
GemNet-OC,matched-compute-HIGH,HIGH,1024,32,rho_0.01,0.01,common,0.11376276082949238,0.11089595672216797,20,analysis_outputs/matched_compute_large_m_krr_2026_08_22/krr_learning_curves_m1024.csv
GemNet-OC,matched-compute-HIGH,HIGH,1024,32,rho_0.1,0.1,common,0.14365812938187134,0.1457171077371507,20,analysis_outputs/matched_compute_large_m_krr_2026_08_22/krr_learning_curves_m1024.csv
GemNet-OC,matched-compute-HIGH,HIGH,1024,32,rho_1e-06,1e-06,common,0.10729636224848232,0.10242603035105495,20,analysis_outputs/matched_compute_large_m_krr_2026_08_22/krr_learning_curves_m1024.csv
GemNet-OC,matched-compute-HIGH,HIGH,1024,32,rho_1e-08,1e-08,common,0.1072945628127714,0.10251986684956257,20,analysis_outputs/matched_compute_large_m_krr_2026_08_22/krr_learning_curves_m1024.csv
GemNet-OC,matched-compute-HIGH,HIGH,1024,32,ridgeless,0.0,common,0.1072945445922659,0.10264501969007192,20,analysis_outputs/matched_compute_large_m_krr_2026_08_22/krr_learning_curves_m1024.csv
GemNet-OC,matched-compute-HIGH,HIGH,1024,64,rho_0.0001,0.0001,common,0.028679259443426343,0.03786080101029587,20,analysis_outputs/matched_compute_large_m_krr_2026_08_22/krr_learning_curves_m1024.csv
GemNet-OC,matched-compute-HIGH,HIGH,1024,64,rho_0.01,0.01,common,0.03089497358789789,0.04095194593008781,20,analysis_outputs/matched_compute_large_m_krr_2026_08_22/krr_learning_curves_m1024.csv
GemNet-OC,matched-compute-HIGH,HIGH,1024,64,rho_0.1,0.1,common,0.03797130286457792,0.05320416804997834,20,analysis_outputs/matched_compute_large_m_krr_2026_08_22/krr_learning_curves_m1024.csv
GemNet-OC,matched-compute-HIGH,HIGH,1024,64,rho_1e-06,1e-06,common,0.028682196205834634,0.03777371676021699,20,analysis_outputs/matched_compute_large_m_krr_2026_08_22/krr_learning_curves_m1024.csv
GemNet-OC,matched-compute-HIGH,HIGH,1024,64,rho_1e-08,1e-08,common,0.028939463506225883,0.037833235832805366,20,analysis_outputs/matched_compute_large_m_krr_2026_08_22/krr_learning_curves_m1024.csv
GemNet-OC,matched-compute-HIGH,HIGH,1024,64,ridgeless,0.0,common,0.028956035511057514,0.037905680956392324,20,analysis_outputs/matched_compute_large_m_krr_2026_08_22/krr_learning_curves_m1024.csv
GemNet-OC,matched-compute-HIGH,HIGH,1024,128,rho_0.0001,0.0001,common,0.014836606740216612,0.015829838245536704,20,analysis_outputs/matched_compute_large_m_krr_2026_08_22/krr_learning_curves_m1024.csv
GemNet-OC,matched-compute-HIGH,HIGH,1024,128,rho_0.01,0.01,common,0.01578759556832167,0.016896074687538756,20,analysis_outputs/matched_compute_large_m_krr_2026_08_22/krr_learning_curves_m1024.csv
GemNet-OC,matched-compute-HIGH,HIGH,1024,128,rho_0.1,0.1,common,0.018880210082362472,0.02086016194546297,20,analysis_outputs/matched_compute_large_m_krr_2026_08_22/krr_learning_curves_m1024.csv
GemNet-OC,matched-compute-HIGH,HIGH,1024,128,rho_1e-06,1e-06,common,0.014742595816436641,0.015779217136208334,20,analysis_outputs/matched_compute_large_m_krr_2026_08_22/krr_learning_curves_m1024.csv
GemNet-OC,matched-compute-HIGH,HIGH,1024,128,rho_1e-08,1e-08,common,0.014732154969213086,0.01579948426790253,20,analysis_outputs/matched_compute_large_m_krr_2026_08_22/krr_learning_curves_m1024.csv
GemNet-OC,matched-compute-HIGH,HIGH,1024,128,ridgeless,0.0,common,0.01473180814862701,0.015823551973459457,20,analysis_outputs/matched_compute_large_m_krr_2026_08_22/krr_learning_curves_m1024.csv
GemNet-OC,matched-compute-HIGH,HIGH,1024,256,rho_0.0001,0.0001,common,0.006049067926496333,0.008067718540343815,20,analysis_outputs/matched_compute_large_m_krr_2026_08_22/krr_learning_curves_m1024.csv
GemNet-OC,matched-compute-HIGH,HIGH,1024,256,rho_0.01,0.01,common,0.006177407039420062,0.008463245247004125,20,analysis_outputs/matched_compute_large_m_krr_2026_08_22/krr_learning_curves_m1024.csv
GemNet-OC,matched-compute-HIGH,HIGH,1024,256,rho_0.1,0.1,common,0.0067915793046873525,0.009911609984058233,20,analysis_outputs/matched_compute_large_m_krr_2026_08_22/krr_learning_curves_m1024.csv
GemNet-OC,matched-compute-HIGH,HIGH,1024,256,rho_1e-06,1e-06,common,0.006059286674582066,0.008042831360191743,20,analysis_outputs/matched_compute_large_m_krr_2026_08_22/krr_learning_curves_m1024.csv
GemNet-OC,matched-compute-HIGH,HIGH,1024,256,rho_1e-08,1e-08,common,0.00617314651749208,0.008056265263956416,20,analysis_outputs/matched_compute_large_m_krr_2026_08_22/krr_learning_curves_m1024.csv
GemNet-OC,matched-compute-HIGH,HIGH,1024,256,ridgeless,0.0,common,0.006256209525931604,0.008075181948610169,20,analysis_outputs/matched_compute_large_m_krr_2026_08_22/krr_learning_curves_m1024.csv
GemNet-OC,matched-compute-HIGH,HIGH,1024,512,rho_0.0001,0.0001,common,0.004113803931887539,0.0039940088307528565,20,analysis_outputs/matched_compute_large_m_krr_2026_08_22/krr_learning_curves_m1024.csv
GemNet-OC,matched-compute-HIGH,HIGH,1024,512,rho_0.01,0.01,common,0.0040347956689988015,0.003988634766704234,20,analysis_outputs/matched_compute_large_m_krr_2026_08_22/krr_learning_curves_m1024.csv
GemNet-OC,matched-compute-HIGH,HIGH,1024,512,rho_0.1,0.1,common,0.004341322493080608,0.004236433515173713,20,analysis_outputs/matched_compute_large_m_krr_2026_08_22/krr_learning_curves_m1024.csv
GemNet-OC,matched-compute-HIGH,HIGH,1024,512,rho_1e-06,1e-06,common,0.0040672415208211,0.003990088698454831,20,analysis_outputs/matched_compute_large_m_krr_2026_08_22/krr_learning_curves_m1024.csv
GemNet-OC,matched-compute-HIGH,HIGH,1024,512,rho_1e-08,1e-08,common,0.004034088705882896,0.003985534017894622,20,analysis_outputs/matched_compute_large_m_krr_2026_08_22/krr_learning_curves_m1024.csv
GemNet-OC,matched-compute-HIGH,HIGH,1024,512,ridgeless,0.0,common,0.004031116403494463,0.003985552543931667,20,analysis_outputs/matched_compute_large_m_krr_2026_08_22/krr_learning_curves_m1024.csv
GemNet-OC,matched-compute-LOW,LOW,1024,32,rho_0.0001,0.0001,common,0.036483210453072276,0.040512488947072184,20,analysis_outputs/matched_compute_large_m_krr_2026_08_22/krr_learning_curves_m1024.csv
GemNet-OC,matched-compute-LOW,LOW,1024,32,rho_0.01,0.01,common,0.0385454607115098,0.04558653992983425,20,analysis_outputs/matched_compute_large_m_krr_2026_08_22/krr_learning_curves_m1024.csv
GemNet-OC,matched-compute-LOW,LOW,1024,32,rho_0.1,0.1,common,0.05219621802330789,0.06582480227807905,20,analysis_outputs/matched_compute_large_m_krr_2026_08_22/krr_learning_curves_m1024.csv
GemNet-OC,matched-compute-LOW,LOW,1024,32,rho_1e-06,1e-06,common,0.03654869296196511,0.04031627737602187,20,analysis_outputs/matched_compute_large_m_krr_2026_08_22/krr_learning_curves_m1024.csv
GemNet-OC,matched-compute-LOW,LOW,1024,32,rho_1e-08,1e-08,common,0.03654023836629565,0.040348791630589055,20,analysis_outputs/matched_compute_large_m_krr_2026_08_22/krr_learning_curves_m1024.csv
GemNet-OC,matched-compute-LOW,LOW,1024,32,ridgeless,0.0,common,0.03654013227737639,0.04036498241989504,20,analysis_outputs/matched_compute_large_m_krr_2026_08_22/krr_learning_curves_m1024.csv
GemNet-OC,matched-compute-LOW,LOW,1024,64,rho_0.0001,0.0001,common,0.014256966245469864,0.017235169577613205,20,analysis_outputs/matched_compute_large_m_krr_2026_08_22/krr_learning_curves_m1024.csv
GemNet-OC,matched-compute-LOW,LOW,1024,64,rho_0.01,0.01,common,0.014683781831859078,0.01813886450017081,20,analysis_outputs/matched_compute_large_m_krr_2026_08_22/krr_learning_curves_m1024.csv
GemNet-OC,matched-compute-LOW,LOW,1024,64,rho_0.1,0.1,common,0.015447283644783497,0.02281783399109854,20,analysis_outputs/matched_compute_large_m_krr_2026_08_22/krr_learning_curves_m1024.csv
GemNet-OC,matched-compute-LOW,LOW,1024,64,rho_1e-06,1e-06,common,0.01451036023916552,0.017277307251780203,20,analysis_outputs/matched_compute_large_m_krr_2026_08_22/krr_learning_curves_m1024.csv
GemNet-OC,matched-compute-LOW,LOW,1024,64,rho_1e-08,1e-08,common,0.014525309570026328,0.017368864595282005,20,analysis_outputs/matched_compute_large_m_krr_2026_08_22/krr_learning_curves_m1024.csv
GemNet-OC,matched-compute-LOW,LOW,1024,64,ridgeless,0.0,common,0.014525462174491233,0.017468214402123414,20,analysis_outputs/matched_compute_large_m_krr_2026_08_22/krr_learning_curves_m1024.csv
GemNet-OC,matched-compute-LOW,LOW,1024,128,rho_0.0001,0.0001,common,0.01084182065979051,0.011161397444046123,20,analysis_outputs/matched_compute_large_m_krr_2026_08_22/krr_learning_curves_m1024.csv
GemNet-OC,matched-compute-LOW,LOW,1024,128,rho_0.01,0.01,common,0.01032508434710179,0.010860791570264585,20,analysis_outputs/matched_compute_large_m_krr_2026_08_22/krr_learning_curves_m1024.csv
GemNet-OC,matched-compute-LOW,LOW,1024,128,rho_0.1,0.1,common,0.010762064637541566,0.011710648893592945,20,analysis_outputs/matched_compute_large_m_krr_2026_08_22/krr_learning_curves_m1024.csv
GemNet-OC,matched-compute-LOW,LOW,1024,128,rho_1e-06,1e-06,common,0.011237148361913817,0.011305370127424028,20,analysis_outputs/matched_compute_large_m_krr_2026_08_22/krr_learning_curves_m1024.csv
GemNet-OC,matched-compute-LOW,LOW,1024,128,rho_1e-08,1e-08,common,0.01126659992647161,0.011352667661445931,20,analysis_outputs/matched_compute_large_m_krr_2026_08_22/krr_learning_curves_m1024.csv
GemNet-OC,matched-compute-LOW,LOW,1024,128,ridgeless,0.0,common,0.011267080689332397,0.011377906863049818,20,analysis_outputs/matched_compute_large_m_krr_2026_08_22/krr_learning_curves_m1024.csv
GemNet-OC,matched-compute-LOW,LOW,1024,256,rho_0.0001,0.0001,common,0.009778669550910394,0.009788184137547456,20,analysis_outputs/matched_compute_large_m_krr_2026_08_22/krr_learning_curves_m1024.csv
GemNet-OC,matched-compute-LOW,LOW,1024,256,rho_0.01,0.01,common,0.008918709053853037,0.008990297492128527,20,analysis_outputs/matched_compute_large_m_krr_2026_08_22/krr_learning_curves_m1024.csv
GemNet-OC,matched-compute-LOW,LOW,1024,256,rho_0.1,0.1,common,0.008849410990903972,0.00872216234326408,20,analysis_outputs/matched_compute_large_m_krr_2026_08_22/krr_learning_curves_m1024.csv
GemNet-OC,matched-compute-LOW,LOW,1024,256,rho_1e-06,1e-06,common,0.009784383924278486,0.009941822079969498,20,analysis_outputs/matched_compute_large_m_krr_2026_08_22/krr_learning_curves_m1024.csv
GemNet-OC,matched-compute-LOW,LOW,1024,256,rho_1e-08,1e-08,common,0.009795169630271067,0.009955719864589133,20,analysis_outputs/matched_compute_large_m_krr_2026_08_22/krr_learning_curves_m1024.csv
GemNet-OC,matched-compute-LOW,LOW,1024,256,ridgeless,0.0,common,0.009789680977982093,0.009950283434820194,20,analysis_outputs/matched_compute_large_m_krr_2026_08_22/krr_learning_curves_m1024.csv
GemNet-OC,matched-compute-LOW,LOW,1024,512,rho_0.0001,0.0001,common,0.009501944772996927,0.00975456059109956,20,analysis_outputs/matched_compute_large_m_krr_2026_08_22/krr_learning_curves_m1024.csv
GemNet-OC,matched-compute-LOW,LOW,1024,512,rho_0.01,0.01,common,0.008546385974874292,0.008645277622555483,20,analysis_outputs/matched_compute_large_m_krr_2026_08_22/krr_learning_curves_m1024.csv
GemNet-OC,matched-compute-LOW,LOW,1024,512,rho_0.1,0.1,common,0.0076873605175236046,0.008105505582635545,20,analysis_outputs/matched_compute_large_m_krr_2026_08_22/krr_learning_curves_m1024.csv
GemNet-OC,matched-compute-LOW,LOW,1024,512,rho_1e-06,1e-06,common,0.009556242571956728,0.01003664358806883,20,analysis_outputs/matched_compute_large_m_krr_2026_08_22/krr_learning_curves_m1024.csv
GemNet-OC,matched-compute-LOW,LOW,1024,512,rho_1e-08,1e-08,common,0.009561817067257797,0.010077867219552741,20,analysis_outputs/matched_compute_large_m_krr_2026_08_22/krr_learning_curves_m1024.csv
GemNet-OC,matched-compute-LOW,LOW,1024,512,ridgeless,0.0,common,0.009561195991554534,0.010066398968945444,20,analysis_outputs/matched_compute_large_m_krr_2026_08_22/krr_learning_curves_m1024.csv
GemNet-OC,matched-compute-MID,MID,1024,32,rho_0.0001,0.0001,common,0.03623892019638598,0.038954155710212636,20,analysis_outputs/matched_compute_large_m_krr_2026_08_22/krr_learning_curves_m1024.csv
GemNet-OC,matched-compute-MID,MID,1024,32,rho_0.01,0.01,common,0.040523303088914504,0.04551832325280132,20,analysis_outputs/matched_compute_large_m_krr_2026_08_22/krr_learning_curves_m1024.csv
GemNet-OC,matched-compute-MID,MID,1024,32,rho_0.1,0.1,common,0.06343063436585727,0.07155808770593372,20,analysis_outputs/matched_compute_large_m_krr_2026_08_22/krr_learning_curves_m1024.csv
GemNet-OC,matched-compute-MID,MID,1024,32,rho_1e-06,1e-06,common,0.03615300110589888,0.038660037153513474,20,analysis_outputs/matched_compute_large_m_krr_2026_08_22/krr_learning_curves_m1024.csv
GemNet-OC,matched-compute-MID,MID,1024,32,rho_1e-08,1e-08,common,0.036151776942129996,0.03863449225153982,20,analysis_outputs/matched_compute_large_m_krr_2026_08_22/krr_learning_curves_m1024.csv
GemNet-OC,matched-compute-MID,MID,1024,32,ridgeless,0.0,common,0.03615176451334799,0.03864342946869608,20,analysis_outputs/matched_compute_large_m_krr_2026_08_22/krr_learning_curves_m1024.csv
GemNet-OC,matched-compute-MID,MID,1024,64,rho_0.0001,0.0001,common,0.009436915153887051,0.013144723802691364,20,analysis_outputs/matched_compute_large_m_krr_2026_08_22/krr_learning_curves_m1024.csv
GemNet-OC,matched-compute-MID,MID,1024,64,rho_0.01,0.01,common,0.009368693499386984,0.014511764711122546,20,analysis_outputs/matched_compute_large_m_krr_2026_08_22/krr_learning_curves_m1024.csv
GemNet-OC,matched-compute-MID,MID,1024,64,rho_0.1,0.1,common,0.0128860821222886,0.020633182007214236,20,analysis_outputs/matched_compute_large_m_krr_2026_08_22/krr_learning_curves_m1024.csv
GemNet-OC,matched-compute-MID,MID,1024,64,rho_1e-06,1e-06,common,0.009565974717189561,0.01313355675141259,20,analysis_outputs/matched_compute_large_m_krr_2026_08_22/krr_learning_curves_m1024.csv
GemNet-OC,matched-compute-MID,MID,1024,64,rho_1e-08,1e-08,common,0.009570215670988987,0.013103007831629713,20,analysis_outputs/matched_compute_large_m_krr_2026_08_22/krr_learning_curves_m1024.csv
GemNet-OC,matched-compute-MID,MID,1024,64,ridgeless,0.0,common,0.009570259254251524,0.013048779951890271,20,analysis_outputs/matched_compute_large_m_krr_2026_08_22/krr_learning_curves_m1024.csv
GemNet-OC,matched-compute-MID,MID,1024,128,rho_0.0001,0.0001,common,0.00725332738884669,0.007682664458729912,20,analysis_outputs/matched_compute_large_m_krr_2026_08_22/krr_learning_curves_m1024.csv
GemNet-OC,matched-compute-MID,MID,1024,128,rho_0.01,0.01,common,0.0074608352230178514,0.00780385012957467,20,analysis_outputs/matched_compute_large_m_krr_2026_08_22/krr_learning_curves_m1024.csv
GemNet-OC,matched-compute-MID,MID,1024,128,rho_0.1,0.1,common,0.008161301051973642,0.008944886784820028,20,analysis_outputs/matched_compute_large_m_krr_2026_08_22/krr_learning_curves_m1024.csv
GemNet-OC,matched-compute-MID,MID,1024,128,rho_1e-06,1e-06,common,0.007433104754639725,0.007684775346173342,20,analysis_outputs/matched_compute_large_m_krr_2026_08_22/krr_learning_curves_m1024.csv
GemNet-OC,matched-compute-MID,MID,1024,128,rho_1e-08,1e-08,common,0.0074492346001319145,0.007688062411740697,20,analysis_outputs/matched_compute_large_m_krr_2026_08_22/krr_learning_curves_m1024.csv
GemNet-OC,matched-compute-MID,MID,1024,128,ridgeless,0.0,common,0.007449420199982439,0.00769614900741551,20,analysis_outputs/matched_compute_large_m_krr_2026_08_22/krr_learning_curves_m1024.csv
GemNet-OC,matched-compute-MID,MID,1024,256,rho_0.0001,0.0001,common,0.006012874026101223,0.00682159189712681,20,analysis_outputs/matched_compute_large_m_krr_2026_08_22/krr_learning_curves_m1024.csv
GemNet-OC,matched-compute-MID,MID,1024,256,rho_0.01,0.01,common,0.005273129459092001,0.006466301633285376,20,analysis_outputs/matched_compute_large_m_krr_2026_08_22/krr_learning_curves_m1024.csv
GemNet-OC,matched-compute-MID,MID,1024,256,rho_0.1,0.1,common,0.005260833574001797,0.006488659012767649,20,analysis_outputs/matched_compute_large_m_krr_2026_08_22/krr_learning_curves_m1024.csv
GemNet-OC,matched-compute-MID,MID,1024,256,rho_1e-06,1e-06,common,0.006051681552978638,0.0069044663817616715,20,analysis_outputs/matched_compute_large_m_krr_2026_08_22/krr_learning_curves_m1024.csv
GemNet-OC,matched-compute-MID,MID,1024,256,rho_1e-08,1e-08,common,0.006041875568535589,0.006946241459531373,20,analysis_outputs/matched_compute_large_m_krr_2026_08_22/krr_learning_curves_m1024.csv
GemNet-OC,matched-compute-MID,MID,1024,256,ridgeless,0.0,common,0.006041635675351053,0.006947115908073659,20,analysis_outputs/matched_compute_large_m_krr_2026_08_22/krr_learning_curves_m1024.csv
GemNet-OC,matched-compute-MID,MID,1024,512,rho_0.0001,0.0001,common,0.0057098917626200365,0.006874235710530738,20,analysis_outputs/matched_compute_large_m_krr_2026_08_22/krr_learning_curves_m1024.csv
GemNet-OC,matched-compute-MID,MID,1024,512,rho_0.01,0.01,common,0.005486065522487026,0.006390151812708611,20,analysis_outputs/matched_compute_large_m_krr_2026_08_22/krr_learning_curves_m1024.csv
GemNet-OC,matched-compute-MID,MID,1024,512,rho_0.1,0.1,common,0.005188376457651065,0.0059095104346317635,20,analysis_outputs/matched_compute_large_m_krr_2026_08_22/krr_learning_curves_m1024.csv
GemNet-OC,matched-compute-MID,MID,1024,512,rho_1e-06,1e-06,common,0.005711694055279017,0.006958472848238804,20,analysis_outputs/matched_compute_large_m_krr_2026_08_22/krr_learning_curves_m1024.csv
GemNet-OC,matched-compute-MID,MID,1024,512,rho_1e-08,1e-08,common,0.005743878717511041,0.006914956782709524,20,analysis_outputs/matched_compute_large_m_krr_2026_08_22/krr_learning_curves_m1024.csv
GemNet-OC,matched-compute-MID,MID,1024,512,ridgeless,0.0,common,0.005745349058250511,0.006896328092908343,20,analysis_outputs/matched_compute_large_m_krr_2026_08_22/krr_learning_curves_m1024.csv
MPNN,matched-compute-HIGH,HIGH,1024,32,rho_0.0001,0.0001,common,0.891656338901206,0.8595333251814996,20,analysis_outputs/matched_compute_large_m_krr_2026_08_22/krr_learning_curves_m1024.csv
MPNN,matched-compute-HIGH,HIGH,1024,32,rho_0.01,0.01,common,0.8937806936038621,0.8610829431495158,20,analysis_outputs/matched_compute_large_m_krr_2026_08_22/krr_learning_curves_m1024.csv
MPNN,matched-compute-HIGH,HIGH,1024,32,rho_0.1,0.1,common,0.9079018320146528,0.8722083723045264,20,analysis_outputs/matched_compute_large_m_krr_2026_08_22/krr_learning_curves_m1024.csv
MPNN,matched-compute-HIGH,HIGH,1024,32,rho_1e-06,1e-06,common,0.8916342059957469,0.8595173557552558,20,analysis_outputs/matched_compute_large_m_krr_2026_08_22/krr_learning_curves_m1024.csv
MPNN,matched-compute-HIGH,HIGH,1024,32,rho_1e-08,1e-08,common,0.8916339845722272,0.859517196011263,20,analysis_outputs/matched_compute_large_m_krr_2026_08_22/krr_learning_curves_m1024.csv
MPNN,matched-compute-HIGH,HIGH,1024,32,ridgeless,0.0,common,0.8916339823356165,0.8595171943976825,20,analysis_outputs/matched_compute_large_m_krr_2026_08_22/krr_learning_curves_m1024.csv
MPNN,matched-compute-HIGH,HIGH,1024,64,rho_0.0001,0.0001,common,0.740056398809177,0.6894640061355,20,analysis_outputs/matched_compute_large_m_krr_2026_08_22/krr_learning_curves_m1024.csv
MPNN,matched-compute-HIGH,HIGH,1024,64,rho_0.01,0.01,common,0.7425921326995377,0.6926902556366297,20,analysis_outputs/matched_compute_large_m_krr_2026_08_22/krr_learning_curves_m1024.csv
MPNN,matched-compute-HIGH,HIGH,1024,64,rho_0.1,0.1,common,0.7618936197075734,0.7160487999546563,20,analysis_outputs/matched_compute_large_m_krr_2026_08_22/krr_learning_curves_m1024.csv
MPNN,matched-compute-HIGH,HIGH,1024,64,rho_1e-06,1e-06,common,0.7400305107054659,0.6894307404853066,20,analysis_outputs/matched_compute_large_m_krr_2026_08_22/krr_learning_curves_m1024.csv
MPNN,matched-compute-HIGH,HIGH,1024,64,rho_1e-08,1e-08,common,0.7400302517698654,0.6894304077220909,20,analysis_outputs/matched_compute_large_m_krr_2026_08_22/krr_learning_curves_m1024.csv
MPNN,matched-compute-HIGH,HIGH,1024,64,ridgeless,0.0,common,0.7400302491543487,0.6894304043608355,20,analysis_outputs/matched_compute_large_m_krr_2026_08_22/krr_learning_curves_m1024.csv
MPNN,matched-compute-HIGH,HIGH,1024,128,rho_0.0001,0.0001,common,0.46455958719989,0.4825347250444126,20,analysis_outputs/matched_compute_large_m_krr_2026_08_22/krr_learning_curves_m1024.csv
MPNN,matched-compute-HIGH,HIGH,1024,128,rho_0.01,0.01,common,0.4677695183425485,0.4861579765049885,20,analysis_outputs/matched_compute_large_m_krr_2026_08_22/krr_learning_curves_m1024.csv
MPNN,matched-compute-HIGH,HIGH,1024,128,rho_0.1,0.1,common,0.4960454450255812,0.5129237860153727,20,analysis_outputs/matched_compute_large_m_krr_2026_08_22/krr_learning_curves_m1024.csv
MPNN,matched-compute-HIGH,HIGH,1024,128,rho_1e-06,1e-06,common,0.4645268367199348,0.4824973688169244,20,analysis_outputs/matched_compute_large_m_krr_2026_08_22/krr_learning_curves_m1024.csv
MPNN,matched-compute-HIGH,HIGH,1024,128,rho_1e-08,1e-08,common,0.46452650914756133,0.4824969951329242,20,analysis_outputs/matched_compute_large_m_krr_2026_08_22/krr_learning_curves_m1024.csv
MPNN,matched-compute-HIGH,HIGH,1024,128,ridgeless,0.0,common,0.46452650583874255,0.482496991358326,20,analysis_outputs/matched_compute_large_m_krr_2026_08_22/krr_learning_curves_m1024.csv
MPNN,matched-compute-HIGH,HIGH,1024,256,rho_0.0001,0.0001,common,0.28604903196934894,0.29665371113353733,20,analysis_outputs/matched_compute_large_m_krr_2026_08_22/krr_learning_curves_m1024.csv
MPNN,matched-compute-HIGH,HIGH,1024,256,rho_0.01,0.01,common,0.28895154728078754,0.299300918914337,20,analysis_outputs/matched_compute_large_m_krr_2026_08_22/krr_learning_curves_m1024.csv
MPNN,matched-compute-HIGH,HIGH,1024,256,rho_0.1,0.1,common,0.3123908262712229,0.3195574843213522,20,analysis_outputs/matched_compute_large_m_krr_2026_08_22/krr_learning_curves_m1024.csv
MPNN,matched-compute-HIGH,HIGH,1024,256,rho_1e-06,1e-06,common,0.2860188070192199,0.296626506674152,20,analysis_outputs/matched_compute_large_m_krr_2026_08_22/krr_learning_curves_m1024.csv
MPNN,matched-compute-HIGH,HIGH,1024,256,rho_1e-08,1e-08,common,0.28601850463068057,0.29662623454912246,20,analysis_outputs/matched_compute_large_m_krr_2026_08_22/krr_learning_curves_m1024.csv
MPNN,matched-compute-HIGH,HIGH,1024,256,ridgeless,0.0,common,0.2860185015762367,0.29662623180037667,20,analysis_outputs/matched_compute_large_m_krr_2026_08_22/krr_learning_curves_m1024.csv
MPNN,matched-compute-HIGH,HIGH,1024,512,rho_0.0001,0.0001,common,0.1948494157222276,0.2024265100250197,20,analysis_outputs/matched_compute_large_m_krr_2026_08_22/krr_learning_curves_m1024.csv
MPNN,matched-compute-HIGH,HIGH,1024,512,rho_0.01,0.01,common,0.19614257258512546,0.20357031912181536,20,analysis_outputs/matched_compute_large_m_krr_2026_08_22/krr_learning_curves_m1024.csv
MPNN,matched-compute-HIGH,HIGH,1024,512,rho_0.1,0.1,common,0.20550281064174575,0.21338896332820628,20,analysis_outputs/matched_compute_large_m_krr_2026_08_22/krr_learning_curves_m1024.csv
MPNN,matched-compute-HIGH,HIGH,1024,512,rho_1e-06,1e-06,common,0.1948355410563372,0.20241507394332398,20,analysis_outputs/matched_compute_large_m_krr_2026_08_22/krr_learning_curves_m1024.csv
MPNN,matched-compute-HIGH,HIGH,1024,512,rho_1e-08,1e-08,common,0.19483540218849826,0.20241495958913475,20,analysis_outputs/matched_compute_large_m_krr_2026_08_22/krr_learning_curves_m1024.csv
MPNN,matched-compute-HIGH,HIGH,1024,512,ridgeless,0.0,common,0.19483540078578065,0.2024149584340426,20,analysis_outputs/matched_compute_large_m_krr_2026_08_22/krr_learning_curves_m1024.csv
MPNN,matched-compute-LOW,LOW,1024,32,rho_0.0001,0.0001,common,0.8592919919664442,0.8461768485997776,20,analysis_outputs/matched_compute_large_m_krr_2026_08_22/krr_learning_curves_m1024.csv
MPNN,matched-compute-LOW,LOW,1024,32,rho_0.01,0.01,common,0.8619038860523723,0.8488015074571391,20,analysis_outputs/matched_compute_large_m_krr_2026_08_22/krr_learning_curves_m1024.csv
MPNN,matched-compute-LOW,LOW,1024,32,rho_0.1,0.1,common,0.8821842432639274,0.8657986093194554,20,analysis_outputs/matched_compute_large_m_krr_2026_08_22/krr_learning_curves_m1024.csv
MPNN,matched-compute-LOW,LOW,1024,32,rho_1e-06,1e-06,common,0.8592653219214557,0.8461492986782027,20,analysis_outputs/matched_compute_large_m_krr_2026_08_22/krr_learning_curves_m1024.csv
MPNN,matched-compute-LOW,LOW,1024,32,rho_1e-08,1e-08,common,0.8592650551696013,0.8461490230414854,20,analysis_outputs/matched_compute_large_m_krr_2026_08_22/krr_learning_curves_m1024.csv
MPNN,matched-compute-LOW,LOW,1024,32,ridgeless,0.0,common,0.8592650524751327,0.8461490202572624,20,analysis_outputs/matched_compute_large_m_krr_2026_08_22/krr_learning_curves_m1024.csv
MPNN,matched-compute-LOW,LOW,1024,64,rho_0.0001,0.0001,common,0.6955423339114053,0.6619984624878582,20,analysis_outputs/matched_compute_large_m_krr_2026_08_22/krr_learning_curves_m1024.csv
MPNN,matched-compute-LOW,LOW,1024,64,rho_0.01,0.01,common,0.6997511207987817,0.6668713284914152,20,analysis_outputs/matched_compute_large_m_krr_2026_08_22/krr_learning_curves_m1024.csv
MPNN,matched-compute-LOW,LOW,1024,64,rho_0.1,0.1,common,0.726079036223498,0.6986274877633166,20,analysis_outputs/matched_compute_large_m_krr_2026_08_22/krr_learning_curves_m1024.csv
MPNN,matched-compute-LOW,LOW,1024,64,rho_1e-06,1e-06,common,0.6954973792016779,0.6619471227207708,20,analysis_outputs/matched_compute_large_m_krr_2026_08_22/krr_learning_curves_m1024.csv
MPNN,matched-compute-LOW,LOW,1024,64,rho_1e-08,1e-08,common,0.6954969293246149,0.661946609031957,20,analysis_outputs/matched_compute_large_m_krr_2026_08_22/krr_learning_curves_m1024.csv
MPNN,matched-compute-LOW,LOW,1024,64,ridgeless,0.0,common,0.6954969247803686,0.6619466038431516,20,analysis_outputs/matched_compute_large_m_krr_2026_08_22/krr_learning_curves_m1024.csv
MPNN,matched-compute-LOW,LOW,1024,128,rho_0.0001,0.0001,common,0.453004162736672,0.45891931085253945,20,analysis_outputs/matched_compute_large_m_krr_2026_08_22/krr_learning_curves_m1024.csv
MPNN,matched-compute-LOW,LOW,1024,128,rho_0.01,0.01,common,0.45736916648082815,0.4631200013326005,20,analysis_outputs/matched_compute_large_m_krr_2026_08_22/krr_learning_curves_m1024.csv
MPNN,matched-compute-LOW,LOW,1024,128,rho_0.1,0.1,common,0.4892740698203132,0.49371658052668776,20,analysis_outputs/matched_compute_large_m_krr_2026_08_22/krr_learning_curves_m1024.csv
MPNN,matched-compute-LOW,LOW,1024,128,rho_1e-06,1e-06,common,0.45296094331636627,0.4588769557163165,20,analysis_outputs/matched_compute_large_m_krr_2026_08_22/krr_learning_curves_m1024.csv
MPNN,matched-compute-LOW,LOW,1024,128,rho_1e-08,1e-08,common,0.4529605113765647,0.45887653220696756,20,analysis_outputs/matched_compute_large_m_krr_2026_08_22/krr_learning_curves_m1024.csv
MPNN,matched-compute-LOW,LOW,1024,128,ridgeless,0.0,common,0.45296050701356205,0.4588765279290997,20,analysis_outputs/matched_compute_large_m_krr_2026_08_22/krr_learning_curves_m1024.csv
MPNN,matched-compute-LOW,LOW,1024,256,rho_0.0001,0.0001,common,0.29885721965353373,0.33348171226583834,20,analysis_outputs/matched_compute_large_m_krr_2026_08_22/krr_learning_curves_m1024.csv
MPNN,matched-compute-LOW,LOW,1024,256,rho_0.01,0.01,common,0.2971905781789285,0.3324860037800244,20,analysis_outputs/matched_compute_large_m_krr_2026_08_22/krr_learning_curves_m1024.csv
MPNN,matched-compute-LOW,LOW,1024,256,rho_0.1,0.1,common,0.3174540060259392,0.3414208952815142,20,analysis_outputs/matched_compute_large_m_krr_2026_08_22/krr_learning_curves_m1024.csv
MPNN,matched-compute-LOW,LOW,1024,256,rho_1e-06,1e-06,common,0.2989044054174404,0.3335044717696742,20,analysis_outputs/matched_compute_large_m_krr_2026_08_22/krr_learning_curves_m1024.csv
MPNN,matched-compute-LOW,LOW,1024,256,rho_1e-08,1e-08,common,0.29890488270413057,0.33350470145339595,20,analysis_outputs/matched_compute_large_m_krr_2026_08_22/krr_learning_curves_m1024.csv
MPNN,matched-compute-LOW,LOW,1024,256,ridgeless,0.0,common,0.29890488752576116,0.3335047037736459,20,analysis_outputs/matched_compute_large_m_krr_2026_08_22/krr_learning_curves_m1024.csv
MPNN,matched-compute-LOW,LOW,1024,512,rho_0.0001,0.0001,common,0.30863853984469997,0.3025216808356791,20,analysis_outputs/matched_compute_large_m_krr_2026_08_22/krr_learning_curves_m1024.csv
MPNN,matched-compute-LOW,LOW,1024,512,rho_0.01,0.01,common,0.292118848845756,0.2883392265971488,20,analysis_outputs/matched_compute_large_m_krr_2026_08_22/krr_learning_curves_m1024.csv
MPNN,matched-compute-LOW,LOW,1024,512,rho_0.1,0.1,common,0.2692520903301624,0.27277983171351167,20,analysis_outputs/matched_compute_large_m_krr_2026_08_22/krr_learning_curves_m1024.csv
MPNN,matched-compute-LOW,LOW,1024,512,rho_1e-06,1e-06,common,0.3089896549916128,0.302816872380821,20,analysis_outputs/matched_compute_large_m_krr_2026_08_22/krr_learning_curves_m1024.csv
MPNN,matched-compute-LOW,LOW,1024,512,rho_1e-08,1e-08,common,0.3089932236618579,0.30281986377436254,20,analysis_outputs/matched_compute_large_m_krr_2026_08_22/krr_learning_curves_m1024.csv
MPNN,matched-compute-LOW,LOW,1024,512,ridgeless,0.0,common,0.30899325971495917,0.30281989399451914,20,analysis_outputs/matched_compute_large_m_krr_2026_08_22/krr_learning_curves_m1024.csv
MPNN,matched-compute-MID,MID,1024,32,rho_0.0001,0.0001,common,0.8710017337555359,0.8431582283852276,20,analysis_outputs/matched_compute_large_m_krr_2026_08_22/krr_learning_curves_m1024.csv
MPNN,matched-compute-MID,MID,1024,32,rho_0.01,0.01,common,0.8729670790572778,0.8453469557039043,20,analysis_outputs/matched_compute_large_m_krr_2026_08_22/krr_learning_curves_m1024.csv
MPNN,matched-compute-MID,MID,1024,32,rho_0.1,0.1,common,0.887222019954811,0.8606324935687008,20,analysis_outputs/matched_compute_large_m_krr_2026_08_22/krr_learning_curves_m1024.csv
MPNN,matched-compute-MID,MID,1024,32,rho_1e-06,1e-06,common,0.8709815273408636,0.8431355639801392,20,analysis_outputs/matched_compute_large_m_krr_2026_08_22/krr_learning_curves_m1024.csv
MPNN,matched-compute-MID,MID,1024,32,rho_1e-08,1e-08,common,0.8709813252190456,0.8431353372535293,20,analysis_outputs/matched_compute_large_m_krr_2026_08_22/krr_learning_curves_m1024.csv
MPNN,matched-compute-MID,MID,1024,32,ridgeless,0.0,common,0.8709813231774053,0.8431353349633532,20,analysis_outputs/matched_compute_large_m_krr_2026_08_22/krr_learning_curves_m1024.csv
MPNN,matched-compute-MID,MID,1024,64,rho_0.0001,0.0001,common,0.6934993715500918,0.6572867334628062,20,analysis_outputs/matched_compute_large_m_krr_2026_08_22/krr_learning_curves_m1024.csv
MPNN,matched-compute-MID,MID,1024,64,rho_0.01,0.01,common,0.6968964829622439,0.6608930387732844,20,analysis_outputs/matched_compute_large_m_krr_2026_08_22/krr_learning_curves_m1024.csv
MPNN,matched-compute-MID,MID,1024,64,rho_0.1,0.1,common,0.7216693205107274,0.6870719333349525,20,analysis_outputs/matched_compute_large_m_krr_2026_08_22/krr_learning_curves_m1024.csv
MPNN,matched-compute-MID,MID,1024,64,rho_1e-06,1e-06,common,0.6934644274301691,0.6572495935399709,20,analysis_outputs/matched_compute_large_m_krr_2026_08_22/krr_learning_curves_m1024.csv
MPNN,matched-compute-MID,MID,1024,64,rho_1e-08,1e-08,common,0.6934640778880836,0.6572492220273712,20,analysis_outputs/matched_compute_large_m_krr_2026_08_22/krr_learning_curves_m1024.csv
MPNN,matched-compute-MID,MID,1024,64,ridgeless,0.0,common,0.6934640743573454,0.6572492182747072,20,analysis_outputs/matched_compute_large_m_krr_2026_08_22/krr_learning_curves_m1024.csv
MPNN,matched-compute-MID,MID,1024,128,rho_0.0001,0.0001,common,0.43823722913694885,0.44483616288449274,20,analysis_outputs/matched_compute_large_m_krr_2026_08_22/krr_learning_curves_m1024.csv
MPNN,matched-compute-MID,MID,1024,128,rho_0.01,0.01,common,0.4418808764252916,0.4485695923267299,20,analysis_outputs/matched_compute_large_m_krr_2026_08_22/krr_learning_curves_m1024.csv
MPNN,matched-compute-MID,MID,1024,128,rho_0.1,0.1,common,0.4701002470221942,0.4762510740433491,20,analysis_outputs/matched_compute_large_m_krr_2026_08_22/krr_learning_curves_m1024.csv
MPNN,matched-compute-MID,MID,1024,128,rho_1e-06,1e-06,common,0.4382000167131961,0.4447977173797411,20,analysis_outputs/matched_compute_large_m_krr_2026_08_22/krr_learning_curves_m1024.csv
MPNN,matched-compute-MID,MID,1024,128,rho_1e-08,1e-08,common,0.4381996445070532,0.44479733280473754,20,analysis_outputs/matched_compute_large_m_krr_2026_08_22/krr_learning_curves_m1024.csv
MPNN,matched-compute-MID,MID,1024,128,ridgeless,0.0,common,0.43819964074738676,0.44479732892012935,20,analysis_outputs/matched_compute_large_m_krr_2026_08_22/krr_learning_curves_m1024.csv
MPNN,matched-compute-MID,MID,1024,256,rho_0.0001,0.0001,common,0.2753135584783896,0.2963221628539678,20,analysis_outputs/matched_compute_large_m_krr_2026_08_22/krr_learning_curves_m1024.csv
MPNN,matched-compute-MID,MID,1024,256,rho_0.01,0.01,common,0.2773558859579299,0.2981933545824777,20,analysis_outputs/matched_compute_large_m_krr_2026_08_22/krr_learning_curves_m1024.csv
MPNN,matched-compute-MID,MID,1024,256,rho_0.1,0.1,common,0.29177596125968985,0.31368927904222,20,analysis_outputs/matched_compute_large_m_krr_2026_08_22/krr_learning_curves_m1024.csv
MPNN,matched-compute-MID,MID,1024,256,rho_1e-06,1e-06,common,0.27529355116577214,0.2963035069536728,20,analysis_outputs/matched_compute_large_m_krr_2026_08_22/krr_learning_curves_m1024.csv
MPNN,matched-compute-MID,MID,1024,256,rho_1e-08,1e-08,common,0.27529335116524345,0.2963033204169929,20,analysis_outputs/matched_compute_large_m_krr_2026_08_22/krr_learning_curves_m1024.csv
MPNN,matched-compute-MID,MID,1024,256,ridgeless,0.0,common,0.27529334914504355,0.2963033185327863,20,analysis_outputs/matched_compute_large_m_krr_2026_08_22/krr_learning_curves_m1024.csv
MPNN,matched-compute-MID,MID,1024,512,rho_0.0001,0.0001,common,0.22790872561082337,0.24201650387596602,20,analysis_outputs/matched_compute_large_m_krr_2026_08_22/krr_learning_curves_m1024.csv
MPNN,matched-compute-MID,MID,1024,512,rho_0.01,0.01,common,0.22884323045002813,0.24185809177388462,20,analysis_outputs/matched_compute_large_m_krr_2026_08_22/krr_learning_curves_m1024.csv
MPNN,matched-compute-MID,MID,1024,512,rho_0.1,0.1,common,0.23688244680976833,0.24554653368699353,20,analysis_outputs/matched_compute_large_m_krr_2026_08_22/krr_learning_curves_m1024.csv
MPNN,matched-compute-MID,MID,1024,512,rho_1e-06,1e-06,common,0.2278986971025146,0.2420214200049109,20,analysis_outputs/matched_compute_large_m_krr_2026_08_22/krr_learning_curves_m1024.csv
MPNN,matched-compute-MID,MID,1024,512,rho_1e-08,1e-08,common,0.22789859665846085,0.24202146968816263,20,analysis_outputs/matched_compute_large_m_krr_2026_08_22/krr_learning_curves_m1024.csv
MPNN,matched-compute-MID,MID,1024,512,ridgeless,0.0,common,0.2278985956438577,0.24202147019006656,20,analysis_outputs/matched_compute_large_m_krr_2026_08_22/krr_learning_curves_m1024.csv
MC-EGNN,matched-compute-HIGH,HIGH,1024,32,SELECTED,,common,0.5244462173687803,0.5131182833397384,20,analysis_outputs/matched_compute_large_m_krr_2026_08_22/krr_learning_curves_m1024.csv
MC-EGNN,matched-compute-HIGH,HIGH,1024,64,SELECTED,,common,0.3004207864510141,0.3383634127176283,20,analysis_outputs/matched_compute_large_m_krr_2026_08_22/krr_learning_curves_m1024.csv
MC-EGNN,matched-compute-HIGH,HIGH,1024,128,SELECTED,,common,0.15991615325566155,0.20840727320019545,20,analysis_outputs/matched_compute_large_m_krr_2026_08_22/krr_learning_curves_m1024.csv
MC-EGNN,matched-compute-HIGH,HIGH,1024,256,SELECTED,,common,0.11012892093975647,0.11133020845707668,20,analysis_outputs/matched_compute_large_m_krr_2026_08_22/krr_learning_curves_m1024.csv
MC-EGNN,matched-compute-HIGH,HIGH,1024,512,SELECTED,,common,0.04156136856166,0.05682948061769931,20,analysis_outputs/matched_compute_large_m_krr_2026_08_22/krr_learning_curves_m1024.csv
MC-EGNN,matched-compute-LOW,LOW,1024,32,SELECTED,,common,0.4715993331194453,0.4330642128018357,20,analysis_outputs/matched_compute_large_m_krr_2026_08_22/krr_learning_curves_m1024.csv
MC-EGNN,matched-compute-LOW,LOW,1024,64,SELECTED,,common,0.22772286212207304,0.27453357855465327,20,analysis_outputs/matched_compute_large_m_krr_2026_08_22/krr_learning_curves_m1024.csv
MC-EGNN,matched-compute-LOW,LOW,1024,128,SELECTED,,common,0.14734622482745746,0.15163715491264368,20,analysis_outputs/matched_compute_large_m_krr_2026_08_22/krr_learning_curves_m1024.csv
MC-EGNN,matched-compute-LOW,LOW,1024,256,SELECTED,,common,0.075157427723446,0.0809544227371234,20,analysis_outputs/matched_compute_large_m_krr_2026_08_22/krr_learning_curves_m1024.csv
MC-EGNN,matched-compute-LOW,LOW,1024,512,SELECTED,,common,0.04882661274437393,0.052309194301548526,20,analysis_outputs/matched_compute_large_m_krr_2026_08_22/krr_learning_curves_m1024.csv
MC-EGNN,matched-compute-MID,MID,1024,32,SELECTED,,common,0.5038111304259296,0.49111555439963395,20,analysis_outputs/matched_compute_large_m_krr_2026_08_22/krr_learning_curves_m1024.csv
MC-EGNN,matched-compute-MID,MID,1024,64,SELECTED,,common,0.27907255892002,0.3104232642097809,20,analysis_outputs/matched_compute_large_m_krr_2026_08_22/krr_learning_curves_m1024.csv
MC-EGNN,matched-compute-MID,MID,1024,128,SELECTED,,common,0.14595182876411572,0.1585493497429155,20,analysis_outputs/matched_compute_large_m_krr_2026_08_22/krr_learning_curves_m1024.csv
MC-EGNN,matched-compute-MID,MID,1024,256,SELECTED,,common,0.07115112196533363,0.08195905140058515,20,analysis_outputs/matched_compute_large_m_krr_2026_08_22/krr_learning_curves_m1024.csv
MC-EGNN,matched-compute-MID,MID,1024,512,SELECTED,,common,0.04226145946966414,0.04697801410875366,20,analysis_outputs/matched_compute_large_m_krr_2026_08_22/krr_learning_curves_m1024.csv
eSEN,matched-compute-HIGH,HIGH,1024,32,SELECTED,,common,0.2888946645304583,0.2790885224612456,20,analysis_outputs/matched_compute_large_m_krr_2026_08_22/krr_learning_curves_m1024.csv
eSEN,matched-compute-HIGH,HIGH,1024,64,SELECTED,,common,0.11969683942118914,0.1348802245914564,20,analysis_outputs/matched_compute_large_m_krr_2026_08_22/krr_learning_curves_m1024.csv
eSEN,matched-compute-HIGH,HIGH,1024,128,SELECTED,,common,0.054317700392364665,0.06321358620187309,20,analysis_outputs/matched_compute_large_m_krr_2026_08_22/krr_learning_curves_m1024.csv
eSEN,matched-compute-HIGH,HIGH,1024,256,SELECTED,,common,0.012356090063832682,0.024999450431045928,20,analysis_outputs/matched_compute_large_m_krr_2026_08_22/krr_learning_curves_m1024.csv
eSEN,matched-compute-HIGH,HIGH,1024,512,SELECTED,,common,0.004930102875845971,0.0064907009200851,20,analysis_outputs/matched_compute_large_m_krr_2026_08_22/krr_learning_curves_m1024.csv
eSEN,matched-compute-LOW,LOW,1024,32,SELECTED,,common,0.1850690376827479,0.18754038244469312,20,analysis_outputs/matched_compute_large_m_krr_2026_08_22/krr_learning_curves_m1024.csv
eSEN,matched-compute-LOW,LOW,1024,64,SELECTED,,common,0.06409989560367933,0.07674657189666792,20,analysis_outputs/matched_compute_large_m_krr_2026_08_22/krr_learning_curves_m1024.csv
eSEN,matched-compute-LOW,LOW,1024,128,SELECTED,,common,0.03459155387645288,0.043923784400516495,20,analysis_outputs/matched_compute_large_m_krr_2026_08_22/krr_learning_curves_m1024.csv
eSEN,matched-compute-LOW,LOW,1024,256,SELECTED,,common,0.023647725675482033,0.028167860054412658,20,analysis_outputs/matched_compute_large_m_krr_2026_08_22/krr_learning_curves_m1024.csv
eSEN,matched-compute-LOW,LOW,1024,512,SELECTED,,common,0.01777424377109247,0.01921686133825974,20,analysis_outputs/matched_compute_large_m_krr_2026_08_22/krr_learning_curves_m1024.csv
eSEN,matched-compute-MID,MID,1024,32,SELECTED,,common,0.1735956669328971,0.18811533865873736,20,analysis_outputs/matched_compute_large_m_krr_2026_08_22/krr_learning_curves_m1024.csv
eSEN,matched-compute-MID,MID,1024,64,SELECTED,,common,0.06712541247083903,0.08020021281966043,20,analysis_outputs/matched_compute_large_m_krr_2026_08_22/krr_learning_curves_m1024.csv
eSEN,matched-compute-MID,MID,1024,128,SELECTED,,common,0.03233002892255703,0.037922357041523184,20,analysis_outputs/matched_compute_large_m_krr_2026_08_22/krr_learning_curves_m1024.csv
eSEN,matched-compute-MID,MID,1024,256,SELECTED,,common,0.016368820702926223,0.018824121286279135,20,analysis_outputs/matched_compute_large_m_krr_2026_08_22/krr_learning_curves_m1024.csv
eSEN,matched-compute-MID,MID,1024,512,SELECTED,,common,0.007378539991869095,0.008345044828316859,20,analysis_outputs/matched_compute_large_m_krr_2026_08_22/krr_learning_curves_m1024.csv
GemNet-OC,matched-compute-HIGH,HIGH,1024,32,SELECTED,,common,0.1072945445922659,0.10339698632105768,20,analysis_outputs/matched_compute_large_m_krr_2026_08_22/krr_learning_curves_m1024.csv
GemNet-OC,matched-compute-HIGH,HIGH,1024,64,SELECTED,,common,0.028956035511057514,0.038142462147381075,20,analysis_outputs/matched_compute_large_m_krr_2026_08_22/krr_learning_curves_m1024.csv
GemNet-OC,matched-compute-HIGH,HIGH,1024,128,SELECTED,,common,0.015217139685437085,0.01587807324089909,20,analysis_outputs/matched_compute_large_m_krr_2026_08_22/krr_learning_curves_m1024.csv
GemNet-OC,matched-compute-HIGH,HIGH,1024,256,SELECTED,,common,0.006192602746767422,0.008080293364516876,20,analysis_outputs/matched_compute_large_m_krr_2026_08_22/krr_learning_curves_m1024.csv
GemNet-OC,matched-compute-HIGH,HIGH,1024,512,SELECTED,,common,0.0040347956689988015,0.004004101664272125,20,analysis_outputs/matched_compute_large_m_krr_2026_08_22/krr_learning_curves_m1024.csv
GemNet-OC,matched-compute-LOW,LOW,1024,32,SELECTED,,common,0.04061980028222412,0.044679910811618796,20,analysis_outputs/matched_compute_large_m_krr_2026_08_22/krr_learning_curves_m1024.csv
GemNet-OC,matched-compute-LOW,LOW,1024,64,SELECTED,,common,0.014230089182891986,0.017629590297318677,20,analysis_outputs/matched_compute_large_m_krr_2026_08_22/krr_learning_curves_m1024.csv
GemNet-OC,matched-compute-LOW,LOW,1024,128,SELECTED,,common,0.01032508434710179,0.010975059650076955,20,analysis_outputs/matched_compute_large_m_krr_2026_08_22/krr_learning_curves_m1024.csv
GemNet-OC,matched-compute-LOW,LOW,1024,256,SELECTED,,common,0.00897412403711063,0.009079121675130763,20,analysis_outputs/matched_compute_large_m_krr_2026_08_22/krr_learning_curves_m1024.csv
GemNet-OC,matched-compute-LOW,LOW,1024,512,SELECTED,,common,0.007807010453108797,0.00817016711170766,20,analysis_outputs/matched_compute_large_m_krr_2026_08_22/krr_learning_curves_m1024.csv
GemNet-OC,matched-compute-MID,MID,1024,32,SELECTED,,common,0.03615227144953351,0.0387891432660238,20,analysis_outputs/matched_compute_large_m_krr_2026_08_22/krr_learning_curves_m1024.csv
GemNet-OC,matched-compute-MID,MID,1024,64,SELECTED,,common,0.010199911232446521,0.01412376038683425,20,analysis_outputs/matched_compute_large_m_krr_2026_08_22/krr_learning_curves_m1024.csv
GemNet-OC,matched-compute-MID,MID,1024,128,SELECTED,,common,0.007432613668501363,0.007811625966262679,20,analysis_outputs/matched_compute_large_m_krr_2026_08_22/krr_learning_curves_m1024.csv
GemNet-OC,matched-compute-MID,MID,1024,256,SELECTED,,common,0.005459447194155684,0.006596444747851131,20,analysis_outputs/matched_compute_large_m_krr_2026_08_22/krr_learning_curves_m1024.csv
GemNet-OC,matched-compute-MID,MID,1024,512,SELECTED,,common,0.00536689368053081,0.006070733334017253,20,analysis_outputs/matched_compute_large_m_krr_2026_08_22/krr_learning_curves_m1024.csv
MPNN,matched-compute-HIGH,HIGH,1024,32,SELECTED,,common,0.8974557271236725,0.8627206789115028,20,analysis_outputs/matched_compute_large_m_krr_2026_08_22/krr_learning_curves_m1024.csv
MPNN,matched-compute-HIGH,HIGH,1024,64,SELECTED,,common,0.7400302491543487,0.6943042137575918,20,analysis_outputs/matched_compute_large_m_krr_2026_08_22/krr_learning_curves_m1024.csv
MPNN,matched-compute-HIGH,HIGH,1024,128,SELECTED,,common,0.46452650583874255,0.48400493850569964,20,analysis_outputs/matched_compute_large_m_krr_2026_08_22/krr_learning_curves_m1024.csv
MPNN,matched-compute-HIGH,HIGH,1024,256,SELECTED,,common,0.2860185015762367,0.29747285042925137,20,analysis_outputs/matched_compute_large_m_krr_2026_08_22/krr_learning_curves_m1024.csv
MPNN,matched-compute-HIGH,HIGH,1024,512,SELECTED,,common,0.19483540078578065,0.20247818094453313,20,analysis_outputs/matched_compute_large_m_krr_2026_08_22/krr_learning_curves_m1024.csv
MPNN,matched-compute-LOW,LOW,1024,32,SELECTED,,common,0.8701992692346225,0.8513824083612226,20,analysis_outputs/matched_compute_large_m_krr_2026_08_22/krr_learning_curves_m1024.csv
MPNN,matched-compute-LOW,LOW,1024,64,SELECTED,,common,0.6954969247803686,0.6759225582686577,20,analysis_outputs/matched_compute_large_m_krr_2026_08_22/krr_learning_curves_m1024.csv
MPNN,matched-compute-LOW,LOW,1024,128,SELECTED,,common,0.4652810415681035,0.46684102539021133,20,analysis_outputs/matched_compute_large_m_krr_2026_08_22/krr_learning_curves_m1024.csv
MPNN,matched-compute-LOW,LOW,1024,256,SELECTED,,common,0.29890488752576116,0.3323171552917094,20,analysis_outputs/matched_compute_large_m_krr_2026_08_22/krr_learning_curves_m1024.csv
MPNN,matched-compute-LOW,LOW,1024,512,SELECTED,,common,0.28166243999099305,0.2867201762638837,20,analysis_outputs/matched_compute_large_m_krr_2026_08_22/krr_learning_curves_m1024.csv
MPNN,matched-compute-MID,MID,1024,32,SELECTED,,common,0.8816456443310311,0.8492334772215224,20,analysis_outputs/matched_compute_large_m_krr_2026_08_22/krr_learning_curves_m1024.csv
MPNN,matched-compute-MID,MID,1024,64,SELECTED,,common,0.6934640743573454,0.6660591777802665,20,analysis_outputs/matched_compute_large_m_krr_2026_08_22/krr_learning_curves_m1024.csv
MPNN,matched-compute-MID,MID,1024,128,SELECTED,,common,0.43819964074738676,0.4464214832834192,20,analysis_outputs/matched_compute_large_m_krr_2026_08_22/krr_learning_curves_m1024.csv
MPNN,matched-compute-MID,MID,1024,256,SELECTED,,common,0.2826067616035673,0.30126277069183205,20,analysis_outputs/matched_compute_large_m_krr_2026_08_22/krr_learning_curves_m1024.csv
MPNN,matched-compute-MID,MID,1024,512,SELECTED,,common,0.23166726318015035,0.24313650030235254,20,analysis_outputs/matched_compute_large_m_krr_2026_08_22/krr_learning_curves_m1024.csv
