claim,study,architecture,role_tier,lmax,width_label,width,global_step,seed,N_trainable_params,D_atom_tokens,C_flops,checkpoint_path,checkpoint_sha256,status,source_file
1,four_arch_matched_compute_frontier_kernel_2026_08_15,MC-EGNN,HIGH,,hc,320,250000,,10372498,433116378,3.78582870890503e+17,<CHECKPOINT_ROOT>/geometric_scaling_checkpoints_mc_egnn/mc-egnn-hc-320-neutral-epoch/mc_egnn/run_9745363_params_10.4_million/dim_320_step_step=250000.ckpt,1913be4e6529bee6df86819087bb4f31a80702867aa4dfea4b94274077fd6ee7,EXISTING,upstream-analysis/analysis_outputs/four_arch_matched_compute_frontier_kernel_2026_08_15/selected_frontier_owners.csv
1,four_arch_matched_compute_frontier_kernel_2026_08_15,eSEN,HIGH,4,sphere_channels,40,275000,,4253730,476605759,4.522617321737471e+17,<CHECKPOINT_ROOT>/geometric_scaling_checkpoints_esen/esen-sphere-40-neutral-epoch/esen/run_9928671_params_4.3_million/dim_32_step_step=275000.ckpt,03c9c8ec73d9a160fbd3c45cb1e6174f4e0cc056ed94dd2df0913dbe1a2184a6,EXISTING,upstream-analysis/analysis_outputs/four_arch_matched_compute_frontier_kernel_2026_08_15/selected_frontier_owners.csv
1,four_arch_matched_compute_frontier_kernel_2026_08_15,GemNet-OC,HIGH,,width,144,500000,,4236240,866390858,3.873570882593403e+17,<CHECKPOINT_ROOT>/geometric_scaling_checkpoints_gemnet_oc/gemnet-oc-atom144-neutral-epoch/gemnet_oc/run_9816222_params_4.2_million/dim_144_step_step=500000.ckpt,0c87d81da5e26d69d272d0007432fe059d458285d273bb9e481c600eb8015a19,EXISTING,upstream-analysis/analysis_outputs/four_arch_matched_compute_frontier_kernel_2026_08_15/selected_frontier_owners.csv
1,four_arch_matched_compute_frontier_kernel_2026_08_15,MPNN,HIGH,,hc,2557,450000,,78984522,779777582,4.305166134682947e+17,<CHECKPOINT_ROOT>/geometric_scaling_checkpoints_corrected_stats/dim-2557-neutral-epoch-corrected-stats/mpnn/run_10325229_params_79.0_million/dim_2557_step_step=450000.ckpt,6df8f674edd0a4488449e4255e8b401e11f19249c29913558940b4dcb9c76ed0,EXISTING,upstream-analysis/analysis_outputs/four_arch_matched_compute_frontier_kernel_2026_08_15/selected_frontier_owners.csv
1,four_arch_matched_compute_frontier_kernel_2026_08_15,MC-EGNN,LOW,,hc,96,100000,,1055050,173280589,1.5406214890718402e+16,<CHECKPOINT_ROOT>/geometric_scaling_checkpoints_mc_egnn/mc-egnn-hc-96-neutral-epoch/mc_egnn/run_9745361_params_1.1_million/dim_96_step_step=100000.ckpt,30d7986dc7f86d1ad0af3ddc5c189a1e46e440daa5f9cc878f92e70b77ab5705,EXISTING,upstream-analysis/analysis_outputs/four_arch_matched_compute_frontier_kernel_2026_08_15/selected_frontier_owners.csv
1,four_arch_matched_compute_frontier_kernel_2026_08_15,eSEN,LOW,4,sphere_channels,10,50000,,1089390,86650769,2.10579670352222e+16,<CHECKPOINT_ROOT>/geometric_scaling_checkpoints_esen/esen-sphere-10-neutral-epoch/esen/run_9741255_params_1.1_million/dim_32_step_step=50000.ckpt,c839ef8fcf38f2bdfec7d9cdef8d92594bef88b51f890cad0a1eba83baa6d2d3,EXISTING,upstream-analysis/analysis_outputs/four_arch_matched_compute_frontier_kernel_2026_08_15/selected_frontier_owners.csv
1,four_arch_matched_compute_frontier_kernel_2026_08_15,GemNet-OC,LOW,,width,48,200000,,575472,346647268,2.1053730974271748e+16,<CHECKPOINT_ROOT>/geometric_scaling_checkpoints_gemnet_oc/gemnet-oc-atom48-neutral-epoch/gemnet_oc/run_9816221_params_575.5_thousand/dim_48_step_step=200000.ckpt,a77cfa67e248209a707d1d5555b930f4dff17422468698ea55640868980c9b22,EXISTING,upstream-analysis/analysis_outputs/four_arch_matched_compute_frontier_kernel_2026_08_15/selected_frontier_owners.csv
1,four_arch_matched_compute_frontier_kernel_2026_08_15,MPNN,LOW,,hc,607,400000,,4546197,693100729,2.202529745959452e+16,<CHECKPOINT_ROOT>/geometric_scaling_checkpoints_corrected_stats/dim-607-neutral-epoch-corrected-stats/mpnn/run_9782261_params_4.5_million/dim_607_step_step=400000.ckpt,8b4c7083fcef7edccbbe9bf3e4b477be37233ffead8dff55fef4a3755807b1de,EXISTING,upstream-analysis/analysis_outputs/four_arch_matched_compute_frontier_kernel_2026_08_15/selected_frontier_owners.csv
1,four_arch_matched_compute_frontier_kernel_2026_08_15,MC-EGNN,MID,,hc,96,450000,,1055050,779691165,6.9321611299373976e+16,<CHECKPOINT_ROOT>/geometric_scaling_checkpoints_mc_egnn/mc-egnn-hc-96-neutral-epoch/mc_egnn/run_9745361_params_1.1_million/dim_96_step_step=450000.ckpt,c8e08595eb3e8a5c8279ef6498ac6ae03006716070dc4ec9c17b9db3ae360710,EXISTING,upstream-analysis/analysis_outputs/four_arch_matched_compute_frontier_kernel_2026_08_15/selected_frontier_owners.csv
1,four_arch_matched_compute_frontier_kernel_2026_08_15,eSEN,MID,4,sphere_channels,16,150000,,1722258,259964327,9.987863619290285e+16,<CHECKPOINT_ROOT>/geometric_scaling_checkpoints_esen/esen-sphere-16-neutral-epoch/esen/run_9721383_params_1.7_million/dim_32_step_step=150000.ckpt,1d7e8d23a3c29310c08925648eaf217d69cb62122011febf2805ccd23599abbf,EXISTING,upstream-analysis/analysis_outputs/four_arch_matched_compute_frontier_kernel_2026_08_15/selected_frontier_owners.csv
1,four_arch_matched_compute_frontier_kernel_2026_08_15,GemNet-OC,MID,,width,64,500000,,937280,866390858,8.570384390018376e+16,<CHECKPOINT_ROOT>/geometric_scaling_checkpoints_gemnet_oc/gemnet-oc-atom64-neutral-epoch/gemnet_oc/run_9816214_params_937.3_thousand/dim_64_step_step=500000.ckpt,edf850ac2c05ebf95203694d7c1f1ea3ea8debe87903eff973137b6a8646a433,EXISTING,upstream-analysis/analysis_outputs/four_arch_matched_compute_frontier_kernel_2026_08_15/selected_frontier_owners.csv
1,four_arch_matched_compute_frontier_kernel_2026_08_15,MPNN,MID,,hc,1150,500000,,16106329,866390858,9.754108964876658e+16,<CHECKPOINT_ROOT>/geometric_scaling_checkpoints_corrected_stats/dim-1150-neutral-epoch-corrected-stats/mpnn/run_10325226_params_16.1_million/dim_1150_step_step=500000.ckpt,2b5e3626b3e1b39b96825705332ecf8b8c870f4c60c09be03b2d1591fc387269,EXISTING,upstream-analysis/analysis_outputs/four_arch_matched_compute_frontier_kernel_2026_08_15/selected_frontier_owners.csv
2,"stage3b1_true_lmax_frontiers_2026_08_16 (matched-compute lmax owners, backs C4)",eSEN,matched_compute_LOW,4,sphere_channels,10,50000,1,1089390,86650769,2.3989785957410084e+16,<CHECKPOINT_ROOT>/geometric_scaling_checkpoints_esen/esen-sphere-10-neutral-epoch/esen/run_9741255_params_1.1_million/dim_32_step_step=50000.ckpt,c839ef8fcf38f2bdfec7d9cdef8d92594bef88b51f890cad0a1eba83baa6d2d3,EXISTING,"upstream-analysis/analysis_outputs/stage3b1_true_lmax_frontiers_2026_08_16/frontier_owner_manifest.json ; stage3b1_frontier_lmax{2,4}.json ; cross-checked against final_validation_sprint_2026_08_20/INVENTORY.md#4 (see data/PROVENANCE.md for a HIGH/lmax4 internal-inconsistency note in frontier_owner_manifest.json itself)"
2,"stage3b1_true_lmax_frontiers_2026_08_16 (matched-compute lmax owners, backs C4)",eSEN,matched_compute_LOW,2,sphere_channels,16,125000,1,494290,216671114,2.3263386531130812e+16,<CHECKPOINT_ROOT>/geometric_scaling_checkpoints_esen/esen-sphere-16-neutral-epoch-lmax2/esen/run_10337251_params_494.3_thousand/dim_32_step_step=125000.ckpt,,EXISTING,"upstream-analysis/analysis_outputs/stage3b1_true_lmax_frontiers_2026_08_16/frontier_owner_manifest.json ; stage3b1_frontier_lmax{2,4}.json ; cross-checked against final_validation_sprint_2026_08_20/INVENTORY.md#4 (see data/PROVENANCE.md for a HIGH/lmax4 internal-inconsistency note in frontier_owner_manifest.json itself)"
2,"stage3b1_true_lmax_frontiers_2026_08_16 (matched-compute lmax owners, backs C4)",eSEN,matched_compute_MID,4,sphere_channels,16,150000,1,1722258,259964327,1.1268708929342485e+17,<CHECKPOINT_ROOT>/geometric_scaling_checkpoints_esen/esen-sphere-16-neutral-epoch/esen/run_9721383_params_1.7_million/dim_32_step_step=150000.ckpt,1d7e8d23a3c29310c08925648eaf217d69cb62122011febf2805ccd23599abbf,EXISTING,"upstream-analysis/analysis_outputs/stage3b1_true_lmax_frontiers_2026_08_16/frontier_owner_manifest.json ; stage3b1_frontier_lmax{2,4}.json ; cross-checked against final_validation_sprint_2026_08_20/INVENTORY.md#4 (see data/PROVENANCE.md for a HIGH/lmax4 internal-inconsistency note in frontier_owner_manifest.json itself)"
2,"stage3b1_true_lmax_frontiers_2026_08_16 (matched-compute lmax owners, backs C4)",eSEN,matched_compute_MID,2,sphere_channels,32,300000,1,955506,519928706,1.079113959899742e+17,<CHECKPOINT_ROOT>/geometric_scaling_checkpoints_esen/esen-sphere-32-neutral-epoch-lmax2/esen/run_10337245_params_955.5_thousand/dim_32_step_step=300000.ckpt,,EXISTING,"upstream-analysis/analysis_outputs/stage3b1_true_lmax_frontiers_2026_08_16/frontier_owner_manifest.json ; stage3b1_frontier_lmax{2,4}.json ; cross-checked against final_validation_sprint_2026_08_20/INVENTORY.md#4 (see data/PROVENANCE.md for a HIGH/lmax4 internal-inconsistency note in frontier_owner_manifest.json itself)"
2,"stage3b1_true_lmax_frontiers_2026_08_16 (matched-compute lmax owners, backs C4)",eSEN,matched_compute_UPPERMID,4,sphere_channels,20,200000,1,2144170,346575759,1.8649009486112646e+17,<CHECKPOINT_ROOT>/geometric_scaling_checkpoints_esen/esen-sphere-20-neutral-epoch/esen/run_9741258_params_2.1_million/dim_32_step_step=200000.ckpt,,EXISTING,"upstream-analysis/analysis_outputs/stage3b1_true_lmax_frontiers_2026_08_16/frontier_owner_manifest.json ; stage3b1_frontier_lmax{2,4}.json ; cross-checked against final_validation_sprint_2026_08_20/INVENTORY.md#4 (see data/PROVENANCE.md for a HIGH/lmax4 internal-inconsistency note in frontier_owner_manifest.json itself)"
2,"stage3b1_true_lmax_frontiers_2026_08_16 (matched-compute lmax owners, backs C4)",eSEN,matched_compute_UPPERMID,2,sphere_channels,32,525000,1,955506,909680830,1.8880459404874333e+17,<CHECKPOINT_ROOT>/geometric_scaling_checkpoints_esen/esen-sphere-32-neutral-epoch-lmax2/esen/run_10337245_params_955.5_thousand/dim_32_step_step=525000.ckpt,,EXISTING,"upstream-analysis/analysis_outputs/stage3b1_true_lmax_frontiers_2026_08_16/frontier_owner_manifest.json ; stage3b1_frontier_lmax{2,4}.json ; cross-checked against final_validation_sprint_2026_08_20/INVENTORY.md#4 (see data/PROVENANCE.md for a HIGH/lmax4 internal-inconsistency note in frontier_owner_manifest.json itself)"
2,"stage3b1_true_lmax_frontiers_2026_08_16 (matched-compute lmax owners, backs C4)",eSEN,matched_compute_HIGH,4,sphere_channels,24,300000,1,2566082,519711759,3.346812983455683e+17,<CHECKPOINT_ROOT>/geometric_scaling_checkpoints_esen/esen-sphere-24-neutral-epoch/esen/run_9721434_params_2.6_million/dim_32_step_step=300000.ckpt,,EXISTING,"CANONICAL final-paper HIGH lmax4 owner (w24/s300000), confirmed by user 2026-08-22 as the executed/audited owner. Source: final_validation_sprint_2026_08_20/INVENTORY.md#4, confirmed by stage3_lmax2_lmax4_compensation_2026_08_20/summary.json and stage3_high_order_gap_erasure_2026_08_20/summary.json (both report C4_flops=3.347e17). The raw stage3b1_true_lmax_frontiers_2026_08_16/frontier_owner_manifest.json literal field (w40/step200000, C_flops=3.700e17) is STALE/superseded -- retained only as a provenance note, never used as the canonical value (see data/PROVENANCE.md sec 3a)."
2,"stage3b1_true_lmax_frontiers_2026_08_16 (matched-compute lmax owners, backs C4)",eSEN,matched_compute_HIGH,2,sphere_channels,64,525000,1,1877938,909680830,3.724042082098752e+17,<CHECKPOINT_ROOT>/geometric_scaling_checkpoints_esen/esen-sphere-64-neutral-epoch-lmax2/esen/run_10338627_params_1.9_million/dim_32_step_step=525000.ckpt,,EXISTING,"upstream-analysis/analysis_outputs/stage3b1_true_lmax_frontiers_2026_08_16/frontier_owner_manifest.json ; stage3b1_frontier_lmax{2,4}.json ; cross-checked against final_validation_sprint_2026_08_20/INVENTORY.md#4 (see data/PROVENANCE.md for a HIGH/lmax4 internal-inconsistency note in frontier_owner_manifest.json itself)"
2,final_validation_sprint_2026_08_20/control_B_same_width (backs C4/C5),eSEN,SW_w10_s50000,4,sphere_channels,10,50000,1,1089390,86650769,2.369e+16,<CHECKPOINT_ROOT>/geometric_scaling_checkpoints_esen/esen-sphere-10-neutral-epoch/esen/run_9741255_params_1.1_million/dim_32_step_step=50000.ckpt,c839ef8fcf38f2bdfec7d9cdef8d92594bef88b51f890cad0a1eba83baa6d2d3,EXISTING,upstream-analysis/analysis_outputs/final_validation_sprint_2026_08_20/INVENTORY.md#5
2,final_validation_sprint_2026_08_20/control_B_same_width (backs C4/C5),eSEN,SW_w10_s50000,2,sphere_channels,10,50000,1,321334,86663206,6049000000000000.0,<CHECKPOINT_ROOT>/geometric_scaling_checkpoints_esen/esen-sphere-10-neutral-epoch-lmax2/esen/run_10337253_params_321.3_thousand/dim_32_step_step=50000.ckpt,,EXISTING,upstream-analysis/analysis_outputs/final_validation_sprint_2026_08_20/INVENTORY.md#5
2,final_validation_sprint_2026_08_20/control_B_same_width (backs C4/C5),eSEN,SW_w16_s150000,4,sphere_channels,16,150000,1,1722258,259964327,1.124e+17,<CHECKPOINT_ROOT>/geometric_scaling_checkpoints_esen/esen-sphere-16-neutral-epoch/esen/run_9721383_params_1.7_million/dim_32_step_step=150000.ckpt,1d7e8d23a3c29310c08925648eaf217d69cb62122011febf2805ccd23599abbf,EXISTING,upstream-analysis/analysis_outputs/final_validation_sprint_2026_08_20/INVENTORY.md#5
2,final_validation_sprint_2026_08_20/control_B_same_width (backs C4/C5),eSEN,SW_w16_s150000,2,sphere_channels,16,150000,1,494290,259995645,2.792e+16,<CHECKPOINT_ROOT>/geometric_scaling_checkpoints_esen/esen-sphere-16-neutral-epoch-lmax2/esen/run_10337251_params_494.3_thousand/dim_32_step_step=150000.ckpt,,EXISTING,upstream-analysis/analysis_outputs/final_validation_sprint_2026_08_20/INVENTORY.md#5
2,final_validation_sprint_2026_08_20/control_B_same_width (backs C4/C5),eSEN,SW_w20_s200000,4,sphere_channels,20,200000,1,2144170,346575759,1.865e+17,<CHECKPOINT_ROOT>/geometric_scaling_checkpoints_esen/esen-sphere-20-neutral-epoch/esen/run_9741258_params_2.1_million/dim_32_step_step=200000.ckpt,,EXISTING,upstream-analysis/analysis_outputs/final_validation_sprint_2026_08_20/INVENTORY.md#5
2,final_validation_sprint_2026_08_20/control_B_same_width (backs C4/C5),eSEN,SW_w20_s200000,2,sphere_channels,20,200000,1,609594,346647268,4.59e+16,<CHECKPOINT_ROOT>/geometric_scaling_checkpoints_esen/esen-sphere-20-neutral-epoch-lmax2/esen/run_10337246_params_609.6_thousand/dim_32_step_step=200000.ckpt,,EXISTING,upstream-analysis/analysis_outputs/final_validation_sprint_2026_08_20/INVENTORY.md#5
2,final_validation_sprint_2026_08_20/control_B_same_width (backs C4/C5),eSEN,SW_w24_s300000,4,sphere_channels,24,300000,1,2566082,519711759,3.347e+17,<CHECKPOINT_ROOT>/geometric_scaling_checkpoints_esen/esen-sphere-24-neutral-epoch/esen/run_9721434_params_2.6_million/dim_32_step_step=300000.ckpt,,EXISTING,upstream-analysis/analysis_outputs/final_validation_sprint_2026_08_20/INVENTORY.md#5
2,final_validation_sprint_2026_08_20/control_B_same_width (backs C4/C5),eSEN,SW_w24_s300000,2,sphere_channels,24,300000,1,724898,519928706,8.187e+16,<CHECKPOINT_ROOT>/geometric_scaling_checkpoints_esen/esen-sphere-24-neutral-epoch-lmax2/esen/run_10337244_params_724.9_thousand/dim_32_step_step=300000.ckpt,,EXISTING,upstream-analysis/analysis_outputs/final_validation_sprint_2026_08_20/INVENTORY.md#5
2,stage3_block9_dose_response_2026_08_19 (backs C2/C3),eSEN,dose_response_LOW,4,sphere_channels,10,50000,1,1089390,86650769,2.399e+16,<CHECKPOINT_ROOT>/geometric_scaling_checkpoints_esen/esen-sphere-10-neutral-epoch/esen/run_9741255_params_1.1_million/dim_32_step_step=50000.ckpt,c839ef8fcf38f2bdfec7d9cdef8d92594bef88b51f890cad0a1eba83baa6d2d3,EXISTING,"upstream-analysis/analysis_outputs/stage3_block9_dose_response_2026_08_19/dose_response_M1024.jsonl ; cross-checked data/claim1/owner_manifest.csv (LOW/MID/HIGH identical checkpoints, reused across studies) ; final_validation_sprint_2026_08_20/INVENTORY.md#8a"
2,stage3_block9_dose_response_2026_08_19 (backs C2/C3),eSEN,dose_response_MID,4,sphere_channels,16,150000,1,1722258,259964327,1.127e+17,<CHECKPOINT_ROOT>/geometric_scaling_checkpoints_esen/esen-sphere-16-neutral-epoch/esen/run_9721383_params_1.7_million/dim_32_step_step=150000.ckpt,1d7e8d23a3c29310c08925648eaf217d69cb62122011febf2805ccd23599abbf,EXISTING,"upstream-analysis/analysis_outputs/stage3_block9_dose_response_2026_08_19/dose_response_M1024.jsonl ; cross-checked data/claim1/owner_manifest.csv (LOW/MID/HIGH identical checkpoints, reused across studies) ; final_validation_sprint_2026_08_20/INVENTORY.md#8a"
2,stage3_block9_dose_response_2026_08_19 (backs C2/C3),eSEN,dose_response_HIGH,4,sphere_channels,40,275000,1,4253730,476605759,4.5300417747619904e+17,<CHECKPOINT_ROOT>/geometric_scaling_checkpoints_esen/esen-sphere-40-neutral-epoch/esen/run_9928671_params_4.3_million/dim_32_step_step=275000.ckpt,03c9c8ec73d9a160fbd3c45cb1e6174f4e0cc056ed94dd2df0913dbe1a2184a6,EXISTING,"upstream-analysis/analysis_outputs/stage3_block9_dose_response_2026_08_19/dose_response_M1024.jsonl ; cross-checked data/claim1/owner_manifest.csv (LOW/MID/HIGH identical checkpoints, reused across studies) ; final_validation_sprint_2026_08_20/INVENTORY.md#8a"
2,seed_replication_PENDING (CANONICAL per 2026-08-22 provenance correction; see data/PROVENANCE.md sec 3b),eSEN,LOW_seed2,4,sphere_channels,10,50000,2,1089390,86650769,2.10579670352222e16,<CHECKPOINT_ROOT>/geometric_scaling_checkpoints_esen/esen-sphere-10-neutral-epoch-seed2/esen/run_10429387_params_1.1_million/dim_32_step_step=50000.ckpt,007462e2cc7d76c036b2033142351520821eac84899984aadc9098dee5bda057,ANALYSIS_COMPLETE,"upstream-analysis/analysis_outputs/seed_replication_2026_08_20/ (CANONICAL final-paper endpoint, confirmed by user 2026-08-22). Historical/superseded candidate from final_validation_sprint_2026_08_20/control_C_seeds/SEED_REPLICATION_REQUIRED.md agrees on LOW (w10/s50000) -- no conflict for this row. TRAINING COMPLETE 2026-08-22: job_id=10429387, sacct state=COMPLETED (end 2026-08-22T01:51:06); checkpoint_path/sha256 filled in from the actual on-disk file. N_trainable_params/D_atom_tokens/C_flops/status=result left blank -- no intervention/dose-response analysis on this checkpoint has been run yet (see seed_replication_PENDING.json). | ANALYSIS COMPLETE 2026-08-22: G(seed) computed via analysis_scripts/run_seed_replication_ell4_sensitivity.py + analyze_seed_replication.py; N/D/C filled from the checkpoint's own verified state-dict parameter count and architecture (identical to the seed=1 architecture-matched owner at this width; verified by load_checkpoint_strict_seedrepl's strict state-dict count assertion). See upstream-analysis/analysis_outputs/seed_replication_2026_08_20/REPORT.md and paper_repro/data/claim2/seed_replication_result_summary.json for the full result."
2,seed_replication_PENDING (CANONICAL per 2026-08-22 provenance correction; see data/PROVENANCE.md sec 3b),eSEN,HIGH_seed2,4,sphere_channels,24,300000,2,2566082,519711759,3.346812983455683e17,<CHECKPOINT_ROOT>/geometric_scaling_checkpoints_esen/esen-sphere-24-neutral-epoch-seed2/esen/run_10429389_params_2.6_million/dim_32_step_step=300000.ckpt,b55a9cbee0e0365062841732259baba0869f2cd40292ba8e353f25a32f389eb8,ANALYSIS_COMPLETE,"upstream-analysis/analysis_outputs/seed_replication_2026_08_20/ (CANONICAL final-paper endpoint w24/s300000, confirmed by user 2026-08-22, matches the Stage-3B.1 matched-compute HIGH lmax4 owner). Historical/superseded candidate: final_validation_sprint_2026_08_20/control_C_seeds/SEED_REPLICATION_REQUIRED.md's w40/s275000 -- retained as provenance only, NOT used as the pending endpoint. TRAINING COMPLETE 2026-08-22: job_id=10429389, sacct state=COMPLETED (end 2026-08-22T13:32:26); checkpoint_path/sha256 filled in from the actual on-disk file. N_trainable_params/D_atom_tokens/C_flops/status=result left blank -- no intervention/dose-response analysis on this checkpoint has been run yet (see seed_replication_PENDING.json). | ANALYSIS COMPLETE 2026-08-22: G(seed) computed via analysis_scripts/run_seed_replication_ell4_sensitivity.py + analyze_seed_replication.py; N/D/C filled from the checkpoint's own verified state-dict parameter count and architecture (identical to the seed=1 architecture-matched owner at this width; verified by load_checkpoint_strict_seedrepl's strict state-dict count assertion). See upstream-analysis/analysis_outputs/seed_replication_2026_08_20/REPORT.md and paper_repro/data/claim2/seed_replication_result_summary.json for the full result."
2,seed_replication_PENDING (CANONICAL per 2026-08-22 provenance correction; see data/PROVENANCE.md sec 3b),eSEN,LOW_seed3,4,sphere_channels,10,50000,3,1089390,86650769,2.10579670352222e16,<CHECKPOINT_ROOT>/geometric_scaling_checkpoints_esen/esen-sphere-10-neutral-epoch-seed3/esen/run_10429388_params_1.1_million/dim_32_step_step=50000.ckpt,7bd0c0cde0168aec2e8197aeddb8372a63ebac75d3f46b82806ee4c7e24a191a,ANALYSIS_COMPLETE,"upstream-analysis/analysis_outputs/seed_replication_2026_08_20/ (CANONICAL final-paper endpoint, confirmed by user 2026-08-22). Historical/superseded candidate from final_validation_sprint_2026_08_20/control_C_seeds/SEED_REPLICATION_REQUIRED.md agrees on LOW (w10/s50000) -- no conflict for this row. TRAINING COMPLETE 2026-08-22: job_id=10429388, sacct state=COMPLETED (end 2026-08-22T01:29:27); checkpoint_path/sha256 filled in from the actual on-disk file. N_trainable_params/D_atom_tokens/C_flops/status=result left blank -- no intervention/dose-response analysis on this checkpoint has been run yet (see seed_replication_PENDING.json). | ANALYSIS COMPLETE 2026-08-22: G(seed) computed via analysis_scripts/run_seed_replication_ell4_sensitivity.py + analyze_seed_replication.py; N/D/C filled from the checkpoint's own verified state-dict parameter count and architecture (identical to the seed=1 architecture-matched owner at this width; verified by load_checkpoint_strict_seedrepl's strict state-dict count assertion). See upstream-analysis/analysis_outputs/seed_replication_2026_08_20/REPORT.md and paper_repro/data/claim2/seed_replication_result_summary.json for the full result."
2,seed_replication_PENDING (CANONICAL per 2026-08-22 provenance correction; see data/PROVENANCE.md sec 3b),eSEN,HIGH_seed3,4,sphere_channels,24,300000,3,2566082,519711759,3.346812983455683e17,<CHECKPOINT_ROOT>/geometric_scaling_checkpoints_esen/esen-sphere-24-neutral-epoch-seed3/esen/run_10429390_params_2.6_million/dim_32_step_step=300000.ckpt,7aa927eff9987ddcba3b3ed3c0083e980bbea5f1b2d8905d2e1d39524ad10cbb,ANALYSIS_COMPLETE,"upstream-analysis/analysis_outputs/seed_replication_2026_08_20/ (CANONICAL final-paper endpoint w24/s300000, confirmed by user 2026-08-22, matches the Stage-3B.1 matched-compute HIGH lmax4 owner). Historical/superseded candidate: final_validation_sprint_2026_08_20/control_C_seeds/SEED_REPLICATION_REQUIRED.md's w40/s275000 -- retained as provenance only, NOT used as the pending endpoint. TRAINING COMPLETE 2026-08-22: job_id=10429390, sacct state=COMPLETED (end 2026-08-22T14:31:02); checkpoint_path/sha256 filled in from the actual on-disk file. N_trainable_params/D_atom_tokens/C_flops/status=result left blank -- no intervention/dose-response analysis on this checkpoint has been run yet (see seed_replication_PENDING.json). | ANALYSIS COMPLETE 2026-08-22: G(seed) computed via analysis_scripts/run_seed_replication_ell4_sensitivity.py + analyze_seed_replication.py; N/D/C filled from the checkpoint's own verified state-dict parameter count and architecture (identical to the seed=1 architecture-matched owner at this width; verified by load_checkpoint_strict_seedrepl's strict state-dict count assertion). See upstream-analysis/analysis_outputs/seed_replication_2026_08_20/REPORT.md and paper_repro/data/claim2/seed_replication_result_summary.json for the full result."
1,"dense_grid_claim1_2026_08_23 (PRECROSS/CROSS/FITX/POSTCROSS/TOP extension, see paper_repro/DENSER_GRID_PROPOSAL_V2.md)",MPNN,CROSS,,hc,1448,400000,,25458016,693029927,1.2332573712061338e+17,<CHECKPOINT_ROOT>/geometric_scaling_checkpoints_corrected_stats/dim-1448-neutral-epoch-corrected-stats/mpnn/run_9790137_params_25.5_million/dim_1448_step_step=400000.ckpt,4b15fd3b54a346628502cb820297bf07ebd2c62ab0700847d70a5607bbacf70a,EXISTING,"upstream-analysis/analysis_scripts/owners_dense_grid_2026_08_23.py (N/D/C/checkpoint_path cross-checked against paper_repro/data/claim1/four_arch_force_checkpoint_table.csv); checkpoint_sha256 computed directly from the on-disk file by run_dense_grid_large_m_kernels_2026_08_23.py's provenance check (real sha256_file() call, 2026-08-23)"
1,"dense_grid_claim1_2026_08_23 (PRECROSS/CROSS/FITX/POSTCROSS/TOP extension, see paper_repro/DENSER_GRID_PROPOSAL_V2.md)",MPNN,FITX,,hc,1583,450000,,30396045,779777582,1.656780597625177e+17,<CHECKPOINT_ROOT>/geometric_scaling_checkpoints_corrected_stats/dim-1583-neutral-epoch-corrected-stats/mpnn/run_10325227_params_30.4_million/dim_1583_step_step=450000.ckpt,8501bd4dbb0b6dd98e46de7509cd24f62634437121de64958a2aa91a2d39acfe,EXISTING,"upstream-analysis/analysis_scripts/owners_dense_grid_2026_08_23.py (N/D/C/checkpoint_path cross-checked against paper_repro/data/claim1/four_arch_force_checkpoint_table.csv); checkpoint_sha256 computed directly from the on-disk file by run_dense_grid_large_m_kernels_2026_08_23.py's provenance check (real sha256_file() call, 2026-08-23)"
1,"dense_grid_claim1_2026_08_23 (PRECROSS/CROSS/FITX/POSTCROSS/TOP extension, see paper_repro/DENSER_GRID_PROPOSAL_V2.md)",MPNN,POSTCROSS,,hc,1857,400000,,41763072,693194561,2.0236004118374925e+17,<CHECKPOINT_ROOT>/geometric_scaling_checkpoints_corrected_stats/dim-1857-neutral-epoch-corrected-stats/mpnn/run_10325228_params_41.8_million/dim_1857_step_step=400000.ckpt,a276a1880fe026d6f37394d56abd078ab179b3c53edacbd1ee712de8556ee5df,EXISTING,"upstream-analysis/analysis_scripts/owners_dense_grid_2026_08_23.py (N/D/C/checkpoint_path cross-checked against paper_repro/data/claim1/four_arch_force_checkpoint_table.csv); checkpoint_sha256 computed directly from the on-disk file by run_dense_grid_large_m_kernels_2026_08_23.py's provenance check (real sha256_file() call, 2026-08-23)"
1,"dense_grid_claim1_2026_08_23 (PRECROSS/CROSS/FITX/POSTCROSS/TOP extension, see paper_repro/DENSER_GRID_PROPOSAL_V2.md)",MPNN,TOP,,hc,2557,500000,,78984522,866390858,4.783359598122561e+17,<CHECKPOINT_ROOT>/geometric_scaling_checkpoints_corrected_stats/dim-2557-neutral-epoch-corrected-stats/mpnn/run_10325229_params_79.0_million/dim_2557_step_step=500000.ckpt,f46b34cbf94a3d75e5567bcdb260a3c6894ac20ee5651cee9e47b1c5a640c501,EXISTING,"upstream-analysis/analysis_scripts/owners_dense_grid_2026_08_23.py (N/D/C/checkpoint_path cross-checked against paper_repro/data/claim1/four_arch_force_checkpoint_table.csv); checkpoint_sha256 computed directly from the on-disk file by run_dense_grid_large_m_kernels_2026_08_23.py's provenance check (real sha256_file() call, 2026-08-23)"
1,"dense_grid_claim1_2026_08_23 (PRECROSS/CROSS/FITX/POSTCROSS/TOP extension, see paper_repro/DENSER_GRID_PROPOSAL_V2.md)",MC-EGNN,PRECROSS,,hc,160,300000,,2745453,519819133,1.2026500337429005e+17,<CHECKPOINT_ROOT>/geometric_scaling_checkpoints_mc_egnn/mc-egnn-hc-160-neutral-epoch/mc_egnn/run_9745362_params_2.7_million/dim_160_step_step=300000.ckpt,5ac77d3abfd549aba2a7ebc857337fee36e092f3789977acdb1e552f35fc4ad9,EXISTING,"upstream-analysis/analysis_scripts/owners_dense_grid_2026_08_23.py (N/D/C/checkpoint_path cross-checked against paper_repro/data/claim1/four_arch_force_checkpoint_table.csv); checkpoint_sha256 computed directly from the on-disk file by run_dense_grid_large_m_kernels_2026_08_23.py's provenance check (real sha256_file() call, 2026-08-23)"
1,"dense_grid_claim1_2026_08_23 (PRECROSS/CROSS/FITX/POSTCROSS/TOP extension, see paper_repro/DENSER_GRID_PROPOSAL_V2.md)",MC-EGNN,FITX,,hc,160,400000,,2745453,693092019,1.603533012004937e+17,<CHECKPOINT_ROOT>/geometric_scaling_checkpoints_mc_egnn/mc-egnn-hc-160-neutral-epoch/mc_egnn/run_9745362_params_2.7_million/dim_160_step_step=400000.ckpt,cabaa2dba54ab699d60e7899a10a97054f6fdbf72bc343d41e134093ef417c1b,EXISTING,"upstream-analysis/analysis_scripts/owners_dense_grid_2026_08_23.py (N/D/C/checkpoint_path cross-checked against paper_repro/data/claim1/four_arch_force_checkpoint_table.csv); checkpoint_sha256 computed directly from the on-disk file by run_dense_grid_large_m_kernels_2026_08_23.py's provenance check (real sha256_file() call, 2026-08-23)"
1,"dense_grid_claim1_2026_08_23 (PRECROSS/CROSS/FITX/POSTCROSS/TOP extension, see paper_repro/DENSER_GRID_PROPOSAL_V2.md)",MC-EGNN,TOP,,hc,320,500000,,10372498,866325306,7.572466388481238e+17,<CHECKPOINT_ROOT>/geometric_scaling_checkpoints_mc_egnn/mc-egnn-hc-320-neutral-epoch/mc_egnn/run_9745363_params_10.4_million/dim_320_step_step=500000.ckpt,088e7169926ddf93f9d7230d79d2c2ec3ffa011ff811b48174c7e873c867a894,EXISTING,"upstream-analysis/analysis_scripts/owners_dense_grid_2026_08_23.py (N/D/C/checkpoint_path cross-checked against paper_repro/data/claim1/four_arch_force_checkpoint_table.csv); checkpoint_sha256 computed directly from the on-disk file by run_dense_grid_large_m_kernels_2026_08_23.py's provenance check (real sha256_file() call, 2026-08-23)"
1,"dense_grid_claim1_2026_08_23 (PRECROSS/CROSS/FITX/POSTCROSS/TOP extension, see paper_repro/DENSER_GRID_PROPOSAL_V2.md)",GemNet-OC,PRECROSS,,width,80,450000,,1398416,779777582,1.1508645680800122e+17,<CHECKPOINT_ROOT>/geometric_scaling_checkpoints_gemnet_oc/gemnet-oc-atom80-neutral-epoch/gemnet_oc/run_10325230_params_1.4_million/dim_80_step_step=450000.ckpt,a42d692b500231bc0637d21132e17c94370013d800edfedafd6b5d1f8936e3e4,EXISTING,"upstream-analysis/analysis_scripts/owners_dense_grid_2026_08_23.py (N/D/C/checkpoint_path cross-checked against paper_repro/data/claim1/four_arch_force_checkpoint_table.csv); checkpoint_sha256 computed directly from the on-disk file by run_dense_grid_large_m_kernels_2026_08_23.py's provenance check (real sha256_file() call, 2026-08-23)"
1,"dense_grid_claim1_2026_08_23 (PRECROSS/CROSS/FITX/POSTCROSS/TOP extension, see paper_repro/DENSER_GRID_PROPOSAL_V2.md)",GemNet-OC,FITX,,width,96,450000,,1958880,779777582,1.61211369515264e+17,<CHECKPOINT_ROOT>/geometric_scaling_checkpoints_gemnet_oc/gemnet-oc-atom96-neutral-epoch/gemnet_oc/run_9902521_params_2.0_million/dim_96_step_step=450000.ckpt,d88540f4d9aa63f23bead032ba897e40dcd2fb3f6607d6a75f9be0c62cdc7319,EXISTING,"upstream-analysis/analysis_scripts/owners_dense_grid_2026_08_23.py (N/D/C/checkpoint_path cross-checked against paper_repro/data/claim1/four_arch_force_checkpoint_table.csv); checkpoint_sha256 computed directly from the on-disk file by run_dense_grid_large_m_kernels_2026_08_23.py's provenance check (real sha256_file() call, 2026-08-23)"
1,"dense_grid_claim1_2026_08_23 (PRECROSS/CROSS/FITX/POSTCROSS/TOP extension, see paper_repro/DENSER_GRID_PROPOSAL_V2.md)",GemNet-OC,POSTCROSS,,width,112,400000,,2618672,693194561,1.9158139924273338e+17,<CHECKPOINT_ROOT>/geometric_scaling_checkpoints_gemnet_oc/gemnet-oc-atom112-neutral-epoch/gemnet_oc/run_10325231_params_2.6_million/dim_112_step_step=400000.ckpt,5db12d8f9229224e16c84334be5bda4b9a480ee270b94d8136815aa029f69e08,EXISTING,"upstream-analysis/analysis_scripts/owners_dense_grid_2026_08_23.py (N/D/C/checkpoint_path cross-checked against paper_repro/data/claim1/four_arch_force_checkpoint_table.csv); checkpoint_sha256 computed directly from the on-disk file by run_dense_grid_large_m_kernels_2026_08_23.py's provenance check (real sha256_file() call, 2026-08-23)"
1,"dense_grid_claim1_2026_08_23 (PRECROSS/CROSS/FITX/POSTCROSS/TOP extension, see paper_repro/DENSER_GRID_PROPOSAL_V2.md)",GemNet-OC,TOP,,width,256,400000,,13026560,693194561,9.530199246486084e+17,<CHECKPOINT_ROOT>/geometric_scaling_checkpoints_gemnet_oc/gemnet-oc-atom256-neutral-epoch/gemnet_oc/run_9816217_params_13.0_million/dim_256_step_step=400000.ckpt,8c0a070bcc8d351cb6a5ab151bccefc491d673685167b618aa4af6283d6d95af,EXISTING,"upstream-analysis/analysis_scripts/owners_dense_grid_2026_08_23.py (N/D/C/checkpoint_path cross-checked against paper_repro/data/claim1/four_arch_force_checkpoint_table.csv); checkpoint_sha256 computed directly from the on-disk file by run_dense_grid_large_m_kernels_2026_08_23.py's provenance check (real sha256_file() call, 2026-08-23)"
1,"dense_grid_claim1_2026_08_23 (PRECROSS/CROSS/FITX/POSTCROSS/TOP extension, see paper_repro/DENSER_GRID_PROPOSAL_V2.md)",eSEN,PRECROSS,4,sphere_channels,8,350000,,878434,606536446,1.1885752289735322e+17,<CHECKPOINT_ROOT>/geometric_scaling_checkpoints_esen/esen-sphere-8-neutral-epoch/esen/run_9897808_params_878.4_thousand/dim_32_step_step=350000.ckpt,9c23fe92f5ecf8c7d8327b07ecf3b16be5abb550263f5ced302f956088b760e0,EXISTING,"upstream-analysis/analysis_scripts/owners_dense_grid_2026_08_23.py (N/D/C/checkpoint_path cross-checked against paper_repro/data/claim1/four_arch_force_checkpoint_table.csv); checkpoint_sha256 computed directly from the on-disk file by run_dense_grid_large_m_kernels_2026_08_23.py's provenance check (real sha256_file() call, 2026-08-23)"
1,"dense_grid_claim1_2026_08_23 (PRECROSS/CROSS/FITX/POSTCROSS/TOP extension, see paper_repro/DENSER_GRID_PROPOSAL_V2.md)",eSEN,CROSS,4,sphere_channels,20,150000,,2144170,259982236,1.2435507843387587e+17,<CHECKPOINT_ROOT>/geometric_scaling_checkpoints_esen/esen-sphere-20-neutral-epoch/esen/run_9741258_params_2.1_million/dim_32_step_step=150000.ckpt,c4936ad116093575861a6f27920e256ed29ab3cb55605c343e422bdf8d372337,EXISTING,"upstream-analysis/analysis_scripts/owners_dense_grid_2026_08_23.py (N/D/C/checkpoint_path cross-checked against paper_repro/data/claim1/four_arch_force_checkpoint_table.csv); checkpoint_sha256 computed directly from the on-disk file by run_dense_grid_large_m_kernels_2026_08_23.py's provenance check (real sha256_file() call, 2026-08-23)"
1,"dense_grid_claim1_2026_08_23 (PRECROSS/CROSS/FITX/POSTCROSS/TOP extension, see paper_repro/DENSER_GRID_PROPOSAL_V2.md)",eSEN,FITX,4,sphere_channels,20,200000,,2144170,346575759,1.657746173616457e+17,<CHECKPOINT_ROOT>/geometric_scaling_checkpoints_esen/esen-sphere-20-neutral-epoch/esen/run_9741258_params_2.1_million/dim_32_step_step=200000.ckpt,b7d9299cf2b7caabc817486ad32296ac374927715e1dd029c9a08d5bc3ebabae,EXISTING,"upstream-analysis/analysis_scripts/owners_dense_grid_2026_08_23.py (N/D/C/checkpoint_path cross-checked against paper_repro/data/claim1/four_arch_force_checkpoint_table.csv); checkpoint_sha256 computed directly from the on-disk file by run_dense_grid_large_m_kernels_2026_08_23.py's provenance check (real sha256_file() call, 2026-08-23)"
1,"dense_grid_claim1_2026_08_23 (PRECROSS/CROSS/FITX/POSTCROSS/TOP extension, see paper_repro/DENSER_GRID_PROPOSAL_V2.md)",eSEN,POSTCROSS,4,sphere_channels,40,125000,,4253730,216671114,2.056040059928345e+17,<CHECKPOINT_ROOT>/geometric_scaling_checkpoints_esen/esen-sphere-40-neutral-epoch/esen/run_9928671_params_4.3_million/dim_32_step_step=125000.ckpt,264ef2fdf94e6f375c6ca289ee9fecfb042d48f352e817bed9bb653bb8c90a4d,EXISTING,"upstream-analysis/analysis_scripts/owners_dense_grid_2026_08_23.py (N/D/C/checkpoint_path cross-checked against paper_repro/data/claim1/four_arch_force_checkpoint_table.csv); checkpoint_sha256 computed directly from the on-disk file by run_dense_grid_large_m_kernels_2026_08_23.py's provenance check (real sha256_file() call, 2026-08-23)"
1,"dense_grid_claim1_2026_08_23 (PRECROSS/CROSS/FITX/POSTCROSS/TOP extension, see paper_repro/DENSER_GRID_PROPOSAL_V2.md)",eSEN,TOP,4,sphere_channels,64,350000,,6785202,606536446,9.180795621277942e+17,<CHECKPOINT_ROOT>/geometric_scaling_checkpoints_esen/esen-sphere-64-neutral-epoch/esen/run_9928673_params_6.8_million/dim_32_step_step=350000.ckpt,8278b7baed419448a7a59e27ec74af6ba97d3e49bf06b65ef011c8409d8bcb36,EXISTING,"upstream-analysis/analysis_scripts/owners_dense_grid_2026_08_23.py (N/D/C/checkpoint_path cross-checked against paper_repro/data/claim1/four_arch_force_checkpoint_table.csv); checkpoint_sha256 computed directly from the on-disk file by run_dense_grid_large_m_kernels_2026_08_23.py's provenance check (real sha256_file() call, 2026-08-23)"
1,"dense_grid_claim1_2026_08_23 (PRECROSS/CROSS/FITX/POSTCROSS/TOP extension, see paper_repro/DENSER_GRID_PROPOSAL_V2.md)",MPNN,"PRECROSS (reuses existing MID checkpoint verbatim, no new kernel built)",,hc,1150,500000,,16106329,866390858,9.754108964876658e+16,<CHECKPOINT_ROOT>/geometric_scaling_checkpoints_corrected_stats/dim-1150-neutral-epoch-corrected-stats/mpnn/run_10325226_params_16.1_million/dim_1150_step_step=500000.ckpt,2b5e3626b3e1b39b96825705332ecf8b8c870f4c60c09be03b2d1591fc387269,EXISTING_REUSED_FOR_PRECROSS,identical checkpoint/row to the existing claim=1 MID MPNN row above; duplicated here only to give PRECROSS a complete 4-architecture manifest row set. See owners_dense_grid_2026_08_23.py BUDGET_TO_TAGS.
