owner,C_flops,depth,alpha,P_bal,delta,delta_ci_lo,delta_ci_hi,source_file
w10/50k,2.399e+16,3,1.0,0.0,5.2110173953678895e-09,-1.8584595828929905e-08,2.87768022078083e-08,dev-equivariant-scaling-laws-kernel-pilot-clean/analysis_outputs/depth_localization_block3_block6_2026_08_22/depth_localization_points.csv
w10/50k,2.399e+16,3,0.75,0.0442320042986284,0.09832651979647089,0.08983495489103423,0.10793897940721499,dev-equivariant-scaling-laws-kernel-pilot-clean/analysis_outputs/depth_localization_block3_block6_2026_08_22/depth_localization_points.csv
w10/50k,2.399e+16,3,0.5,0.0884640085972568,0.278603802956388,0.2581021363312352,0.30107875067926315,dev-equivariant-scaling-laws-kernel-pilot-clean/analysis_outputs/depth_localization_block3_block6_2026_08_22/depth_localization_points.csv
w10/50k,2.399e+16,3,0.25,0.1326960128958852,0.4707729233639504,0.43943258932296164,0.5034519410108537,dev-equivariant-scaling-laws-kernel-pilot-clean/analysis_outputs/depth_localization_block3_block6_2026_08_22/depth_localization_points.csv
w10/50k,2.399e+16,3,0.0,0.1769280171945136,0.6544269087930936,0.6144059513827023,0.6947561223131813,dev-equivariant-scaling-laws-kernel-pilot-clean/analysis_outputs/depth_localization_block3_block6_2026_08_22/depth_localization_points.csv
w10/50k,2.399e+16,6,1.0,0.0,-5.457099661043685e-09,-2.9328553541319024e-08,1.7519072348370906e-08,dev-equivariant-scaling-laws-kernel-pilot-clean/analysis_outputs/depth_localization_block3_block6_2026_08_22/depth_localization_points.csv
w10/50k,2.399e+16,6,0.75,0.036316850813036816,0.09786764462413666,0.08919906395835653,0.10755824494221337,dev-equivariant-scaling-laws-kernel-pilot-clean/analysis_outputs/depth_localization_block3_block6_2026_08_22/depth_localization_points.csv
w10/50k,2.399e+16,6,0.5,0.07263370162607363,0.28441737142866064,0.26267014765546276,0.30788388336417877,dev-equivariant-scaling-laws-kernel-pilot-clean/analysis_outputs/depth_localization_block3_block6_2026_08_22/depth_localization_points.csv
w10/50k,2.399e+16,6,0.25,0.10895055243911045,0.47930826297781604,0.44661553597414433,0.5139726007728999,dev-equivariant-scaling-laws-kernel-pilot-clean/analysis_outputs/depth_localization_block3_block6_2026_08_22/depth_localization_points.csv
w10/50k,2.399e+16,6,0.0,0.14526740325214726,0.6617148688161567,0.6205827115397686,0.7045252912215481,dev-equivariant-scaling-laws-kernel-pilot-clean/analysis_outputs/depth_localization_block3_block6_2026_08_22/depth_localization_points.csv
w10/50k,2.399e+16,9,1.0,0.0,-1.1250000930829174e-08,-3.4837178808366787e-08,1.2050091235948905e-08,dev-equivariant-scaling-laws-kernel-pilot-clean/analysis_outputs/depth_localization_block3_block6_2026_08_22/depth_localization_points.csv
w10/50k,2.399e+16,9,0.75,0.025485071675555554,0.012102709143703816,0.010525718946700924,0.013896001493511778,dev-equivariant-scaling-laws-kernel-pilot-clean/analysis_outputs/depth_localization_block3_block6_2026_08_22/depth_localization_points.csv
w10/50k,2.399e+16,9,0.5,0.05097014335111111,0.04537574017759116,0.040877233014479854,0.05023396916495277,dev-equivariant-scaling-laws-kernel-pilot-clean/analysis_outputs/depth_localization_block3_block6_2026_08_22/depth_localization_points.csv
w10/50k,2.399e+16,9,0.25,0.07645521502666666,0.09370797747011617,0.08546374435910706,0.10280630765223459,dev-equivariant-scaling-laws-kernel-pilot-clean/analysis_outputs/depth_localization_block3_block6_2026_08_22/depth_localization_points.csv
w10/50k,2.399e+16,9,0.0,0.10194028670222222,0.15168016020263275,0.13890380011935485,0.165305590294138,dev-equivariant-scaling-laws-kernel-pilot-clean/analysis_outputs/depth_localization_block3_block6_2026_08_22/depth_localization_points.csv
w16/150k,1.127e+17,3,1.0,0.0,1.7772420868311656e-08,-2.182265801398131e-08,5.785612153808017e-08,dev-equivariant-scaling-laws-kernel-pilot-clean/analysis_outputs/depth_localization_block3_block6_2026_08_22/depth_localization_points.csv
w16/150k,1.127e+17,3,0.75,0.03081213007579103,0.15261836219165925,0.13632321514201934,0.1707197596427602,dev-equivariant-scaling-laws-kernel-pilot-clean/analysis_outputs/depth_localization_block3_block6_2026_08_22/depth_localization_points.csv
w16/150k,1.127e+17,3,0.5,0.06162426015158206,0.40332987423329936,0.3679431632429606,0.44144082777554583,dev-equivariant-scaling-laws-kernel-pilot-clean/analysis_outputs/depth_localization_block3_block6_2026_08_22/depth_localization_points.csv
w16/150k,1.127e+17,3,0.25,0.0924363902273731,0.6503913401933112,0.6013137701117672,0.7022386496966256,dev-equivariant-scaling-laws-kernel-pilot-clean/analysis_outputs/depth_localization_block3_block6_2026_08_22/depth_localization_points.csv
w16/150k,1.127e+17,3,0.0,0.12324852030316412,0.8771896349306743,0.8191863284191216,0.9385765932168996,dev-equivariant-scaling-laws-kernel-pilot-clean/analysis_outputs/depth_localization_block3_block6_2026_08_22/depth_localization_points.csv
w16/150k,1.127e+17,6,1.0,0.0,1.8012506153297636e-08,-2.1517379744651064e-08,5.680104786520701e-08,dev-equivariant-scaling-laws-kernel-pilot-clean/analysis_outputs/depth_localization_block3_block6_2026_08_22/depth_localization_points.csv
w16/150k,1.127e+17,6,0.75,0.028910463907966387,0.18594079748852987,0.1662024382210524,0.20738026058154946,dev-equivariant-scaling-laws-kernel-pilot-clean/analysis_outputs/depth_localization_block3_block6_2026_08_22/depth_localization_points.csv
w16/150k,1.127e+17,6,0.5,0.057820927815932774,0.4692855681540209,0.42914805518704807,0.5123719436615255,dev-equivariant-scaling-laws-kernel-pilot-clean/analysis_outputs/depth_localization_block3_block6_2026_08_22/depth_localization_points.csv
w16/150k,1.127e+17,6,0.25,0.08673139172389917,0.7386785460868457,0.6849995673973001,0.7968021496155936,dev-equivariant-scaling-laws-kernel-pilot-clean/analysis_outputs/depth_localization_block3_block6_2026_08_22/depth_localization_points.csv
w16/150k,1.127e+17,6,0.0,0.11564185563186555,0.9810817632185924,0.9184394990769824,1.0483116719783663,dev-equivariant-scaling-laws-kernel-pilot-clean/analysis_outputs/depth_localization_block3_block6_2026_08_22/depth_localization_points.csv
w16/150k,1.127e+17,9,1.0,0.0,-9.208802609350641e-10,-4.038171945719426e-08,3.7499775151772465e-08,dev-equivariant-scaling-laws-kernel-pilot-clean/analysis_outputs/depth_localization_block3_block6_2026_08_22/depth_localization_points.csv
w16/150k,1.127e+17,9,0.75,0.02345251558405167,0.15725146039171545,0.14161781753191677,0.17388448802101045,dev-equivariant-scaling-laws-kernel-pilot-clean/analysis_outputs/depth_localization_block3_block6_2026_08_22/depth_localization_points.csv
w16/150k,1.127e+17,9,0.5,0.04690503116810334,0.3970137010434964,0.3636083349509471,0.4331927506221532,dev-equivariant-scaling-laws-kernel-pilot-clean/analysis_outputs/depth_localization_block3_block6_2026_08_22/depth_localization_points.csv
w16/150k,1.127e+17,9,0.25,0.07035754675215501,0.6197928937248558,0.5738778075551254,0.6693989573095736,dev-equivariant-scaling-laws-kernel-pilot-clean/analysis_outputs/depth_localization_block3_block6_2026_08_22/depth_localization_points.csv
w16/150k,1.127e+17,9,0.0,0.09381006233620667,0.815100102351106,0.7606085583921006,0.872966003354145,dev-equivariant-scaling-laws-kernel-pilot-clean/analysis_outputs/depth_localization_block3_block6_2026_08_22/depth_localization_points.csv
w20/200k,1.865e+17,3,1.0,0.0,3.372954804348183e-08,-1.3303437929046425e-08,8.481967908036123e-08,dev-equivariant-scaling-laws-kernel-pilot-clean/analysis_outputs/depth_localization_block3_block6_2026_08_22/depth_localization_points.csv
w20/200k,1.865e+17,3,0.75,0.03499446798481623,0.2670351180623749,0.23987895607922372,0.2977006656440116,dev-equivariant-scaling-laws-kernel-pilot-clean/analysis_outputs/depth_localization_block3_block6_2026_08_22/depth_localization_points.csv
w20/200k,1.865e+17,3,0.5,0.06998893596963246,0.6134117775302403,0.5645390346100988,0.6684938963718616,dev-equivariant-scaling-laws-kernel-pilot-clean/analysis_outputs/depth_localization_block3_block6_2026_08_22/depth_localization_points.csv
w20/200k,1.865e+17,3,0.25,0.10498340395444869,0.9135567798699435,0.851454587926228,0.9820084122241749,dev-equivariant-scaling-laws-kernel-pilot-clean/analysis_outputs/depth_localization_block3_block6_2026_08_22/depth_localization_points.csv
w20/200k,1.865e+17,3,0.0,0.13997787193926492,1.1693473646954726,1.0988191176483257,1.2456336293765553,dev-equivariant-scaling-laws-kernel-pilot-clean/analysis_outputs/depth_localization_block3_block6_2026_08_22/depth_localization_points.csv
w20/200k,1.865e+17,6,1.0,0.0,-2.928883358066514e-08,-7.850896328598367e-08,2.3538207916118372e-08,dev-equivariant-scaling-laws-kernel-pilot-clean/analysis_outputs/depth_localization_block3_block6_2026_08_22/depth_localization_points.csv
w20/200k,1.865e+17,6,0.75,0.021973078317509845,0.27015388324835055,0.24216062680956182,0.3012637234937942,dev-equivariant-scaling-laws-kernel-pilot-clean/analysis_outputs/depth_localization_block3_block6_2026_08_22/depth_localization_points.csv
w20/200k,1.865e+17,6,0.5,0.04394615663501969,0.6065064904400579,0.5555611753877802,0.662454084986507,dev-equivariant-scaling-laws-kernel-pilot-clean/analysis_outputs/depth_localization_block3_block6_2026_08_22/depth_localization_points.csv
w20/200k,1.865e+17,6,0.25,0.06591923495252953,0.8919231921661805,0.826593704808453,0.9622622773740735,dev-equivariant-scaling-laws-kernel-pilot-clean/analysis_outputs/depth_localization_block3_block6_2026_08_22/depth_localization_points.csv
w20/200k,1.865e+17,6,0.0,0.08789231327003938,1.1320774849752948,1.0586898316826903,1.2112070809473652,dev-equivariant-scaling-laws-kernel-pilot-clean/analysis_outputs/depth_localization_block3_block6_2026_08_22/depth_localization_points.csv
w20/200k,1.865e+17,9,1.0,0.0,3.6059990549119902e-09,-5.097021811284463e-08,5.7376376161322174e-08,dev-equivariant-scaling-laws-kernel-pilot-clean/analysis_outputs/depth_localization_block3_block6_2026_08_22/depth_localization_points.csv
w20/200k,1.865e+17,9,0.75,0.019424396565209615,0.19396843819123077,0.1727892057673618,0.21763657161284544,dev-equivariant-scaling-laws-kernel-pilot-clean/analysis_outputs/depth_localization_block3_block6_2026_08_22/depth_localization_points.csv
w20/200k,1.865e+17,9,0.5,0.03884879313041923,0.45723084739901054,0.41445641221728563,0.5031737182797076,dev-equivariant-scaling-laws-kernel-pilot-clean/analysis_outputs/depth_localization_block3_block6_2026_08_22/depth_localization_points.csv
w20/200k,1.865e+17,9,0.25,0.05827318969562885,0.6968292141632073,0.6410905439006054,0.7574214894543252,dev-equivariant-scaling-laws-kernel-pilot-clean/analysis_outputs/depth_localization_block3_block6_2026_08_22/depth_localization_points.csv
w20/200k,1.865e+17,9,0.0,0.07769758626083846,0.906590593236984,0.8414347900720467,0.9772036979243938,dev-equivariant-scaling-laws-kernel-pilot-clean/analysis_outputs/depth_localization_block3_block6_2026_08_22/depth_localization_points.csv
w24/300k,3.347e+17,3,1.0,0.0,-3.0948894114146697e-08,-8.630756409555573e-08,2.7600091012658323e-08,dev-equivariant-scaling-laws-kernel-pilot-clean/analysis_outputs/depth_localization_block3_block6_2026_08_22/depth_localization_points.csv
w24/300k,3.347e+17,3,0.75,0.03534222650084561,0.3795535269455588,0.3404765912242088,0.4225280514854726,dev-equivariant-scaling-laws-kernel-pilot-clean/analysis_outputs/depth_localization_block3_block6_2026_08_22/depth_localization_points.csv
w24/300k,3.347e+17,3,0.5,0.07068445300169122,0.7877702901431229,0.7229347626609138,0.8584783571072867,dev-equivariant-scaling-laws-kernel-pilot-clean/analysis_outputs/depth_localization_block3_block6_2026_08_22/depth_localization_points.csv
w24/300k,3.347e+17,3,0.25,0.10602667950253684,1.115689712533786,1.0379301194629218,1.1999160483626086,dev-equivariant-scaling-laws-kernel-pilot-clean/analysis_outputs/depth_localization_block3_block6_2026_08_22/depth_localization_points.csv
w24/300k,3.347e+17,3,0.0,0.14136890600338245,1.3868331091429327,1.300486204455955,1.4793036074377575,dev-equivariant-scaling-laws-kernel-pilot-clean/analysis_outputs/depth_localization_block3_block6_2026_08_22/depth_localization_points.csv
w24/300k,3.347e+17,6,1.0,0.0,-2.355985717628073e-08,-8.346399134051552e-08,3.11860856472279e-08,dev-equivariant-scaling-laws-kernel-pilot-clean/analysis_outputs/depth_localization_block3_block6_2026_08_22/depth_localization_points.csv
w24/300k,3.347e+17,6,0.75,0.03287799841610715,0.4831122856953929,0.4353488968361059,0.535795984148589,dev-equivariant-scaling-laws-kernel-pilot-clean/analysis_outputs/depth_localization_block3_block6_2026_08_22/depth_localization_points.csv
w24/300k,3.347e+17,6,0.5,0.0657559968322143,0.9256276906732435,0.8510784287637628,1.0053893810885013,dev-equivariant-scaling-laws-kernel-pilot-clean/analysis_outputs/depth_localization_block3_block6_2026_08_22/depth_localization_points.csv
w24/300k,3.347e+17,6,0.25,0.09863399524832146,1.2603631362673355,1.1729484257810707,1.3534213105422903,dev-equivariant-scaling-laws-kernel-pilot-clean/analysis_outputs/depth_localization_block3_block6_2026_08_22/depth_localization_points.csv
w24/300k,3.347e+17,6,0.0,0.1315119936644286,1.5264482938761805,1.431776837580008,1.625936582858201,dev-equivariant-scaling-laws-kernel-pilot-clean/analysis_outputs/depth_localization_block3_block6_2026_08_22/depth_localization_points.csv
w24/300k,3.347e+17,9,1.0,0.0,-3.3239639485316275e-08,-8.67579173169375e-08,2.1243508063761848e-08,dev-equivariant-scaling-laws-kernel-pilot-clean/analysis_outputs/depth_localization_block3_block6_2026_08_22/depth_localization_points.csv
w24/300k,3.347e+17,9,0.75,0.029929854005704627,0.23282549089376037,0.20623593777895236,0.263197140481959,dev-equivariant-scaling-laws-kernel-pilot-clean/analysis_outputs/depth_localization_block3_block6_2026_08_22/depth_localization_points.csv
w24/300k,3.347e+17,9,0.5,0.05985970801140925,0.5260657110935592,0.47413122830090493,0.5823120713491131,dev-equivariant-scaling-laws-kernel-pilot-clean/analysis_outputs/depth_localization_block3_block6_2026_08_22/depth_localization_points.csv
w24/300k,3.347e+17,9,0.25,0.08978956201711388,0.7812437224166606,0.7131878960831739,0.854592187589816,dev-equivariant-scaling-laws-kernel-pilot-clean/analysis_outputs/depth_localization_block3_block6_2026_08_22/depth_localization_points.csv
w24/300k,3.347e+17,9,0.0,0.1197194160228185,0.9984977326669289,0.9192736237775121,1.0829592923834814,dev-equivariant-scaling-laws-kernel-pilot-clean/analysis_outputs/depth_localization_block3_block6_2026_08_22/depth_localization_points.csv
