tag,domain,M,alpha,P_bal,L_baseline,L_int,delta,delta_ci_lo,delta_ci_hi,loss_multiplier,source_file
w10/50k,ID,1024,1.0,0.0,0.023694757654994156,0.02369475736537697,-1.2222837852959856e-08,-3.8827807469221653e-08,1.3177752833382063e-08,0.9999999877771623,analysis_outputs/esen_irrep_ood_2026_08_22/eval/full_alpha_curves.csv
w10/50k,ID,1024,0.75,0.025490733080992024,0.023694757654994156,0.024022021223694096,0.013717132960774592,0.011923940998200488,0.015711483103182308,1.0138116444770207,analysis_outputs/esen_irrep_ood_2026_08_22/eval/full_alpha_curves.csv
w10/50k,ID,1024,0.5,0.05098146616198405,0.023694757654994156,0.0248766658750313,0.04867642297094443,0.04359307474604103,0.05429052479098967,1.0498805785332872,analysis_outputs/esen_irrep_ood_2026_08_22/eval/full_alpha_curves.csv
w10/50k,ID,1024,0.25,0.07647219924297607,0.023694757654994156,0.026146810092686632,0.0984733704050198,0.08890803267047456,0.10878387230663453,1.1034850186440146,analysis_outputs/esen_irrep_ood_2026_08_22/eval/full_alpha_curves.csv
w10/50k,ID,1024,0.0,0.1019629323239681,0.023694757654994156,0.02773255913441095,0.15735331526103513,0.14291563565480692,0.17282823140495066,1.1704090642415055,analysis_outputs/esen_irrep_ood_2026_08_22/eval/full_alpha_curves.csv
w10/50k,ID,2048,1.0,0.0,0.023706290156928166,0.023706289920455533,-9.975100745407417e-09,-2.6854477130910937e-08,7.502298726702594e-09,0.9999999900248993,analysis_outputs/esen_irrep_ood_2026_08_22/eval/full_alpha_curves.csv
w10/50k,ID,2048,0.75,0.025490733080992024,0.023706290156928166,0.024015996775594132,0.012979720238281534,0.01177077419005278,0.014287980670425093,1.0130643224484221,analysis_outputs/esen_irrep_ood_2026_08_22/eval/full_alpha_curves.csv
w10/50k,ID,2048,0.5,0.05098146616198405,0.023706290156928166,0.024856539199010465,0.04738044437496969,0.04373878606395672,0.051135765218073614,1.048520837063413,analysis_outputs/esen_irrep_ood_2026_08_22/eval/full_alpha_curves.csv
w10/50k,ID,2048,0.25,0.07647219924297607,0.023706290156928166,0.026116995052363035,0.09684583346099407,0.08995077866260125,0.10372005346686744,1.101690516714204,analysis_outputs/esen_irrep_ood_2026_08_22/eval/full_alpha_curves.csv
w10/50k,ID,2048,0.0,0.1019629323239681,0.023706290156928166,0.02770049031021243,0.155709693374249,0.14517748750878423,0.16615755922883668,1.1684869343471254,analysis_outputs/esen_irrep_ood_2026_08_22/eval/full_alpha_curves.csv
w10/50k,ID,4096,1.0,0.0,0.023528531336475006,0.023528530950749946,-1.6393928436997385e-08,-2.821662510310574e-08,-4.2181657722295625e-09,0.9999999836060717,analysis_outputs/esen_irrep_ood_2026_08_22/eval/full_alpha_curves.csv
w10/50k,ID,4096,0.75,0.025490733080992024,0.023528531336475006,0.023826402318400903,0.012580522770674563,0.011704078212380831,0.013500104010054014,1.012659990445903,analysis_outputs/esen_irrep_ood_2026_08_22/eval/full_alpha_curves.csv
w10/50k,ID,4096,0.5,0.05098146616198405,0.023528531336475006,0.024649910367059463,0.04655948010544453,0.044040479500400964,0.049149948492547856,1.0476603921659167,analysis_outputs/esen_irrep_ood_2026_08_22/eval/full_alpha_curves.csv
w10/50k,ID,4096,0.25,0.07647219924297607,0.023528531336475006,0.02588769356834172,0.09555391983175054,0.09086524905204373,0.10035456084521507,1.1002681467078836,analysis_outputs/esen_irrep_ood_2026_08_22/eval/full_alpha_curves.csv
w10/50k,ID,4096,0.0,0.1019629323239681,0.023528531336475006,0.02744231282727707,0.15387230186223233,0.146839589736641,0.16116030281853613,1.1663419375749453,analysis_outputs/esen_irrep_ood_2026_08_22/eval/full_alpha_curves.csv
w10/50k,ID,8192,1.0,0.0,0.022907688958843472,0.022907688745771766,-9.301318382171075e-09,-1.8058329831482922e-08,-3.528137004771296e-10,0.9999999906986816,analysis_outputs/esen_irrep_ood_2026_08_22/eval/full_alpha_curves.csv
w10/50k,ID,8192,0.75,0.025490733080992024,0.022907688958843472,0.023203606046870683,0.012835083049042684,0.012217942649543834,0.01354920575998948,1.0129178062684048,analysis_outputs/esen_irrep_ood_2026_08_22/eval/full_alpha_curves.csv
w10/50k,ID,8192,0.5,0.05098146616198405,0.022907688958843472,0.024028306170168608,0.047759942531636845,0.046069466362546566,0.049716145925473895,1.0489188243012406,analysis_outputs/esen_irrep_ood_2026_08_22/eval/full_alpha_curves.csv
w10/50k,ID,8192,0.25,0.07647219924297607,0.022907688958843472,0.025270815084409735,0.09817755930254402,0.09503454780706912,0.10178651097730818,1.1031586437991152,analysis_outputs/esen_irrep_ood_2026_08_22/eval/full_alpha_curves.csv
w10/50k,ID,8192,0.0,0.1019629323239681,0.022907688958843472,0.026834266788093097,0.15820706568572707,0.15335782168326698,0.16357147566552124,1.171408728148187,analysis_outputs/esen_irrep_ood_2026_08_22/eval/full_alpha_curves.csv
w10/50k,ID,16384,1.0,0.0,0.02288126408597641,0.0228812639883701,-4.265773956291241e-09,-1.029654146389447e-08,1.9803586881472752e-09,0.999999995734226,analysis_outputs/esen_irrep_ood_2026_08_22/eval/full_alpha_curves.csv
w10/50k,ID,16384,0.75,0.025490733080992024,0.02288126408597641,0.023174399336741956,0.012729779030431043,0.012268073144513359,0.013185452580298884,1.0128111475687749,analysis_outputs/esen_irrep_ood_2026_08_22/eval/full_alpha_curves.csv
w10/50k,ID,16384,0.5,0.05098146616198405,0.02288126408597641,0.02399728591512563,0.047622323584969095,0.04635417799570272,0.04890264195493105,1.0487744831297683,analysis_outputs/esen_irrep_ood_2026_08_22/eval/full_alpha_curves.csv
w10/50k,ID,16384,0.25,0.07647219924297607,0.02288126408597641,0.025238896729005773,0.09806791200710796,0.09569753778476091,0.10045773041320417,1.103037692068522,analysis_outputs/esen_irrep_ood_2026_08_22/eval/full_alpha_curves.csv
w10/50k,ID,16384,0.0,0.1019629323239681,0.02288126408597641,0.02680173611819481,0.1581482524498914,0.15454294549752126,0.161654788528219,1.171339835836308,analysis_outputs/esen_irrep_ood_2026_08_22/eval/full_alpha_curves.csv
w10/50k,OOD,1024,1.0,0.0,0.021078557584718365,0.021078557874134637,1.3730363956909741e-08,-1.2448676312004633e-09,2.9484420527303708e-08,1.000000013730364,analysis_outputs/esen_irrep_ood_2026_08_22/eval/full_alpha_curves.csv
w10/50k,OOD,1024,0.75,0.024243568150605715,0.021078557584718365,0.021476311066485718,0.01869422127303233,0.016366057469753593,0.021198706429676705,1.018870052192552,analysis_outputs/esen_irrep_ood_2026_08_22/eval/full_alpha_curves.csv
w10/50k,OOD,1024,0.5,0.04848713630121143,0.021078557584718365,0.022196819064389757,0.051692697664414755,0.04558458865976698,0.057953984356050973,1.0530520874199716,analysis_outputs/esen_irrep_ood_2026_08_22/eval/full_alpha_curves.csv
w10/50k,OOD,1024,0.25,0.07273070445181715,0.021078557584718365,0.023183143172809683,0.09516913164119156,0.0843337593641139,0.10612964747098229,1.0998448579620603,analysis_outputs/esen_irrep_ood_2026_08_22/eval/full_alpha_curves.csv
w10/50k,OOD,1024,0.0,0.09697427260242286,0.021078557584718365,0.024386248112560075,0.14576307591198212,0.1296657022374924,0.16186408933677113,1.15692205287518,analysis_outputs/esen_irrep_ood_2026_08_22/eval/full_alpha_curves.csv
w10/50k,OOD,2048,1.0,0.0,0.021501561477693772,0.021501561598988975,5.641227929231718e-09,-5.272671599332313e-09,1.7318298595192498e-08,1.000000005641228,analysis_outputs/esen_irrep_ood_2026_08_22/eval/full_alpha_curves.csv
w10/50k,OOD,2048,0.75,0.024243568150605715,0.021501561477693772,0.021893994321112813,0.018086807935460136,0.016366334064165967,0.019816516602924515,1.0182513648520906,analysis_outputs/esen_irrep_ood_2026_08_22/eval/full_alpha_curves.csv
w10/50k,OOD,2048,0.5,0.04848713630121143,0.021501561477693772,0.02261945191161511,0.05068468077278343,0.0460901397018159,0.05522071002397374,1.0519911279504546,analysis_outputs/esen_irrep_ood_2026_08_22/eval/full_alpha_curves.csv
w10/50k,OOD,2048,0.25,0.07273070445181715,0.021501561477693772,0.023614942028029735,0.09375408910006211,0.08551876509178222,0.10176405274526731,1.0982896313148434,analysis_outputs/esen_irrep_ood_2026_08_22/eval/full_alpha_curves.csv
w10/50k,OOD,2048,0.0,0.09697427260242286,0.021501561477693772,0.024828291018682797,0.14385821050729852,0.1315047442063192,0.15566955495786355,1.1547203697015336,analysis_outputs/esen_irrep_ood_2026_08_22/eval/full_alpha_curves.csv
w10/50k,OOD,4096,1.0,0.0,0.022958204747257693,0.022958204830833703,3.6403546843644108e-09,-3.8677284486254845e-09,1.058902435735475e-08,1.0000000036403547,analysis_outputs/esen_irrep_ood_2026_08_22/eval/full_alpha_curves.csv
w10/50k,OOD,4096,0.75,0.024243568150605715,0.022958204747257693,0.02335652110583467,0.017200843661747012,0.015966628785446933,0.018472643443325897,1.0173496300325726,analysis_outputs/esen_irrep_ood_2026_08_22/eval/full_alpha_curves.csv
w10/50k,OOD,4096,0.5,0.04848713630121143,0.022958204747257693,0.024088807469979375,0.04807193434339485,0.04488542966342977,0.05150091893026941,1.0492461294412283,analysis_outputs/esen_irrep_ood_2026_08_22/eval/full_alpha_curves.csv
w10/50k,OOD,4096,0.25,0.07273070445181715,0.022958204747257693,0.02509466170146576,0.08897976435749344,0.08322153403565866,0.09507056772202942,1.0930585373607344,analysis_outputs/esen_irrep_ood_2026_08_22/eval/full_alpha_curves.csv
w10/50k,OOD,4096,0.0,0.09697427260242286,0.022958204747257693,0.026321775484073977,0.13672118383966536,0.12798320690770953,0.14583458195751275,1.1465084388716436,analysis_outputs/esen_irrep_ood_2026_08_22/eval/full_alpha_curves.csv
w10/50k,OOD,8192,1.0,0.0,0.022683538787591283,0.02268353880427963,7.357030540333653e-10,-4.591887325933186e-09,5.8774089262136886e-09,1.000000000735703,analysis_outputs/esen_irrep_ood_2026_08_22/eval/full_alpha_curves.csv
w10/50k,OOD,8192,0.75,0.024243568150605715,0.022683538787591283,0.023082257709425544,0.01742476000117632,0.01663745607125605,0.018250201190876215,1.017577456743759,analysis_outputs/esen_irrep_ood_2026_08_22/eval/full_alpha_curves.csv
w10/50k,OOD,8192,0.5,0.04848713630121143,0.022683538787591283,0.023815329544393603,0.048689973952088295,0.046565349168484774,0.05087300495309985,1.0498948055416049,analysis_outputs/esen_irrep_ood_2026_08_22/eval/full_alpha_curves.csv
w10/50k,OOD,8192,0.25,0.07273070445181715,0.022683538787591283,0.024822894916032928,0.09012691151166896,0.08626918209232229,0.09400616989359874,1.094313155829634,analysis_outputs/esen_irrep_ood_2026_08_22/eval/full_alpha_curves.csv
w10/50k,OOD,8192,0.0,0.09697427260242286,0.022683538787591283,0.026052199000097195,0.1384626813408678,0.1327222233385904,0.14419665741879917,1.1485068200358883,analysis_outputs/esen_irrep_ood_2026_08_22/eval/full_alpha_curves.csv
w10/50k,OOD,16384,1.0,0.0,0.022676041512334915,0.022676041503781705,-3.7719116718903933e-10,-4.045924140161361e-09,3.3483446237880793e-09,0.9999999996228088,analysis_outputs/esen_irrep_ood_2026_08_22/eval/full_alpha_curves.csv
w10/50k,OOD,16384,0.75,0.024243568150605715,0.022676041512334915,0.023071044169294837,0.017269404942686695,0.01667731497142285,0.017850407145663136,1.0174193832175278,analysis_outputs/esen_irrep_ood_2026_08_22/eval/full_alpha_curves.csv
w10/50k,OOD,16384,0.5,0.04848713630121143,0.022676041512334915,0.02380025958533562,0.04838756043170811,0.04677653036084254,0.04995418654533774,1.0495773511611,analysis_outputs/esen_irrep_ood_2026_08_22/eval/full_alpha_curves.csv
w10/50k,OOD,16384,0.25,0.07273070445181715,0.022676041512334915,0.02480466707645007,0.08972289689910928,0.08684418631296258,0.09253328608043639,1.0938711266231045,analysis_outputs/esen_irrep_ood_2026_08_22/eval/full_alpha_curves.csv
w10/50k,OOD,16384,0.0,0.09697427260242286,0.022676041512334915,0.026032120061185014,0.1380222353944327,0.13372814248819107,0.14222419609418024,1.148001076247127,analysis_outputs/esen_irrep_ood_2026_08_22/eval/full_alpha_curves.csv
w16/150k,ID,1024,1.0,0.0,0.011627312695639512,0.011627312631845237,-5.486588072756149e-09,-4.331619050113034e-08,3.5130765785318365e-08,0.9999999945134119,analysis_outputs/esen_irrep_ood_2026_08_22/eval/full_alpha_curves.csv
w16/150k,ID,1024,0.75,0.02346211304399537,0.011627312695639512,0.013555852541255122,0.15346150269059855,0.1365832403841214,0.17205149904646114,1.1658629036732495,analysis_outputs/esen_irrep_ood_2026_08_22/eval/full_alpha_curves.csv
w16/150k,ID,1024,0.5,0.04692422608799074,0.011627312695639512,0.01718959963063747,0.39094765504626316,0.3539638234177358,0.430578562363951,1.4783811255961092,analysis_outputs/esen_irrep_ood_2026_08_22/eval/full_alpha_curves.csv
w16/150k,ID,1024,0.25,0.07038633913198611,0.011627312695639512,0.021415798223385924,0.6107720111566777,0.5588071448535693,0.665964868660455,1.8418527809454455,analysis_outputs/esen_irrep_ood_2026_08_22/eval/full_alpha_curves.csv
w16/150k,ID,1024,0.0,0.09384845217598148,0.011627312695639512,0.025960471144326012,0.8032181672805749,0.7403150586437498,0.868722857849833,2.232714628381994,analysis_outputs/esen_irrep_ood_2026_08_22/eval/full_alpha_curves.csv
w16/150k,ID,2048,1.0,0.0,0.011260685928752715,0.011260685866719586,-5.508822731314922e-09,-3.3043148950362425e-08,2.3011927496874292e-08,0.9999999944911773,analysis_outputs/esen_irrep_ood_2026_08_22/eval/full_alpha_curves.csv
w16/150k,ID,2048,0.75,0.02346211304399537,0.011260685928752715,0.013207312005185094,0.15945307785892737,0.14729806722840946,0.17198385886423498,1.1728692273942147,analysis_outputs/esen_irrep_ood_2026_08_22/eval/full_alpha_curves.csv
w16/150k,ID,2048,0.5,0.04692422608799074,0.011260685928752715,0.016856734557664566,0.4034327158093838,0.37651968605750946,0.4302870162903531,1.4969545074179778,analysis_outputs/esen_irrep_ood_2026_08_22/eval/full_alpha_curves.csv
w16/150k,ID,2048,0.25,0.07038633913198611,0.011260685928752715,0.02110576901057842,0.6282288777830289,0.5910450072694463,0.6648074002807343,1.8742880446285741,analysis_outputs/esen_irrep_ood_2026_08_22/eval/full_alpha_curves.csv
w16/150k,ID,2048,0.0,0.09384845217598148,0.011260685928752715,0.025677684453967356,0.8243047673660997,0.7799912192377779,0.8675486625050273,2.280294878698525,analysis_outputs/esen_irrep_ood_2026_08_22/eval/full_alpha_curves.csv
w16/150k,ID,4096,1.0,0.0,0.011183429339611955,0.011183429254120369,-7.64448770951276e-09,-2.7761971521655936e-08,1.3026158351969701e-08,0.9999999923555123,analysis_outputs/esen_irrep_ood_2026_08_22/eval/full_alpha_curves.csv
w16/150k,ID,4096,0.75,0.02346211304399537,0.011183429339611955,0.013126136739235073,0.16017225395415302,0.15158572515440089,0.16935715652964997,1.1737130302904495,analysis_outputs/esen_irrep_ood_2026_08_22/eval/full_alpha_curves.csv
w16/150k,ID,4096,0.5,0.04692422608799074,0.011183429339611955,0.016748428115827857,0.4038712505594537,0.3856691150740014,0.42314528341673585,1.4976111179514997,analysis_outputs/esen_irrep_ood_2026_08_22/eval/full_alpha_curves.csv
w16/150k,ID,4096,0.25,0.07038633913198611,0.011183429339611955,0.020962681292826447,0.6283106160704581,0.6030611017613289,0.6546053643767542,1.8744412519848592,analysis_outputs/esen_irrep_ood_2026_08_22/eval/full_alpha_curves.csv
w16/150k,ID,4096,0.0,0.09384845217598148,0.011183429339611955,0.02549290083226809,0.8239668551928325,0.7937062594773978,0.8552548930412976,2.2795244694730328,analysis_outputs/esen_irrep_ood_2026_08_22/eval/full_alpha_curves.csv
w16/150k,ID,8192,1.0,0.0,0.010804300466465437,0.01080430040202559,-5.964277960401887e-09,-2.0540766576537806e-08,8.52027444153691e-09,0.999999994035722,analysis_outputs/esen_irrep_ood_2026_08_22/eval/full_alpha_curves.csv
w16/150k,ID,8192,0.75,0.02346211304399537,0.010804300466465437,0.012752567367690875,0.16578836729319324,0.1597889342582019,0.1722827330892498,1.1803232802783017,analysis_outputs/esen_irrep_ood_2026_08_22/eval/full_alpha_curves.csv
w16/150k,ID,8192,0.5,0.04692422608799074,0.010804300466465437,0.016392456007158444,0.4168769832219539,0.4038914201707283,0.4307104655282471,1.5172158584479964,analysis_outputs/esen_irrep_ood_2026_08_22/eval/full_alpha_curves.csv
w16/150k,ID,8192,0.25,0.07038633913198611,0.010804300466465437,0.020632639717301386,0.646930027959089,0.6293678361728506,0.6656430380003032,1.9096691897213809,analysis_outputs/esen_irrep_ood_2026_08_22/eval/full_alpha_curves.csv
w16/150k,ID,8192,0.0,0.09384845217598148,0.010804300466465437,0.02519393204193928,0.8466589273233622,0.8257053065509248,0.8686982940837745,2.331842965690987,analysis_outputs/esen_irrep_ood_2026_08_22/eval/full_alpha_curves.csv
w16/150k,ID,16384,1.0,0.0,0.01081115041303732,0.01081115036612139,-4.3395873561280496e-09,-1.4173071360978895e-08,6.2190623317803785e-09,0.9999999956604126,analysis_outputs/esen_irrep_ood_2026_08_22/eval/full_alpha_curves.csv
w16/150k,ID,16384,0.75,0.02346211304399537,0.01081115041303732,0.01276662221709176,0.16625607864616399,0.16179194398462507,0.1704604994950613,1.1808754599969593,analysis_outputs/esen_irrep_ood_2026_08_22/eval/full_alpha_curves.csv
w16/150k,ID,16384,0.5,0.04692422608799074,0.01081115041303732,0.016409638457021345,0.4172908258134598,0.40786370759816415,0.42607865444109044,1.5178438769321658,analysis_outputs/esen_irrep_ood_2026_08_22/eval/full_alpha_curves.csv
w16/150k,ID,16384,0.25,0.07038633913198611,0.01081115041303732,0.020651651221305318,0.6472172313247175,0.6342929153469736,0.659166064425091,1.9102177319077165,analysis_outputs/esen_irrep_ood_2026_08_22/eval/full_alpha_curves.csv
w16/150k,ID,16384,0.0,0.09384845217598148,0.01081115041303732,0.025213888866068474,0.846816940995073,0.8314036532183111,0.8608650586207262,2.3322114578724835,analysis_outputs/esen_irrep_ood_2026_08_22/eval/full_alpha_curves.csv
w16/150k,OOD,1024,1.0,0.0,0.010262477954459275,0.010262478039305734,8.267639017844886e-09,-1.4965947192635554e-08,3.32474539455063e-08,1.000000008267639,analysis_outputs/esen_irrep_ood_2026_08_22/eval/full_alpha_curves.csv
w16/150k,OOD,1024,0.75,0.021759312486227894,0.010262477954459275,0.011558015455093705,0.11888484846036906,0.10639943357624668,0.13220095189548212,1.1262402225255448,analysis_outputs/esen_irrep_ood_2026_08_22/eval/full_alpha_curves.csv
w16/150k,OOD,1024,0.5,0.04351862497245579,0.010262477954459275,0.014093465643590241,0.3172169338233708,0.2865369362558954,0.34789573876337276,1.3733004549321661,analysis_outputs/esen_irrep_ood_2026_08_22/eval/full_alpha_curves.csv
w16/150k,OOD,1024,0.25,0.06527793745868368,0.010262477954459275,0.0171596493762341,0.5140663346191854,0.46868353734951657,0.5580184228987041,1.6720766127227438,analysis_outputs/esen_irrep_ood_2026_08_22/eval/full_alpha_curves.csv
w16/150k,OOD,1024,0.0,0.08703724994491158,0.010262477954459275,0.020497831063832638,0.6918247521712084,0.6348681666771991,0.7455951555817958,1.9973568912687294,analysis_outputs/esen_irrep_ood_2026_08_22/eval/full_alpha_curves.csv
w16/150k,OOD,2048,1.0,0.0,0.010423880764278793,0.010423880857285565,8.922470762229295e-09,-7.621097353194273e-09,2.665907248289297e-08,1.0000000089224708,analysis_outputs/esen_irrep_ood_2026_08_22/eval/full_alpha_curves.csv
w16/150k,OOD,2048,0.75,0.021759312486227894,0.010423880764278793,0.011701281409473907,0.11559895680320675,0.10646264454043017,0.12459149285374456,1.1225455925755206,analysis_outputs/esen_irrep_ood_2026_08_22/eval/full_alpha_curves.csv
w16/150k,OOD,2048,0.5,0.04351862497245579,0.010423880764278793,0.014248865933995016,0.31257791878777574,0.2902049534069405,0.33342589680138285,1.3669444476786334,analysis_outputs/esen_irrep_ood_2026_08_22/eval/full_alpha_curves.csv
w16/150k,OOD,2048,0.25,0.06527793745868368,0.010423880764278793,0.017345348144988396,0.5092249508175737,0.4760006741724751,0.5397491492838619,1.6640010124087865,analysis_outputs/esen_irrep_ood_2026_08_22/eval/full_alpha_curves.csv
w16/150k,OOD,2048,0.0,0.08703724994491158,0.010423880764278793,0.020720201494116654,0.6870097407828828,0.6456850083829232,0.7243996299052191,1.9877627116689525,analysis_outputs/esen_irrep_ood_2026_08_22/eval/full_alpha_curves.csv
w16/150k,OOD,4096,1.0,0.0,0.010997525433061301,0.010997525400284461,-2.980383939643616e-09,-1.391735180433784e-08,8.697832742932097e-09,0.9999999970196161,analysis_outputs/esen_irrep_ood_2026_08_22/eval/full_alpha_curves.csv
w16/150k,OOD,4096,0.75,0.021759312486227894,0.010997525433061301,0.012278526863317296,0.11018166639222748,0.10387188718411693,0.11670213839150116,1.1164808790898526,analysis_outputs/esen_irrep_ood_2026_08_22/eval/full_alpha_curves.csv
w16/150k,OOD,4096,0.5,0.04351862497245579,0.010997525433061301,0.014834034772708353,0.2992539005736523,0.2842543966055582,0.3149922771238004,1.3488520543097395,analysis_outputs/esen_irrep_ood_2026_08_22/eval/full_alpha_curves.csv
w16/150k,OOD,4096,0.25,0.06527793745868368,0.010997525433061301,0.017940896218842615,0.4894125249799508,0.466821988690667,0.5124082619752958,1.6313575565743004,analysis_outputs/esen_irrep_ood_2026_08_22/eval/full_alpha_curves.csv
w16/150k,OOD,4096,0.0,0.08703724994491158,0.010997525433061301,0.021327296477815158,0.6623174901832893,0.6345609820404045,0.6909647498739092,1.9392813963130275,analysis_outputs/esen_irrep_ood_2026_08_22/eval/full_alpha_curves.csv
w16/150k,OOD,8192,1.0,0.0,0.010908807261979977,0.01090880719679974,-5.975010708425543e-09,-1.4482688781569663e-08,2.1238134362278057e-09,0.9999999940249893,analysis_outputs/esen_irrep_ood_2026_08_22/eval/full_alpha_curves.csv
w16/150k,OOD,8192,0.75,0.021759312486227894,0.010908807261979977,0.012191786444160925,0.11119201406749113,0.1069661508300728,0.11560489286716584,1.1176094829956769,analysis_outputs/esen_irrep_ood_2026_08_22/eval/full_alpha_curves.csv
w16/150k,OOD,8192,0.5,0.04351862497245579,0.010908807261979977,0.014764105962520114,0.3026284935690393,0.292393949469432,0.31305870177460515,1.3534115699318336,analysis_outputs/esen_irrep_ood_2026_08_22/eval/full_alpha_curves.csv
w16/150k,OOD,8192,0.25,0.06527793745868368,0.010908807261979977,0.017893538088742132,0.49486917838089006,0.4798970480176229,0.5101589930882424,1.6402836404586376,analysis_outputs/esen_irrep_ood_2026_08_22/eval/full_alpha_curves.csv
w16/150k,OOD,8192,0.0,0.08703724994491158,0.010908807261979977,0.021302453222273327,0.669251772177418,0.650575355027169,0.688032283794278,1.9527756527991753,analysis_outputs/esen_irrep_ood_2026_08_22/eval/full_alpha_curves.csv
w16/150k,OOD,16384,1.0,0.0,0.0109531603434369,0.010953160297660483,-4.179288914940571e-09,-9.718665006097638e-09,1.4595785913229517e-09,0.9999999958207111,analysis_outputs/esen_irrep_ood_2026_08_22/eval/full_alpha_curves.csv
w16/150k,OOD,16384,0.75,0.021759312486227894,0.0109531603434369,0.012240490338414586,0.11112130614981819,0.10773449638201074,0.11431563461522076,1.1175304619501023,analysis_outputs/esen_irrep_ood_2026_08_22/eval/full_alpha_curves.csv
w16/150k,OOD,16384,0.5,0.04351862497245579,0.0109531603434369,0.014820217641967762,0.30236427499298113,0.29451286597045323,0.3099344342830736,1.3530540206916613,analysis_outputs/esen_irrep_ood_2026_08_22/eval/full_alpha_curves.csv
w16/150k,OOD,16384,0.25,0.06527793745868368,0.0109531603434369,0.01795910192310351,0.49446902688229866,0.4828588835298778,0.5054738968789119,1.639627409806389,analysis_outputs/esen_irrep_ood_2026_08_22/eval/full_alpha_curves.csv
w16/150k,OOD,16384,0.0,0.08703724994491158,0.0109531603434369,0.02137889284928883,0.6687760893848966,0.654149840612925,0.6824340608638838,1.9518469719197524,analysis_outputs/esen_irrep_ood_2026_08_22/eval/full_alpha_curves.csv
w20/200k,ID,1024,1.0,0.0,0.009453774302136066,0.009453774409188416,1.1323767701298948e-08,-3.510960693287046e-08,5.740376913809795e-08,1.0000000113237677,analysis_outputs/esen_irrep_ood_2026_08_22/eval/full_alpha_curves.csv
w20/200k,ID,1024,0.75,0.019419834077731245,0.009453774302136066,0.011337458077456052,0.18169805892655155,0.15898187365154226,0.20645356759393363,1.1992520357604013,analysis_outputs/esen_irrep_ood_2026_08_22/eval/full_alpha_curves.csv
w20/200k,ID,1024,0.5,0.03883966815546249,0.009453774302136066,0.01454811546623433,0.43104740518858,0.38528382718613874,0.4797124816022091,1.5388684985791548,analysis_outputs/esen_irrep_ood_2026_08_22/eval/full_alpha_curves.csv
w20/200k,ID,1024,0.25,0.05825950223319373,0.009453774302136066,0.018314740528798633,0.6612921701693457,0.5987538623542588,0.7255912036284112,1.9372940313013867,analysis_outputs/esen_irrep_ood_2026_08_22/eval/full_alpha_curves.csv
w20/200k,ID,1024,0.0,0.07767933631092498,0.009453774302136066,0.02244865938112135,0.8648168378229215,0.7906194474636914,0.9402351428925543,2.3745711145282047,analysis_outputs/esen_irrep_ood_2026_08_22/eval/full_alpha_curves.csv
w20/200k,ID,2048,1.0,0.0,0.009051002707521806,0.009051002726803868,2.1303785402437825e-09,-3.081253290293517e-08,3.506798316177394e-08,1.0000000021303785,analysis_outputs/esen_irrep_ood_2026_08_22/eval/full_alpha_curves.csv
w20/200k,ID,2048,0.75,0.019419834077731245,0.009051002707521806,0.010946704466770157,0.19016290103996347,0.17287533084914078,0.2070840479039203,1.209446601719933,analysis_outputs/esen_irrep_ood_2026_08_22/eval/full_alpha_curves.csv
w20/200k,ID,2048,0.5,0.03883966815546249,0.009051002707521806,0.014181812071208721,0.4490847555891504,0.4144469838838728,0.48294515740451255,1.5668774531934424,analysis_outputs/esen_irrep_ood_2026_08_22/eval/full_alpha_curves.csv
w20/200k,ID,2048,0.25,0.05825950223319373,0.009051002707521806,0.017972101785358775,0.6859451067583846,0.639674544508579,0.7310684797895359,1.9856475979642692,analysis_outputs/esen_irrep_ood_2026_08_22/eval/full_alpha_curves.csv
w20/200k,ID,2048,0.0,0.07767933631092498,0.009051002707521806,0.02212141936144445,0.8936707930405228,0.8398080518690305,0.9463698264180672,2.4440849347067943,analysis_outputs/esen_irrep_ood_2026_08_22/eval/full_alpha_curves.csv
w20/200k,ID,4096,1.0,0.0,0.008907988242511058,0.008907988306510411,7.184490335987448e-09,-1.642384757083448e-08,3.081938353410862e-08,1.0000000071844903,analysis_outputs/esen_irrep_ood_2026_08_22/eval/full_alpha_curves.csv
w20/200k,ID,4096,0.75,0.019419834077731245,0.008907988242511058,0.01076504076124298,0.1893554877547725,0.17787020445871132,0.20149097888699463,1.208470472588819,analysis_outputs/esen_irrep_ood_2026_08_22/eval/full_alpha_curves.csv
w20/200k,ID,4096,0.5,0.03883966815546249,0.008907988242511058,0.01394346791163763,0.4480627190277753,0.4249464278442761,0.4724584017395776,1.5652768652181253,analysis_outputs/esen_irrep_ood_2026_08_22/eval/full_alpha_curves.csv
w20/200k,ID,4096,0.25,0.05825950223319373,0.008907988242511058,0.017668217013928383,0.6848189470246178,0.6539396648616423,0.7173306800300852,1.983412700256093,analysis_outputs/esen_irrep_ood_2026_08_22/eval/full_alpha_curves.csv
w20/200k,ID,4096,0.0,0.07767933631092498,0.008907988242511058,0.021744491801700325,0.8924120454503486,0.8560921513214255,0.9303823123718482,2.441010384132569,analysis_outputs/esen_irrep_ood_2026_08_22/eval/full_alpha_curves.csv
w20/200k,ID,8192,1.0,0.0,0.008587110349233634,0.008587110342547413,-7.786349343064103e-10,-1.8073707996890674e-08,1.6233962196743333e-08,0.9999999992213651,analysis_outputs/esen_irrep_ood_2026_08_22/eval/full_alpha_curves.csv
w20/200k,ID,8192,0.75,0.019419834077731245,0.008587110349233634,0.010477341358270522,0.1989526771813921,0.19047424694342327,0.20767115570731415,1.2201242248162778,analysis_outputs/esen_irrep_ood_2026_08_22/eval/full_alpha_curves.csv
w20/200k,ID,8192,0.5,0.03883966815546249,0.008587110349233634,0.013709059207801468,0.4677945880049972,0.45092677547717486,0.48533879920518225,1.5964694350323496,analysis_outputs/esen_irrep_ood_2026_08_22/eval/full_alpha_curves.csv
w20/200k,ID,8192,0.25,0.05825950223319373,0.008587110349233634,0.017489954157300314,0.7113643856069372,0.6890383980556865,0.7345138635139564,2.0367683010922555,analysis_outputs/esen_irrep_ood_2026_08_22/eval/full_alpha_curves.csv
w20/200k,ID,8192,0.0,0.07767933631092498,0.008587110349233634,0.02162514978053998,0.9235946967221622,0.8977101767110978,0.9504259181798025,2.5183267596497045,analysis_outputs/esen_irrep_ood_2026_08_22/eval/full_alpha_curves.csv
w20/200k,ID,16384,1.0,0.0,0.008571066380358823,0.008571066469936082,1.0451121745802538e-08,-2.1346487910633982e-09,2.3593443598812765e-08,1.0000000104511217,analysis_outputs/esen_irrep_ood_2026_08_22/eval/full_alpha_curves.csv
w20/200k,ID,16384,0.75,0.019419834077731245,0.008571066380358823,0.010475926000871057,0.20068770628968036,0.1945258413677873,0.20653090989509318,1.222243013410484,analysis_outputs/esen_irrep_ood_2026_08_22/eval/full_alpha_curves.csv
w20/200k,ID,16384,0.5,0.03883966815546249,0.008571066380358823,0.013721646594621812,0.47058247263268704,0.4584755574238992,0.48204269775487774,1.6009264175185824,analysis_outputs/esen_irrep_ood_2026_08_22/eval/full_alpha_curves.csv
w20/200k,ID,16384,0.25,0.05825950223319373,0.008571066380358823,0.01751424889522943,0.7146226155654309,0.6985040917184997,0.729760776465648,2.0434153835705327,analysis_outputs/esen_irrep_ood_2026_08_22/eval/full_alpha_curves.csv
w20/200k,ID,16384,0.0,0.07767933631092498,0.008571066380358823,0.021657790953383167,0.926973092344157,0.9083453076414045,0.9444757180464718,2.5268490514801583,analysis_outputs/esen_irrep_ood_2026_08_22/eval/full_alpha_curves.csv
w20/200k,OOD,1024,1.0,0.0,0.008487063465107808,0.00848706335380399,-1.3114526353774636e-08,-4.074075095061858e-08,1.5138758979738002e-08,0.9999999868854738,analysis_outputs/esen_irrep_ood_2026_08_22/eval/full_alpha_curves.csv
w20/200k,OOD,1024,0.75,0.0181708625214022,0.008487063465107808,0.009469751332306526,0.10955958950539646,0.0977464494976723,0.1215881295071167,1.1157865581232853,analysis_outputs/esen_irrep_ood_2026_08_22/eval/full_alpha_curves.csv
w20/200k,OOD,1024,0.5,0.0363417250428044,0.008487063465107808,0.011487303560896903,0.30269932840755853,0.27260698305364306,0.3329046337971918,1.3535074420173416,analysis_outputs/esen_irrep_ood_2026_08_22/eval/full_alpha_curves.csv
w20/200k,OOD,1024,0.25,0.0545125875642066,0.008487063465107808,0.013973591650218163,0.4986261787124189,0.4528627389884569,0.5438137412451743,1.6464577774947344,analysis_outputs/esen_irrep_ood_2026_08_22/eval/full_alpha_curves.csv
w20/200k,OOD,1024,0.0,0.0726834500856088,0.008487063465107808,0.01673585143879037,0.679010152218126,0.6204240858366192,0.7353075916198316,1.9719248604178765,analysis_outputs/esen_irrep_ood_2026_08_22/eval/full_alpha_curves.csv
w20/200k,OOD,2048,1.0,0.0,0.00860256393672702,0.00860256385739955,-9.221375663059916e-09,-2.839396968656871e-08,1.071874793368009e-08,0.9999999907786243,analysis_outputs/esen_irrep_ood_2026_08_22/eval/full_alpha_curves.csv
w20/200k,OOD,2048,0.75,0.0181708625214022,0.00860256393672702,0.009597216699057151,0.10941283825077708,0.1007993785528151,0.11791037626376755,1.1156228270601567,analysis_outputs/esen_irrep_ood_2026_08_22/eval/full_alpha_curves.csv
w20/200k,OOD,2048,0.5,0.0363417250428044,0.00860256393672702,0.011631178936307461,0.30162904066428986,0.280053495759865,0.32216154172478584,1.352059574547344,analysis_outputs/esen_irrep_ood_2026_08_22/eval/full_alpha_curves.csv
w20/200k,OOD,2048,0.25,0.0545125875642066,0.00860256393672702,0.014138997789840613,0.49687648928870765,0.4635976870874983,0.5270803517459697,1.6435795065093135,analysis_outputs/esen_irrep_ood_2026_08_22/eval/full_alpha_curves.csv
w20/200k,OOD,2048,0.0,0.0726834500856088,0.00860256393672702,0.01692707613938539,0.6768541872951461,0.6349070328905863,0.7145240623090918,1.9676780392318198,analysis_outputs/esen_irrep_ood_2026_08_22/eval/full_alpha_curves.csv
w20/200k,OOD,4096,1.0,0.0,0.009097337457567885,0.00909733737567689,-9.001643874739784e-09,-2.2008421063368645e-08,4.299988920486442e-09,0.9999999909983561,analysis_outputs/esen_irrep_ood_2026_08_22/eval/full_alpha_curves.csv
w20/200k,OOD,4096,0.75,0.0181708625214022,0.009097337457567885,0.010105774104479024,0.10512517037510705,0.09902788679567846,0.1112949788908179,1.1108496471208993,analysis_outputs/esen_irrep_ood_2026_08_22/eval/full_alpha_curves.csv
w20/200k,OOD,4096,0.5,0.0363417250428044,0.009097337457567885,0.012152664619871653,0.2895666723886752,0.27483120775342285,0.3049398058436381,1.3358485025486337,analysis_outputs/esen_irrep_ood_2026_08_22/eval/full_alpha_curves.csv
w20/200k,OOD,4096,0.25,0.0545125875642066,0.009097337457567885,0.014673443803947191,0.4780575324366527,0.4558287310418314,0.5009237389862907,1.6129382769835219,analysis_outputs/esen_irrep_ood_2026_08_22/eval/full_alpha_curves.csv
w20/200k,OOD,4096,0.0,0.0726834500856088,0.009097337457567885,0.017474913708121508,0.6527845664584833,0.6251808055622786,0.6811409219353011,1.9208822130242624,analysis_outputs/esen_irrep_ood_2026_08_22/eval/full_alpha_curves.csv
w20/200k,OOD,8192,1.0,0.0,0.009069236411095687,0.009069236342319252,-7.583486727469335e-09,-1.700392127101935e-08,1.240396141355401e-09,0.9999999924165133,analysis_outputs/esen_irrep_ood_2026_08_22/eval/full_alpha_curves.csv
w20/200k,OOD,8192,0.75,0.0181708625214022,0.009069236411095687,0.010079910877813467,0.10565634894719889,0.1015638400185844,0.10988473425437865,1.1114398633915061,analysis_outputs/esen_irrep_ood_2026_08_22/eval/full_alpha_curves.csv
w20/200k,OOD,8192,0.5,0.0363417250428044,0.009069236411095687,0.012135843843258203,0.2912753025600958,0.2814877322256559,0.30129600041384713,1.3381329246650466,analysis_outputs/esen_irrep_ood_2026_08_22/eval/full_alpha_curves.csv
w20/200k,OOD,8192,0.25,0.0545125875642066,0.009069236411095687,0.014667376710961069,0.4807376840191271,0.4659460493166342,0.495333247961361,1.6172669942770905,analysis_outputs/esen_irrep_ood_2026_08_22/eval/full_alpha_curves.csv
w20/200k,OOD,8192,0.0,0.0726834500856088,0.009069236411095687,0.01747942171930173,0.6561362150901671,0.6378139022717523,0.6745171275881022,1.927331136490904,analysis_outputs/esen_irrep_ood_2026_08_22/eval/full_alpha_curves.csv
w20/200k,OOD,16384,1.0,0.0,0.00915064874230513,0.00915064871135426,-3.3823681633293745e-09,-9.818879687095716e-09,3.2443466357889805e-09,0.9999999966176318,analysis_outputs/esen_irrep_ood_2026_08_22/eval/full_alpha_curves.csv
w20/200k,OOD,16384,0.75,0.0181708625214022,0.00915064874230513,0.010161301051121613,0.10476171259213451,0.10163659250916109,0.10777687629351913,1.1104459735345382,analysis_outputs/esen_irrep_ood_2026_08_22/eval/full_alpha_curves.csv
w20/200k,OOD,16384,0.5,0.0363417250428044,0.00915064874230513,0.012216723764782758,0.28898103586966073,0.28127523816932953,0.2962049200371181,1.3350664099150271,analysis_outputs/esen_irrep_ood_2026_08_22/eval/full_alpha_curves.csv
w20/200k,OOD,16384,0.25,0.0545125875642066,0.00915064874230513,0.014747128070717567,0.4772235791854893,0.4657606857227502,0.48788436935448687,1.6115937225891854,analysis_outputs/esen_irrep_ood_2026_08_22/eval/full_alpha_curves.csv
w20/200k,OOD,16384,0.0,0.0726834500856088,0.00915064874230513,0.0175579586864464,0.6516825559527311,0.6372569541738894,0.6649134822225926,1.9187665466026191,analysis_outputs/esen_irrep_ood_2026_08_22/eval/full_alpha_curves.csv
w24/300k,ID,1024,1.0,0.0,0.007693661714181817,0.007693661704827339,-1.2158682949348076e-09,-5.184697631221979e-08,4.8233093785654524e-08,0.9999999987841317,analysis_outputs/esen_irrep_ood_2026_08_22/eval/full_alpha_curves.csv
w24/300k,ID,1024,0.75,0.029987831713723854,0.007693661714181817,0.009556036904962982,0.21677625554378022,0.18723015317256672,0.24753522943362902,1.2420661656267296,analysis_outputs/esen_irrep_ood_2026_08_22/eval/full_alpha_curves.csv
w24/300k,ID,1024,0.5,0.05997566342744771,0.007693661714181817,0.012634853981799593,0.4960623482491169,0.43841498326385064,0.554976406074291,1.6422419455367552,analysis_outputs/esen_irrep_ood_2026_08_22/eval/full_alpha_curves.csv
w24/300k,ID,1024,0.25,0.08996349514117156,0.007693661714181817,0.01615944609988099,0.7421079406280624,0.6666272589476827,0.8193513265919286,2.100358281947085,analysis_outputs/esen_irrep_ood_2026_08_22/eval/full_alpha_curves.csv
w24/300k,ID,1024,0.0,0.11995132685489542,0.007693661714181817,0.01996333583644688,0.9535005471138165,0.8658424871862758,1.0430151104882475,2.5947769187262586,analysis_outputs/esen_irrep_ood_2026_08_22/eval/full_alpha_curves.csv
w24/300k,ID,2048,1.0,0.0,0.007236118147751373,0.007236118098688012,-6.78034339784972e-09,-4.388666632326732e-08,2.78979781720423e-08,0.9999999932196566,analysis_outputs/esen_irrep_ood_2026_08_22/eval/full_alpha_curves.csv
w24/300k,ID,2048,0.75,0.029987831713723854,0.007236118147751373,0.00912871266275986,0.23233978870151528,0.21133764299261965,0.2545243350106317,1.2615483158738376,analysis_outputs/esen_irrep_ood_2026_08_22/eval/full_alpha_curves.csv
w24/300k,ID,2048,0.5,0.05997566342744771,0.007236118147751373,0.012254888945706312,0.5268400598103371,0.48618798072492453,0.568790068096879,1.6935722573178997,analysis_outputs/esen_irrep_ood_2026_08_22/eval/full_alpha_curves.csv
w24/300k,ID,2048,0.25,0.08996349514117156,0.007236118147751373,0.015830558504171872,0.7828572594750929,0.7294386924408423,0.8366425398891291,2.1877142109808174,analysis_outputs/esen_irrep_ood_2026_08_22/eval/full_alpha_curves.csv
w24/300k,ID,2048,0.0,0.11995132685489542,0.007236118147751373,0.019683800779911977,1.000711106866849,0.9389956337251407,1.0621765357706645,2.7202155047770633,analysis_outputs/esen_irrep_ood_2026_08_22/eval/full_alpha_curves.csv
w24/300k,ID,4096,1.0,0.0,0.007136516415827598,0.007136516458836717,6.026626309107996e-09,-1.9904582271301762e-08,3.1077348205954525e-08,1.0000000060266263,analysis_outputs/esen_irrep_ood_2026_08_22/eval/full_alpha_curves.csv
w24/300k,ID,4096,0.75,0.029987831713723854,0.007136516415827598,0.008980112718814017,0.22978767409365197,0.21555916264110692,0.24523057051763894,1.2583328049099178,analysis_outputs/esen_irrep_ood_2026_08_22/eval/full_alpha_curves.csv
w24/300k,ID,4096,0.5,0.05997566342744771,0.007136516415827598,0.012036414534872341,0.5227118390755221,0.4955037570657982,0.5522077052417396,1.6865952284755608,analysis_outputs/esen_irrep_ood_2026_08_22/eval/full_alpha_curves.csv
w24/300k,ID,4096,0.25,0.08996349514117156,0.007136516415827598,0.015533826544584352,0.7777952434085504,0.7422743806614653,0.8162910172572486,2.176667948262955,analysis_outputs/esen_irrep_ood_2026_08_22/eval/full_alpha_curves.csv
w24/300k,ID,4096,0.0,0.11995132685489542,0.007136516415827598,0.019303322372417022,0.9950524643962342,0.9540016665795541,1.0389190902002217,2.7048662467314566,analysis_outputs/esen_irrep_ood_2026_08_22/eval/full_alpha_curves.csv
w24/300k,ID,8192,1.0,0.0,0.006889365684451093,0.006889365732125976,6.9200680741232645e-09,-1.2719638986524728e-08,2.6899661698109865e-08,1.000000006920068,analysis_outputs/esen_irrep_ood_2026_08_22/eval/full_alpha_curves.csv
w24/300k,ID,8192,0.75,0.029987831713723854,0.006889365684451093,0.00875401727655009,0.23953369475457986,0.22875978528162627,0.2508722886121778,1.2706564983634712,analysis_outputs/esen_irrep_ood_2026_08_22/eval/full_alpha_curves.csv
w24/300k,ID,8192,0.5,0.05997566342744771,0.006889365684451093,0.011836803888867008,0.5412346336234997,0.5211570292516641,0.5620777332251609,1.71812681036543,analysis_outputs/esen_irrep_ood_2026_08_22/eval/full_alpha_curves.csv
w24/300k,ID,8192,0.25,0.08996349514117156,0.006889365684451093,0.015364191336285193,0.8020605463795594,0.7761691255907894,0.8290444107857382,2.2301314867000457,analysis_outputs/esen_irrep_ood_2026_08_22/eval/full_alpha_curves.csv
w24/300k,ID,8192,0.0,0.11995132685489542,0.006889365684451093,0.019168764348716394,1.0233030798546179,0.9935160687267421,1.0543063253735876,2.782369992636507,analysis_outputs/esen_irrep_ood_2026_08_22/eval/full_alpha_curves.csv
w24/300k,ID,16384,1.0,0.0,0.00686766193637755,0.006867661910471686,-3.772152368242132e-09,-1.7855930845023238e-08,1.0071356304486299e-08,0.9999999962278476,analysis_outputs/esen_irrep_ood_2026_08_22/eval/full_alpha_curves.csv
w24/300k,ID,16384,0.75,0.029987831713723854,0.00686766193637755,0.008741596936596669,0.24126917001945003,0.23362279375708273,0.24845121985816623,1.2728636059228546,analysis_outputs/esen_irrep_ood_2026_08_22/eval/full_alpha_curves.csv
w24/300k,ID,16384,0.5,0.05997566342744771,0.00686766193637755,0.011836754488828023,0.5443857589452357,0.5299277699243136,0.5576299235227721,1.723549382378523,analysis_outputs/esen_irrep_ood_2026_08_22/eval/full_alpha_curves.csv
w24/300k,ID,16384,0.25,0.08996349514117156,0.00686766193637755,0.015377971630234567,0.8061123529650311,0.7876133937887212,0.8232149846760799,2.239185879080399,analysis_outputs/esen_irrep_ood_2026_08_22/eval/full_alpha_curves.csv
w24/300k,ID,16384,0.0,0.11995132685489542,0.00686766193637755,0.01919788760712417,1.0279765337035314,1.0066821229122438,1.0476219473924053,2.795403702886747,analysis_outputs/esen_irrep_ood_2026_08_22/eval/full_alpha_curves.csv
w24/300k,OOD,1024,1.0,0.0,0.0067027871027343046,0.006702787033406113,-1.034318941606216e-08,-4.146698786566816e-08,2.174847897329356e-08,0.9999999896568106,analysis_outputs/esen_irrep_ood_2026_08_22/eval/full_alpha_curves.csv
w24/300k,OOD,1024,0.75,0.02923064401289881,0.0067027871027343046,0.007714433350091803,0.1405696099190168,0.12517558325197822,0.15700535028691306,1.1509291928643846,analysis_outputs/esen_irrep_ood_2026_08_22/eval/full_alpha_curves.csv
w24/300k,OOD,1024,0.5,0.05846128802579762,0.0067027871027343046,0.009670414328279019,0.36654772993698437,0.3306024164207369,0.40411462833893286,1.4427452610473208,analysis_outputs/esen_irrep_ood_2026_08_22/eval/full_alpha_curves.csv
w24/300k,OOD,1024,0.25,0.08769193203869644,0.0067027871027343046,0.012053831256933496,0.5868591306541502,0.534772959255462,0.6398091604039008,1.7983312124021218,analysis_outputs/esen_irrep_ood_2026_08_22/eval/full_alpha_curves.csv
w24/300k,OOD,1024,0.0,0.11692257605159524,0.0067027871027343046,0.014692255387307116,0.7847970851708599,0.7208068774380088,0.8478495746305467,2.1919621139859293,analysis_outputs/esen_irrep_ood_2026_08_22/eval/full_alpha_curves.csv
w24/300k,OOD,2048,1.0,0.0,0.006870332191722977,0.0068703321943489725,3.822231420258504e-10,-2.239546945670412e-08,2.2933477894504473e-08,1.0000000003822231,analysis_outputs/esen_irrep_ood_2026_08_22/eval/full_alpha_curves.csv
w24/300k,OOD,2048,0.75,0.02923064401289881,0.006870332191722977,0.007883255352306693,0.1375284753080912,0.12579548500028512,0.14878689069192483,1.14743437905434,analysis_outputs/esen_irrep_ood_2026_08_22/eval/full_alpha_curves.csv
w24/300k,OOD,2048,0.5,0.05846128802579762,0.006870332191722977,0.009833693935523666,0.35860218638664065,0.33161321860702436,0.3842947364240554,1.4313272868189393,analysis_outputs/esen_irrep_ood_2026_08_22/eval/full_alpha_curves.csv
w24/300k,OOD,2048,0.25,0.08769193203869644,0.006870332191722977,0.01220809205176539,0.5748865557680674,0.5356307500528935,0.6107232763050953,1.77692893314141,analysis_outputs/esen_irrep_ood_2026_08_22/eval/full_alpha_curves.csv
w24/300k,OOD,2048,0.0,0.11692257605159524,0.006870332191722977,0.014838150509676082,0.7699891422165726,0.72246643852872,0.8130416589990904,2.159742803637986,analysis_outputs/esen_irrep_ood_2026_08_22/eval/full_alpha_curves.csv
w24/300k,OOD,4096,1.0,0.0,0.007224843066238555,0.007224843085356366,2.6461215441031527e-09,-1.2348626032832044e-08,1.8675876001239545e-08,1.0000000026461215,analysis_outputs/esen_irrep_ood_2026_08_22/eval/full_alpha_curves.csv
w24/300k,OOD,4096,0.75,0.02923064401289881,0.007224843066238555,0.008243805027458456,0.13193649968627863,0.12459449385499266,0.13943363674120773,1.1410358608315625,analysis_outputs/esen_irrep_ood_2026_08_22/eval/full_alpha_curves.csv
w24/300k,OOD,4096,0.5,0.05846128802579762,0.007224843066238555,0.010209261846524223,0.3457698196279564,0.32837659243707307,0.36262842404271844,1.413077315718006,analysis_outputs/esen_irrep_ood_2026_08_22/eval/full_alpha_curves.csv
w24/300k,OOD,4096,0.25,0.08769193203869644,0.007224843066238555,0.012604305666176126,0.5565129622956437,0.5314503257708879,0.5807342439645595,1.7445784705103997,analysis_outputs/esen_irrep_ood_2026_08_22/eval/full_alpha_curves.csv
w24/300k,OOD,4096,0.0,0.11692257605159524,0.007224843066238555,0.015258491518537125,0.7476106561471214,0.7170420866740609,0.7772164052579078,2.111947813764916,analysis_outputs/esen_irrep_ood_2026_08_22/eval/full_alpha_curves.csv
w24/300k,OOD,8192,1.0,0.0,0.007202173166130731,0.007202173156666886,-1.3140262211663867e-09,-1.209231130783195e-08,9.299900760595389e-09,0.9999999986859738,analysis_outputs/esen_irrep_ood_2026_08_22/eval/full_alpha_curves.csv
w24/300k,OOD,8192,0.75,0.02923064401289881,0.007202173166130731,0.008217391333741634,0.13186999359733687,0.1269991928119626,0.13714205164115606,1.1409599775224954,analysis_outputs/esen_irrep_ood_2026_08_22/eval/full_alpha_curves.csv
w24/300k,OOD,8192,0.5,0.05846128802579762,0.007202173166130731,0.01017785958501546,0.34583192303041166,0.33440888233788674,0.3575236850467093,1.4131650753523022,analysis_outputs/esen_irrep_ood_2026_08_22/eval/full_alpha_curves.csv
w24/300k,OOD,8192,0.25,0.08769193203869644,0.007202173166130731,0.012568568351925163,0.5568163129661903,0.5406331956487669,0.5734684801619103,1.745107769836844,analysis_outputs/esen_irrep_ood_2026_08_22/eval/full_alpha_curves.csv
w24/300k,OOD,8192,0.0,0.11692257605159524,0.007202173166130731,0.015217965409064001,0.7480938556138375,0.7283919709767106,0.7684520188282961,2.1129685524125845,analysis_outputs/esen_irrep_ood_2026_08_22/eval/full_alpha_curves.csv
w24/300k,OOD,16384,1.0,0.0,0.00728752264148344,0.007287522618120616,-3.205865795052887e-09,-1.0280938034235022e-08,4.093100369750855e-09,0.9999999967941342,analysis_outputs/esen_irrep_ood_2026_08_22/eval/full_alpha_curves.csv
w24/300k,OOD,16384,0.75,0.02923064401289881,0.00728752264148344,0.008306004059426029,0.13081497537773323,0.12681372523497,0.13428729148710522,1.139756878715545,analysis_outputs/esen_irrep_ood_2026_08_22/eval/full_alpha_curves.csv
w24/300k,OOD,16384,0.5,0.05846128802579762,0.00728752264148344,0.010269821817829974,0.34304601545194924,0.3335983011958918,0.35110486900031473,1.4092336069558289,analysis_outputs/esen_irrep_ood_2026_08_22/eval/full_alpha_curves.csv
w24/300k,OOD,16384,0.25,0.08769193203869644,0.00728752264148344,0.012663289372533255,0.5525435484574848,0.53896454766962,0.5643315380765779,1.7376672424245847,analysis_outputs/esen_irrep_ood_2026_08_22/eval/full_alpha_curves.csv
w24/300k,OOD,16384,0.0,0.11692257605159524,0.00728752264148344,0.015315513001308142,0.7427025778162619,0.7261436584691213,0.757218954638445,2.101607604500086,analysis_outputs/esen_irrep_ood_2026_08_22/eval/full_alpha_curves.csv
