arch,width,step,seed,run_id,run_name,C_flops,used_in_valid_pair,checkpoint_path
lmax4,16,500,1,10359676,esen-sphere-16-neutral-epoch-lmax4-dense0to50k,374938517769536.3,True,<CHECKPOINT_ROOT>/geometric_scaling_checkpoints_esen/esen-sphere-16-neutral-epoch-lmax4-dense0to50k/esen/run_10359676_params_1.7_million/dim_32_step_step=500.ckpt
lmax4,16,1000,1,10359676,esen-sphere-16-neutral-epoch-lmax4-dense0to50k,751538457555637.8,True,<CHECKPOINT_ROOT>/geometric_scaling_checkpoints_esen/esen-sphere-16-neutral-epoch-lmax4-dense0to50k/esen/run_10359676_params_1.7_million/dim_32_step_step=1000.ckpt
lmax4,16,1500,1,10359676,esen-sphere-16-neutral-epoch-lmax4-dense0to50k,1124661685921018.5,True,<CHECKPOINT_ROOT>/geometric_scaling_checkpoints_esen/esen-sphere-16-neutral-epoch-lmax4-dense0to50k/esen/run_10359676_params_1.7_million/dim_32_step_step=1500.ckpt
lmax4,16,2000,1,10359676,esen-sphere-16-neutral-epoch-lmax4-dense0to50k,1497491874711157.0,True,<CHECKPOINT_ROOT>/geometric_scaling_checkpoints_esen/esen-sphere-16-neutral-epoch-lmax4-dense0to50k/esen/run_10359676_params_1.7_million/dim_32_step_step=2000.ckpt
lmax4,16,2500,1,10359676,esen-sphere-16-neutral-epoch-lmax4-dense0to50k,1871800659942156.5,False,<CHECKPOINT_ROOT>/geometric_scaling_checkpoints_esen/esen-sphere-16-neutral-epoch-lmax4-dense0to50k/esen/run_10359676_params_1.7_million/dim_32_step_step=2500.ckpt
lmax4,16,3000,1,10359676,esen-sphere-16-neutral-epoch-lmax4-dense0to50k,2245119248024365.5,True,<CHECKPOINT_ROOT>/geometric_scaling_checkpoints_esen/esen-sphere-16-neutral-epoch-lmax4-dense0to50k/esen/run_10359676_params_1.7_million/dim_32_step_step=3000.ckpt
lmax4,16,3500,1,10359676,esen-sphere-16-neutral-epoch-lmax4-dense0to50k,2621104582683631.5,True,<CHECKPOINT_ROOT>/geometric_scaling_checkpoints_esen/esen-sphere-16-neutral-epoch-lmax4-dense0to50k/esen/run_10359676_params_1.7_million/dim_32_step_step=3500.ckpt
lmax4,16,4000,1,10359676,esen-sphere-16-neutral-epoch-lmax4-dense0to50k,2996337004451936.0,True,<CHECKPOINT_ROOT>/geometric_scaling_checkpoints_esen/esen-sphere-16-neutral-epoch-lmax4-dense0to50k/esen/run_10359676_params_1.7_million/dim_32_step_step=4000.ckpt
lmax4,16,4500,1,10359676,esen-sphere-16-neutral-epoch-lmax4-dense0to50k,3370070083614760.0,True,<CHECKPOINT_ROOT>/geometric_scaling_checkpoints_esen/esen-sphere-16-neutral-epoch-lmax4-dense0to50k/esen/run_10359676_params_1.7_million/dim_32_step_step=4500.ckpt
lmax4,16,5000,1,10359676,esen-sphere-16-neutral-epoch-lmax4-dense0to50k,3745876050392425.0,True,<CHECKPOINT_ROOT>/geometric_scaling_checkpoints_esen/esen-sphere-16-neutral-epoch-lmax4-dense0to50k/esen/run_10359676_params_1.7_million/dim_32_step_step=5000.ckpt
lmax4,16,5500,1,10359676,esen-sphere-16-neutral-epoch-lmax4-dense0to50k,4119393888097328.5,True,<CHECKPOINT_ROOT>/geometric_scaling_checkpoints_esen/esen-sphere-16-neutral-epoch-lmax4-dense0to50k/esen/run_10359676_params_1.7_million/dim_32_step_step=5500.ckpt
lmax4,16,6000,1,10359676,esen-sphere-16-neutral-epoch-lmax4-dense0to50k,4495469555015039.0,True,<CHECKPOINT_ROOT>/geometric_scaling_checkpoints_esen/esen-sphere-16-neutral-epoch-lmax4-dense0to50k/esen/run_10359676_params_1.7_million/dim_32_step_step=6000.ckpt
lmax4,16,6500,1,10359676,esen-sphere-16-neutral-epoch-lmax4-dense0to50k,4867693782913600.0,True,<CHECKPOINT_ROOT>/geometric_scaling_checkpoints_esen/esen-sphere-16-neutral-epoch-lmax4-dense0to50k/esen/run_10359676_params_1.7_million/dim_32_step_step=6500.ckpt
lmax4,16,7000,1,10359676,esen-sphere-16-neutral-epoch-lmax4-dense0to50k,5242354388519595.0,True,<CHECKPOINT_ROOT>/geometric_scaling_checkpoints_esen/esen-sphere-16-neutral-epoch-lmax4-dense0to50k/esen/run_10359676_params_1.7_million/dim_32_step_step=7000.ckpt
lmax4,16,7500,1,10359676,esen-sphere-16-neutral-epoch-lmax4-dense0to50k,5615213535497848.0,True,<CHECKPOINT_ROOT>/geometric_scaling_checkpoints_esen/esen-sphere-16-neutral-epoch-lmax4-dense0to50k/esen/run_10359676_params_1.7_million/dim_32_step_step=7500.ckpt
lmax4,16,8000,1,10359676,esen-sphere-16-neutral-epoch-lmax4-dense0to50k,5988232168616608.0,True,<CHECKPOINT_ROOT>/geometric_scaling_checkpoints_esen/esen-sphere-16-neutral-epoch-lmax4-dense0to50k/esen/run_10359676_params_1.7_million/dim_32_step_step=8000.ckpt
lmax4,16,8500,1,10359676,esen-sphere-16-neutral-epoch-lmax4-dense0to50k,6362128191614044.0,True,<CHECKPOINT_ROOT>/geometric_scaling_checkpoints_esen/esen-sphere-16-neutral-epoch-lmax4-dense0to50k/esen/run_10359676_params_1.7_million/dim_32_step_step=8500.ckpt
lmax4,16,9000,1,10359676,esen-sphere-16-neutral-epoch-lmax4-dense0to50k,6733491885892682.0,True,<CHECKPOINT_ROOT>/geometric_scaling_checkpoints_esen/esen-sphere-16-neutral-epoch-lmax4-dense0to50k/esen/run_10359676_params_1.7_million/dim_32_step_step=9000.ckpt
lmax4,16,9500,1,10359676,esen-sphere-16-neutral-epoch-lmax4-dense0to50k,7108429107026930.0,True,<CHECKPOINT_ROOT>/geometric_scaling_checkpoints_esen/esen-sphere-16-neutral-epoch-lmax4-dense0to50k/esen/run_10359676_params_1.7_million/dim_32_step_step=9500.ckpt
lmax4,16,10000,1,10359676,esen-sphere-16-neutral-epoch-lmax4-dense0to50k,7483910482770661.0,True,<CHECKPOINT_ROOT>/geometric_scaling_checkpoints_esen/esen-sphere-16-neutral-epoch-lmax4-dense0to50k/esen/run_10359676_params_1.7_million/dim_32_step_step=10000.ckpt
lmax4,16,10500,1,10359676,esen-sphere-16-neutral-epoch-lmax4-dense0to50k,7859286398844246.0,True,<CHECKPOINT_ROOT>/geometric_scaling_checkpoints_esen/esen-sphere-16-neutral-epoch-lmax4-dense0to50k/esen/run_10359676_params_1.7_million/dim_32_step_step=10500.ckpt
lmax4,16,11000,1,10359676,esen-sphere-16-neutral-epoch-lmax4-dense0to50k,8233573573487101.0,True,<CHECKPOINT_ROOT>/geometric_scaling_checkpoints_esen/esen-sphere-16-neutral-epoch-lmax4-dense0to50k/esen/run_10359676_params_1.7_million/dim_32_step_step=11000.ckpt
lmax4,16,11500,1,10359676,esen-sphere-16-neutral-epoch-lmax4-dense0to50k,8610187776261378.0,True,<CHECKPOINT_ROOT>/geometric_scaling_checkpoints_esen/esen-sphere-16-neutral-epoch-lmax4-dense0to50k/esen/run_10359676_params_1.7_million/dim_32_step_step=11500.ckpt
lmax4,16,12000,1,10359676,esen-sphere-16-neutral-epoch-lmax4-dense0to50k,8986355504284586.0,True,<CHECKPOINT_ROOT>/geometric_scaling_checkpoints_esen/esen-sphere-16-neutral-epoch-lmax4-dense0to50k/esen/run_10359676_params_1.7_million/dim_32_step_step=12000.ckpt
lmax4,16,12500,1,10359676,esen-sphere-16-neutral-epoch-lmax4-dense0to50k,9361686470334830.0,True,<CHECKPOINT_ROOT>/geometric_scaling_checkpoints_esen/esen-sphere-16-neutral-epoch-lmax4-dense0to50k/esen/run_10359676_params_1.7_million/dim_32_step_step=12500.ckpt
lmax4,8,25000,1,9897808,esen-sphere-8-neutral-epoch,9551483695195872.0,True,<CHECKPOINT_ROOT>/geometric_scaling_checkpoints_esen/esen-sphere-8-neutral-epoch/esen/run_9897808_params_878.4_thousand/dim_32_step_step=25000.ckpt
lmax4,16,18000,1,10359676,esen-sphere-16-neutral-epoch-lmax4-dense0to50k,1.3482950538730202e+16,True,<CHECKPOINT_ROOT>/geometric_scaling_checkpoints_esen/esen-sphere-16-neutral-epoch-lmax4-dense0to50k/esen/run_10359676_params_1.7_million/dim_32_step_step=18000.ckpt
lmax4,16,18500,1,10359676,esen-sphere-16-neutral-epoch-lmax4-dense0to50k,1.3856899723774472e+16,True,<CHECKPOINT_ROOT>/geometric_scaling_checkpoints_esen/esen-sphere-16-neutral-epoch-lmax4-dense0to50k/esen/run_10359676_params_1.7_million/dim_32_step_step=18500.ckpt
lmax4,16,19000,1,10359676,esen-sphere-16-neutral-epoch-lmax4-dense0to50k,1.4231963582955248e+16,True,<CHECKPOINT_ROOT>/geometric_scaling_checkpoints_esen/esen-sphere-16-neutral-epoch-lmax4-dense0to50k/esen/run_10359676_params_1.7_million/dim_32_step_step=19000.ckpt
lmax4,16,19500,1,10359676,esen-sphere-16-neutral-epoch-lmax4-dense0to50k,1.4605464564401398e+16,True,<CHECKPOINT_ROOT>/geometric_scaling_checkpoints_esen/esen-sphere-16-neutral-epoch-lmax4-dense0to50k/esen/run_10359676_params_1.7_million/dim_32_step_step=19500.ckpt
lmax4,16,20000,1,10359676,esen-sphere-16-neutral-epoch-lmax4-dense0to50k,1.4981944349317416e+16,True,<CHECKPOINT_ROOT>/geometric_scaling_checkpoints_esen/esen-sphere-16-neutral-epoch-lmax4-dense0to50k/esen/run_10359676_params_1.7_million/dim_32_step_step=20000.ckpt
lmax4,16,20500,1,10359676,esen-sphere-16-neutral-epoch-lmax4-dense0to50k,1.5357732163201038e+16,True,<CHECKPOINT_ROOT>/geometric_scaling_checkpoints_esen/esen-sphere-16-neutral-epoch-lmax4-dense0to50k/esen/run_10359676_params_1.7_million/dim_32_step_step=20500.ckpt
lmax4,16,21000,1,10359676,esen-sphere-16-neutral-epoch-lmax4-dense0to50k,1.5733252870215194e+16,True,<CHECKPOINT_ROOT>/geometric_scaling_checkpoints_esen/esen-sphere-16-neutral-epoch-lmax4-dense0to50k/esen/run_10359676_params_1.7_million/dim_32_step_step=21000.ckpt
lmax4,16,21500,1,10359676,esen-sphere-16-neutral-epoch-lmax4-dense0to50k,1.6107530536199264e+16,True,<CHECKPOINT_ROOT>/geometric_scaling_checkpoints_esen/esen-sphere-16-neutral-epoch-lmax4-dense0to50k/esen/run_10359676_params_1.7_million/dim_32_step_step=21500.ckpt
lmax4,16,22000,1,10359676,esen-sphere-16-neutral-epoch-lmax4-dense0to50k,1.6480914820469434e+16,True,<CHECKPOINT_ROOT>/geometric_scaling_checkpoints_esen/esen-sphere-16-neutral-epoch-lmax4-dense0to50k/esen/run_10359676_params_1.7_million/dim_32_step_step=22000.ckpt
lmax4,16,22500,1,10359676,esen-sphere-16-neutral-epoch-lmax4-dense0to50k,1.6856397492848454e+16,True,<CHECKPOINT_ROOT>/geometric_scaling_checkpoints_esen/esen-sphere-16-neutral-epoch-lmax4-dense0to50k/esen/run_10359676_params_1.7_million/dim_32_step_step=22500.ckpt
lmax4,16,23000,1,10359676,esen-sphere-16-neutral-epoch-lmax4-dense0to50k,1.7230053638317482e+16,True,<CHECKPOINT_ROOT>/geometric_scaling_checkpoints_esen/esen-sphere-16-neutral-epoch-lmax4-dense0to50k/esen/run_10359676_params_1.7_million/dim_32_step_step=23000.ckpt
lmax4,16,23500,1,10359676,esen-sphere-16-neutral-epoch-lmax4-dense0to50k,1.7603468609622818e+16,True,<CHECKPOINT_ROOT>/geometric_scaling_checkpoints_esen/esen-sphere-16-neutral-epoch-lmax4-dense0to50k/esen/run_10359676_params_1.7_million/dim_32_step_step=23500.ckpt
lmax4,16,24000,1,10359676,esen-sphere-16-neutral-epoch-lmax4-dense0to50k,1.7976237856554388e+16,True,<CHECKPOINT_ROOT>/geometric_scaling_checkpoints_esen/esen-sphere-16-neutral-epoch-lmax4-dense0to50k/esen/run_10359676_params_1.7_million/dim_32_step_step=24000.ckpt
lmax4,16,24500,1,10359676,esen-sphere-16-neutral-epoch-lmax4-dense0to50k,1.8352342913871976e+16,True,<CHECKPOINT_ROOT>/geometric_scaling_checkpoints_esen/esen-sphere-16-neutral-epoch-lmax4-dense0to50k/esen/run_10359676_params_1.7_million/dim_32_step_step=24500.ckpt
lmax4,16,25000,1,10359676,esen-sphere-16-neutral-epoch-lmax4-dense0to50k,1.872664219044419e+16,True,<CHECKPOINT_ROOT>/geometric_scaling_checkpoints_esen/esen-sphere-16-neutral-epoch-lmax4-dense0to50k/esen/run_10359676_params_1.7_million/dim_32_step_step=25000.ckpt
lmax4,16,25500,1,10359676,esen-sphere-16-neutral-epoch-lmax4-dense0to50k,1.9100585756735544e+16,True,<CHECKPOINT_ROOT>/geometric_scaling_checkpoints_esen/esen-sphere-16-neutral-epoch-lmax4-dense0to50k/esen/run_10359676_params_1.7_million/dim_32_step_step=25500.ckpt
lmax4,8,50000,1,9897808,esen-sphere-8-neutral-epoch,1.9104789619204656e+16,True,<CHECKPOINT_ROOT>/geometric_scaling_checkpoints_esen/esen-sphere-8-neutral-epoch/esen/run_9897808_params_878.4_thousand/dim_32_step_step=50000.ckpt
lmax4,4,100000,1,9714661,esen-sphere-4-neutral-epoch,2.029522048725557e+16,True,<CHECKPOINT_ROOT>/geometric_scaling_checkpoints_esen/esen-sphere-4-neutral-epoch/esen/run_9714661_params_456.5_thousand/dim_32_step_step=100000.ckpt
lmax4,16,32000,1,10359676,esen-sphere-16-neutral-epoch-lmax4-dense0to50k,2.397277065207738e+16,True,<CHECKPOINT_ROOT>/geometric_scaling_checkpoints_esen/esen-sphere-16-neutral-epoch-lmax4-dense0to50k/esen/run_10359676_params_1.7_million/dim_32_step_step=32000.ckpt
lmax4,10,50000,1,9741255,esen-sphere-10-neutral-epoch,2.3989785957410084e+16,True,<CHECKPOINT_ROOT>/geometric_scaling_checkpoints_esen/esen-sphere-10-neutral-epoch/esen/run_9741255_params_1.1_million/dim_32_step_step=50000.ckpt
lmax4,16,35000,1,10359676,esen-sphere-16-neutral-epoch-lmax4-dense0to50k,2.6221289245616908e+16,True,<CHECKPOINT_ROOT>/geometric_scaling_checkpoints_esen/esen-sphere-16-neutral-epoch-lmax4-dense0to50k/esen/run_10359676_params_1.7_million/dim_32_step_step=35000.ckpt
lmax4,16,35500,1,10359676,esen-sphere-16-neutral-epoch-lmax4-dense0to50k,2.6595572098142132e+16,True,<CHECKPOINT_ROOT>/geometric_scaling_checkpoints_esen/esen-sphere-16-neutral-epoch-lmax4-dense0to50k/esen/run_10359676_params_1.7_million/dim_32_step_step=35500.ckpt
lmax4,16,36000,1,10359676,esen-sphere-16-neutral-epoch-lmax4-dense0to50k,2.697055426929972e+16,True,<CHECKPOINT_ROOT>/geometric_scaling_checkpoints_esen/esen-sphere-16-neutral-epoch-lmax4-dense0to50k/esen/run_10359676_params_1.7_million/dim_32_step_step=36000.ckpt
lmax4,16,36500,1,10359676,esen-sphere-16-neutral-epoch-lmax4-dense0to50k,2.734263024856361e+16,True,<CHECKPOINT_ROOT>/geometric_scaling_checkpoints_esen/esen-sphere-16-neutral-epoch-lmax4-dense0to50k/esen/run_10359676_params_1.7_million/dim_32_step_step=36500.ckpt
lmax4,16,37000,1,10359676,esen-sphere-16-neutral-epoch-lmax4-dense0to50k,2.771943203124298e+16,True,<CHECKPOINT_ROOT>/geometric_scaling_checkpoints_esen/esen-sphere-16-neutral-epoch-lmax4-dense0to50k/esen/run_10359676_params_1.7_million/dim_32_step_step=37000.ckpt
lmax4,16,37500,1,10359676,esen-sphere-16-neutral-epoch-lmax4-dense0to50k,2.8096180219663756e+16,True,<CHECKPOINT_ROOT>/geometric_scaling_checkpoints_esen/esen-sphere-16-neutral-epoch-lmax4-dense0to50k/esen/run_10359676_params_1.7_million/dim_32_step_step=37500.ckpt
lmax4,16,38000,1,10359676,esen-sphere-16-neutral-epoch-lmax4-dense0to50k,2.8469790118474156e+16,True,<CHECKPOINT_ROOT>/geometric_scaling_checkpoints_esen/esen-sphere-16-neutral-epoch-lmax4-dense0to50k/esen/run_10359676_params_1.7_million/dim_32_step_step=38000.ckpt
lmax4,8,75000,1,9897808,esen-sphere-8-neutral-epoch,2.86635708271508e+16,True,<CHECKPOINT_ROOT>/geometric_scaling_checkpoints_esen/esen-sphere-8-neutral-epoch/esen/run_9897808_params_878.4_thousand/dim_32_step_step=75000.ckpt
lmax4,4,150000,1,9714661,esen-sphere-4-neutral-epoch,3.044672799278153e+16,True,<CHECKPOINT_ROOT>/geometric_scaling_checkpoints_esen/esen-sphere-4-neutral-epoch/esen/run_9714661_params_456.5_thousand/dim_32_step_step=150000.ckpt
lmax4,16,43500,1,10359676,esen-sphere-16-neutral-epoch-lmax4-dense0to50k,3.2582419460270428e+16,True,<CHECKPOINT_ROOT>/geometric_scaling_checkpoints_esen/esen-sphere-16-neutral-epoch-lmax4-dense0to50k/esen/run_10359676_params_1.7_million/dim_32_step_step=43500.ckpt
lmax4,16,44000,1,10359676,esen-sphere-16-neutral-epoch-lmax4-dense0to50k,3.2954677832898256e+16,True,<CHECKPOINT_ROOT>/geometric_scaling_checkpoints_esen/esen-sphere-16-neutral-epoch-lmax4-dense0to50k/esen/run_10359676_params_1.7_million/dim_32_step_step=44000.ckpt
lmax4,16,44500,1,10359676,esen-sphere-16-neutral-epoch-lmax4-dense0to50k,3.333007838504233e+16,True,<CHECKPOINT_ROOT>/geometric_scaling_checkpoints_esen/esen-sphere-16-neutral-epoch-lmax4-dense0to50k/esen/run_10359676_params_1.7_million/dim_32_step_step=44500.ckpt
lmax4,16,45000,1,10359676,esen-sphere-16-neutral-epoch-lmax4-dense0to50k,3.370506228504697e+16,True,<CHECKPOINT_ROOT>/geometric_scaling_checkpoints_esen/esen-sphere-16-neutral-epoch-lmax4-dense0to50k/esen/run_10359676_params_1.7_million/dim_32_step_step=45000.ckpt
lmax4,16,45500,1,10359676,esen-sphere-16-neutral-epoch-lmax4-dense0to50k,3.408259450560563e+16,True,<CHECKPOINT_ROOT>/geometric_scaling_checkpoints_esen/esen-sphere-16-neutral-epoch-lmax4-dense0to50k/esen/run_10359676_params_1.7_million/dim_32_step_step=45500.ckpt
lmax4,16,46000,1,10359676,esen-sphere-16-neutral-epoch-lmax4-dense0to50k,3.4456132225051628e+16,True,<CHECKPOINT_ROOT>/geometric_scaling_checkpoints_esen/esen-sphere-16-neutral-epoch-lmax4-dense0to50k/esen/run_10359676_params_1.7_million/dim_32_step_step=46000.ckpt
lmax4,16,46500,1,10359676,esen-sphere-16-neutral-epoch-lmax4-dense0to50k,3.4830925951880596e+16,True,<CHECKPOINT_ROOT>/geometric_scaling_checkpoints_esen/esen-sphere-16-neutral-epoch-lmax4-dense0to50k/esen/run_10359676_params_1.7_million/dim_32_step_step=46500.ckpt
lmax4,16,47000,1,10359676,esen-sphere-16-neutral-epoch-lmax4-dense0to50k,3.5205736534968316e+16,True,<CHECKPOINT_ROOT>/geometric_scaling_checkpoints_esen/esen-sphere-16-neutral-epoch-lmax4-dense0to50k/esen/run_10359676_params_1.7_million/dim_32_step_step=47000.ckpt
lmax4,16,47500,1,10359676,esen-sphere-16-neutral-epoch-lmax4-dense0to50k,3.5581915500497356e+16,True,<CHECKPOINT_ROOT>/geometric_scaling_checkpoints_esen/esen-sphere-16-neutral-epoch-lmax4-dense0to50k/esen/run_10359676_params_1.7_million/dim_32_step_step=47500.ckpt
lmax4,16,48000,1,10359676,esen-sphere-16-neutral-epoch-lmax4-dense0to50k,3.5957269373771036e+16,True,<CHECKPOINT_ROOT>/geometric_scaling_checkpoints_esen/esen-sphere-16-neutral-epoch-lmax4-dense0to50k/esen/run_10359676_params_1.7_million/dim_32_step_step=48000.ckpt
lmax4,16,48500,1,10359676,esen-sphere-16-neutral-epoch-lmax4-dense0to50k,3.633260120424481e+16,True,<CHECKPOINT_ROOT>/geometric_scaling_checkpoints_esen/esen-sphere-16-neutral-epoch-lmax4-dense0to50k/esen/run_10359676_params_1.7_million/dim_32_step_step=48500.ckpt
lmax4,16,49000,1,10359676,esen-sphere-16-neutral-epoch-lmax4-dense0to50k,3.670691387938167e+16,True,<CHECKPOINT_ROOT>/geometric_scaling_checkpoints_esen/esen-sphere-16-neutral-epoch-lmax4-dense0to50k/esen/run_10359676_params_1.7_million/dim_32_step_step=49000.ckpt
lmax4,16,49500,1,10359676,esen-sphere-16-neutral-epoch-lmax4-dense0to50k,3.708068023885024e+16,True,<CHECKPOINT_ROOT>/geometric_scaling_checkpoints_esen/esen-sphere-16-neutral-epoch-lmax4-dense0to50k/esen/run_10359676_params_1.7_million/dim_32_step_step=49500.ckpt
lmax4,16,50000,1,10359676,esen-sphere-16-neutral-epoch-lmax4-dense0to50k,3.745685704332046e+16,True,<CHECKPOINT_ROOT>/geometric_scaling_checkpoints_esen/esen-sphere-16-neutral-epoch-lmax4-dense0to50k/esen/run_10359676_params_1.7_million/dim_32_step_step=50000.ckpt
lmax4,8,100000,1,9897808,esen-sphere-8-neutral-epoch,3.821081419193096e+16,True,<CHECKPOINT_ROOT>/geometric_scaling_checkpoints_esen/esen-sphere-8-neutral-epoch/esen/run_9897808_params_878.4_thousand/dim_32_step_step=100000.ckpt
lmax4,20,50000,1,9741258,esen-sphere-20-neutral-epoch,4.662811410112864e+16,True,<CHECKPOINT_ROOT>/geometric_scaling_checkpoints_esen/esen-sphere-20-neutral-epoch/esen/run_9741258_params_2.1_million/dim_32_step_step=50000.ckpt
lmax4,10,100000,1,9741255,esen-sphere-10-neutral-epoch,4.737073263593511e+16,True,<CHECKPOINT_ROOT>/geometric_scaling_checkpoints_esen/esen-sphere-10-neutral-epoch/esen/run_9741255_params_1.1_million/dim_32_step_step=100000.ckpt
lmax4,8,125000,1,9897808,esen-sphere-8-neutral-epoch,4.776486170530904e+16,True,<CHECKPOINT_ROOT>/geometric_scaling_checkpoints_esen/esen-sphere-8-neutral-epoch/esen/run_9897808_params_878.4_thousand/dim_32_step_step=125000.ckpt
lmax4,24,50000,1,9721434,esen-sphere-24-neutral-epoch,5.582170608011779e+16,True,<CHECKPOINT_ROOT>/geometric_scaling_checkpoints_esen/esen-sphere-24-neutral-epoch/esen/run_9721434_params_2.6_million/dim_32_step_step=50000.ckpt
lmax4,8,150000,1,9897808,esen-sphere-8-neutral-epoch,5.731569750182585e+16,True,<CHECKPOINT_ROOT>/geometric_scaling_checkpoints_esen/esen-sphere-8-neutral-epoch/esen/run_9897808_params_878.4_thousand/dim_32_step_step=150000.ckpt
lmax4,8,175000,1,9897808,esen-sphere-8-neutral-epoch,6.686500691166221e+16,True,<CHECKPOINT_ROOT>/geometric_scaling_checkpoints_esen/esen-sphere-8-neutral-epoch/esen/run_9897808_params_878.4_thousand/dim_32_step_step=175000.ckpt
lmax4,16,100000,1,9721383,esen-sphere-16-neutral-epoch,7.49101513650794e+16,True,<CHECKPOINT_ROOT>/geometric_scaling_checkpoints_esen/esen-sphere-16-neutral-epoch/esen/run_9721383_params_1.7_million/dim_32_step_step=100000.ckpt
lmax4,8,200000,1,9897808,esen-sphere-8-neutral-epoch,7.641793366393638e+16,True,<CHECKPOINT_ROOT>/geometric_scaling_checkpoints_esen/esen-sphere-8-neutral-epoch/esen/run_9897808_params_878.4_thousand/dim_32_step_step=200000.ckpt
lmax4,8,225000,1,9897808,esen-sphere-8-neutral-epoch,8.59688829915249e+16,True,<CHECKPOINT_ROOT>/geometric_scaling_checkpoints_esen/esen-sphere-8-neutral-epoch/esen/run_9897808_params_878.4_thousand/dim_32_step_step=225000.ckpt
lmax4,20,100000,1,9741258,esen-sphere-20-neutral-epoch,9.326483661891688e+16,True,<CHECKPOINT_ROOT>/geometric_scaling_checkpoints_esen/esen-sphere-20-neutral-epoch/esen/run_9741258_params_2.1_million/dim_32_step_step=100000.ckpt
lmax4,8,275000,1,9897808,esen-sphere-8-neutral-epoch,1.0506711183747755e+17,True,<CHECKPOINT_ROOT>/geometric_scaling_checkpoints_esen/esen-sphere-8-neutral-epoch/esen/run_9897808_params_878.4_thousand/dim_32_step_step=275000.ckpt
lmax4,24,100000,1,9721434,esen-sphere-24-neutral-epoch,1.1162431122242088e+17,True,<CHECKPOINT_ROOT>/geometric_scaling_checkpoints_esen/esen-sphere-24-neutral-epoch/esen/run_9721434_params_2.6_million/dim_32_step_step=100000.ckpt
lmax4,16,150000,1,9721383,esen-sphere-16-neutral-epoch,1.1268708929342485e+17,True,<CHECKPOINT_ROOT>/geometric_scaling_checkpoints_esen/esen-sphere-16-neutral-epoch/esen/run_9721383_params_1.7_million/dim_32_step_step=150000.ckpt
lmax4,8,325000,1,9897808,esen-sphere-8-neutral-epoch,1.2416129743413701e+17,True,<CHECKPOINT_ROOT>/geometric_scaling_checkpoints_esen/esen-sphere-8-neutral-epoch/esen/run_9897808_params_878.4_thousand/dim_32_step_step=325000.ckpt
lmax4,8,350000,1,9897808,esen-sphere-8-neutral-epoch,1.3371016065583917e+17,True,<CHECKPOINT_ROOT>/geometric_scaling_checkpoints_esen/esen-sphere-8-neutral-epoch/esen/run_9897808_params_878.4_thousand/dim_32_step_step=350000.ckpt
lmax4,40,75000,1,9928671,esen-sphere-40-neutral-epoch,1.3880051447755456e+17,True,<CHECKPOINT_ROOT>/geometric_scaling_checkpoints_esen/esen-sphere-40-neutral-epoch/esen/run_9928671_params_4.3_million/dim_32_step_step=75000.ckpt
lmax4,20,150000,1,9741258,esen-sphere-20-neutral-epoch,1.3989470006137322e+17,True,<CHECKPOINT_ROOT>/geometric_scaling_checkpoints_esen/esen-sphere-20-neutral-epoch/esen/run_9741258_params_2.1_million/dim_32_step_step=150000.ckpt
lmax4,16,200000,1,9721383,esen-sphere-16-neutral-epoch,1.498236631766153e+17,True,<CHECKPOINT_ROOT>/geometric_scaling_checkpoints_esen/esen-sphere-16-neutral-epoch/esen/run_9721383_params_1.7_million/dim_32_step_step=200000.ckpt
lmax4,24,150000,1,9721434,esen-sphere-24-neutral-epoch,1.6738703951052822e+17,True,<CHECKPOINT_ROOT>/geometric_scaling_checkpoints_esen/esen-sphere-24-neutral-epoch/esen/run_9721434_params_2.6_million/dim_32_step_step=150000.ckpt
lmax4,40,100000,1,9928671,esen-sphere-40-neutral-epoch,1.850320987719538e+17,True,<CHECKPOINT_ROOT>/geometric_scaling_checkpoints_esen/esen-sphere-40-neutral-epoch/esen/run_9928671_params_4.3_million/dim_32_step_step=100000.ckpt
lmax4,20,200000,1,9741258,esen-sphere-20-neutral-epoch,1.8649009486112646e+17,True,<CHECKPOINT_ROOT>/geometric_scaling_checkpoints_esen/esen-sphere-20-neutral-epoch/esen/run_9741258_params_2.1_million/dim_32_step_step=200000.ckpt
lmax4,32,150000,1,9736067,esen-sphere-32-neutral-epoch,2.22413105528992e+17,True,<CHECKPOINT_ROOT>/geometric_scaling_checkpoints_esen/esen-sphere-32-neutral-epoch/esen/run_9736067_params_3.4_million/dim_32_step_step=150000.ckpt
lmax4,24,200000,1,9721434,esen-sphere-24-neutral-epoch,2.231428238179048e+17,True,<CHECKPOINT_ROOT>/geometric_scaling_checkpoints_esen/esen-sphere-24-neutral-epoch/esen/run_9721434_params_2.6_million/dim_32_step_step=200000.ckpt
lmax4,40,125000,1,9928671,esen-sphere-40-neutral-epoch,2.3129663148480614e+17,True,<CHECKPOINT_ROOT>/geometric_scaling_checkpoints_esen/esen-sphere-40-neutral-epoch/esen/run_9928671_params_4.3_million/dim_32_step_step=125000.ckpt
lmax4,20,250000,1,9741258,esen-sphere-20-neutral-epoch,2.331154469293314e+17,True,<CHECKPOINT_ROOT>/geometric_scaling_checkpoints_esen/esen-sphere-20-neutral-epoch/esen/run_9741258_params_2.1_million/dim_32_step_step=250000.ckpt
lmax4,16,350000,1,9721383,esen-sphere-16-neutral-epoch,2.6211738964840467e+17,True,<CHECKPOINT_ROOT>/geometric_scaling_checkpoints_esen/esen-sphere-16-neutral-epoch/esen/run_9721383_params_1.7_million/dim_32_step_step=350000.ckpt
lmax4,40,150000,1,9928671,esen-sphere-40-neutral-epoch,2.775456117755479e+17,True,<CHECKPOINT_ROOT>/geometric_scaling_checkpoints_esen/esen-sphere-40-neutral-epoch/esen/run_9928671_params_4.3_million/dim_32_step_step=150000.ckpt
lmax4,16,400000,1,9721383,esen-sphere-16-neutral-epoch,2.9954875397752614e+17,True,<CHECKPOINT_ROOT>/geometric_scaling_checkpoints_esen/esen-sphere-16-neutral-epoch/esen/run_9721383_params_1.7_million/dim_32_step_step=400000.ckpt
lmax4,40,175000,1,9928671,esen-sphere-40-neutral-epoch,3.2378720068934586e+17,True,<CHECKPOINT_ROOT>/geometric_scaling_checkpoints_esen/esen-sphere-40-neutral-epoch/esen/run_9928671_params_4.3_million/dim_32_step_step=175000.ckpt
lmax4,24,300000,1,9721434,esen-sphere-24-neutral-epoch,3.346812983455683e+17,True,<CHECKPOINT_ROOT>/geometric_scaling_checkpoints_esen/esen-sphere-24-neutral-epoch/esen/run_9721434_params_2.6_million/dim_32_step_step=300000.ckpt
lmax4,40,200000,1,9928671,esen-sphere-40-neutral-epoch,3.700463062270997e+17,True,<CHECKPOINT_ROOT>/geometric_scaling_checkpoints_esen/esen-sphere-40-neutral-epoch/esen/run_9928671_params_4.3_million/dim_32_step_step=200000.ckpt
lmax4,24,350000,1,9721434,esen-sphere-24-neutral-epoch,3.9047821847795846e+17,True,<CHECKPOINT_ROOT>/geometric_scaling_checkpoints_esen/esen-sphere-24-neutral-epoch/esen/run_9721434_params_2.6_million/dim_32_step_step=350000.ckpt
lmax4,40,225000,1,9928671,esen-sphere-40-neutral-epoch,4.162958362808579e+17,True,<CHECKPOINT_ROOT>/geometric_scaling_checkpoints_esen/esen-sphere-40-neutral-epoch/esen/run_9928671_params_4.3_million/dim_32_step_step=225000.ckpt
lmax4,32,300000,1,9740823,esen-sphere-32-neutral-epoch,4.44826211057984e+17,False,<CHECKPOINT_ROOT>/geometric_scaling_checkpoints_esen/esen-sphere-32-neutral-epoch/esen/run_9740823_params_3.4_million/dim_32_step_step=300000.ckpt
lmax4,24,400000,1,9721434,esen-sphere-24-neutral-epoch,4.463195071890735e+17,False,<CHECKPOINT_ROOT>/geometric_scaling_checkpoints_esen/esen-sphere-24-neutral-epoch/esen/run_9721434_params_2.6_million/dim_32_step_step=400000.ckpt
lmax4,40,250000,1,9928671,esen-sphere-40-neutral-epoch,4.625162897423004e+17,False,<CHECKPOINT_ROOT>/geometric_scaling_checkpoints_esen/esen-sphere-40-neutral-epoch/esen/run_9928671_params_4.3_million/dim_32_step_step=250000.ckpt
lmax4,24,450000,1,9721434,esen-sphere-24-neutral-epoch,5.021201379045083e+17,False,<CHECKPOINT_ROOT>/geometric_scaling_checkpoints_esen/esen-sphere-24-neutral-epoch/esen/run_9721434_params_2.6_million/dim_32_step_step=450000.ckpt
lmax4,40,275000,1,9928671,esen-sphere-40-neutral-epoch,5.0877712569917984e+17,False,<CHECKPOINT_ROOT>/geometric_scaling_checkpoints_esen/esen-sphere-40-neutral-epoch/esen/run_9928671_params_4.3_million/dim_32_step_step=275000.ckpt
lmax4,40,300000,1,9928671,esen-sphere-40-neutral-epoch,5.550244150683331e+17,False,<CHECKPOINT_ROOT>/geometric_scaling_checkpoints_esen/esen-sphere-40-neutral-epoch/esen/run_9928671_params_4.3_million/dim_32_step_step=300000.ckpt
lmax4,40,325000,1,9928671,esen-sphere-40-neutral-epoch,6.012388360816084e+17,False,<CHECKPOINT_ROOT>/geometric_scaling_checkpoints_esen/esen-sphere-40-neutral-epoch/esen/run_9928671_params_4.3_million/dim_32_step_step=325000.ckpt
lmax4,40,350000,1,9928671,esen-sphere-40-neutral-epoch,6.474782643733766e+17,False,<CHECKPOINT_ROOT>/geometric_scaling_checkpoints_esen/esen-sphere-40-neutral-epoch/esen/run_9928671_params_4.3_million/dim_32_step_step=350000.ckpt
lmax4,40,375000,1,9928671,esen-sphere-40-neutral-epoch,6.93710682386059e+17,False,<CHECKPOINT_ROOT>/geometric_scaling_checkpoints_esen/esen-sphere-40-neutral-epoch/esen/run_9928671_params_4.3_million/dim_32_step_step=375000.ckpt
lmax4,40,400000,1,9928671,esen-sphere-40-neutral-epoch,7.39985889041439e+17,False,<CHECKPOINT_ROOT>/geometric_scaling_checkpoints_esen/esen-sphere-40-neutral-epoch/esen/run_9928671_params_4.3_million/dim_32_step_step=400000.ckpt
lmax4,40,425000,1,9928671,esen-sphere-40-neutral-epoch,7.861955105702054e+17,False,<CHECKPOINT_ROOT>/geometric_scaling_checkpoints_esen/esen-sphere-40-neutral-epoch/esen/run_9928671_params_4.3_million/dim_32_step_step=425000.ckpt
lmax4,40,450000,1,9928671,esen-sphere-40-neutral-epoch,8.32413350789193e+17,False,<CHECKPOINT_ROOT>/geometric_scaling_checkpoints_esen/esen-sphere-40-neutral-epoch/esen/run_9928671_params_4.3_million/dim_32_step_step=450000.ckpt
lmax4,40,475000,1,9928671,esen-sphere-40-neutral-epoch,8.786362242754088e+17,False,<CHECKPOINT_ROOT>/geometric_scaling_checkpoints_esen/esen-sphere-40-neutral-epoch/esen/run_9928671_params_4.3_million/dim_32_step_step=475000.ckpt
lmax4,40,500000,1,9928671,esen-sphere-40-neutral-epoch,9.248731097797883e+17,False,<CHECKPOINT_ROOT>/geometric_scaling_checkpoints_esen/esen-sphere-40-neutral-epoch/esen/run_9928671_params_4.3_million/dim_32_step_step=500000.ckpt
lmax4,40,525000,1,9928671,esen-sphere-40-neutral-epoch,9.710851983033723e+17,False,<CHECKPOINT_ROOT>/geometric_scaling_checkpoints_esen/esen-sphere-40-neutral-epoch/esen/run_9928671_params_4.3_million/dim_32_step_step=525000.ckpt
lmax4,64,350000,1,9928673,esen-sphere-64-neutral-epoch,1.0328043421615299e+18,False,<CHECKPOINT_ROOT>/geometric_scaling_checkpoints_esen/esen-sphere-64-neutral-epoch/esen/run_9928673_params_6.8_million/dim_32_step_step=350000.ckpt
lmax4,64,375000,1,9928673,esen-sphere-64-neutral-epoch,1.106550512032323e+18,False,<CHECKPOINT_ROOT>/geometric_scaling_checkpoints_esen/esen-sphere-64-neutral-epoch/esen/run_9928673_params_6.8_million/dim_32_step_step=375000.ckpt
lmax4,64,400000,1,9928673,esen-sphere-64-neutral-epoch,1.180364934844419e+18,False,<CHECKPOINT_ROOT>/geometric_scaling_checkpoints_esen/esen-sphere-64-neutral-epoch/esen/run_9928673_params_6.8_million/dim_32_step_step=400000.ckpt
lmax4,64,425000,1,9928673,esen-sphere-64-neutral-epoch,1.2540747416295767e+18,False,<CHECKPOINT_ROOT>/geometric_scaling_checkpoints_esen/esen-sphere-64-neutral-epoch/esen/run_9928673_params_6.8_million/dim_32_step_step=425000.ckpt
lmax4,64,450000,1,9928673,esen-sphere-64-neutral-epoch,1.327797658196814e+18,False,<CHECKPOINT_ROOT>/geometric_scaling_checkpoints_esen/esen-sphere-64-neutral-epoch/esen/run_9928673_params_6.8_million/dim_32_step_step=450000.ckpt
lmax4,64,475000,1,9928673,esen-sphere-64-neutral-epoch,1.401528603420046e+18,False,<CHECKPOINT_ROOT>/geometric_scaling_checkpoints_esen/esen-sphere-64-neutral-epoch/esen/run_9928673_params_6.8_million/dim_32_step_step=475000.ckpt
lmax4,64,500000,1,9928673,esen-sphere-64-neutral-epoch,1.4752818994680056e+18,False,<CHECKPOINT_ROOT>/geometric_scaling_checkpoints_esen/esen-sphere-64-neutral-epoch/esen/run_9928673_params_6.8_million/dim_32_step_step=500000.ckpt
lmax4,64,525000,1,9928673,esen-sphere-64-neutral-epoch,1.5489956414014144e+18,False,<CHECKPOINT_ROOT>/geometric_scaling_checkpoints_esen/esen-sphere-64-neutral-epoch/esen/run_9928673_params_6.8_million/dim_32_step_step=525000.ckpt
lmax2,16,2000,1,10359675,esen-sphere-16-neutral-epoch-lmax2-dense0to50k,371997321504363.0,True,<CHECKPOINT_ROOT>/geometric_scaling_checkpoints_esen/esen-sphere-16-neutral-epoch-lmax2-dense0to50k/esen/run_10359675_params_494.3_thousand/dim_32_step_step=2000.ckpt
lmax2,16,4000,1,10359675,esen-sphere-16-neutral-epoch-lmax2-dense0to50k,744330809938799.5,True,<CHECKPOINT_ROOT>/geometric_scaling_checkpoints_esen/esen-sphere-16-neutral-epoch-lmax2-dense0to50k/esen/run_10359675_params_494.3_thousand/dim_32_step_step=4000.ckpt
lmax2,16,6000,1,10359675,esen-sphere-16-neutral-epoch-lmax2-dense0to50k,1116735697609422.0,True,<CHECKPOINT_ROOT>/geometric_scaling_checkpoints_esen/esen-sphere-16-neutral-epoch-lmax2-dense0to50k/esen/run_10359675_params_494.3_thousand/dim_32_step_step=6000.ckpt
lmax2,4,25000,1,10337248,esen-sphere-4-neutral-epoch-lmax2,1338247520975093.2,True,<CHECKPOINT_ROOT>/geometric_scaling_checkpoints_esen/esen-sphere-4-neutral-epoch-lmax2/esen/run_10337248_params_148.4_thousand/dim_32_step_step=25000.ckpt
lmax2,16,12000,1,10359675,esen-sphere-16-neutral-epoch-lmax2-dense0to50k,2232332765294401.8,True,<CHECKPOINT_ROOT>/geometric_scaling_checkpoints_esen/esen-sphere-16-neutral-epoch-lmax2-dense0to50k/esen/run_10359675_params_494.3_thousand/dim_32_step_step=12000.ckpt
lmax2,16,14000,1,10359675,esen-sphere-16-neutral-epoch-lmax2-dense0to50k,2604716716346894.5,True,<CHECKPOINT_ROOT>/geometric_scaling_checkpoints_esen/esen-sphere-16-neutral-epoch-lmax2-dense0to50k/esen/run_10359675_params_494.3_thousand/dim_32_step_step=14000.ckpt
lmax2,4,50000,1,10337248,esen-sphere-4-neutral-epoch-lmax2,2676750352357380.5,True,<CHECKPOINT_ROOT>/geometric_scaling_checkpoints_esen/esen-sphere-4-neutral-epoch-lmax2/esen/run_10337248_params_148.4_thousand/dim_32_step_step=50000.ckpt
lmax2,16,20500,1,10359675,esen-sphere-16-neutral-epoch-lmax2-dense0to50k,3815069267199963.0,True,<CHECKPOINT_ROOT>/geometric_scaling_checkpoints_esen/esen-sphere-16-neutral-epoch-lmax2-dense0to50k/esen/run_10359675_params_494.3_thousand/dim_32_step_step=20500.ckpt
lmax2,4,75000,1,10337248,esen-sphere-4-neutral-epoch-lmax2,4016020319547007.5,True,<CHECKPOINT_ROOT>/geometric_scaling_checkpoints_esen/esen-sphere-4-neutral-epoch-lmax2/esen/run_10337248_params_148.4_thousand/dim_32_step_step=75000.ckpt
lmax2,16,25500,1,10359675,esen-sphere-16-neutral-epoch-lmax2-dense0to50k,4744844937499594.0,True,<CHECKPOINT_ROOT>/geometric_scaling_checkpoints_esen/esen-sphere-16-neutral-epoch-lmax2-dense0to50k/esen/run_10359675_params_494.3_thousand/dim_32_step_step=25500.ckpt
lmax2,16,26000,1,10359675,esen-sphere-16-neutral-epoch-lmax2-dense0to50k,4837976920140809.0,True,<CHECKPOINT_ROOT>/geometric_scaling_checkpoints_esen/esen-sphere-16-neutral-epoch-lmax2-dense0to50k/esen/run_10359675_params_494.3_thousand/dim_32_step_step=26000.ckpt
lmax2,16,28000,1,10359675,esen-sphere-16-neutral-epoch-lmax2-dense0to50k,5210071194292204.0,True,<CHECKPOINT_ROOT>/geometric_scaling_checkpoints_esen/esen-sphere-16-neutral-epoch-lmax2-dense0to50k/esen/run_10359675_params_494.3_thousand/dim_32_step_step=28000.ckpt
lmax2,16,30000,1,10359675,esen-sphere-16-neutral-epoch-lmax2-dense0to50k,5582266071577894.0,True,<CHECKPOINT_ROOT>/geometric_scaling_checkpoints_esen/esen-sphere-16-neutral-epoch-lmax2-dense0to50k/esen/run_10359675_params_494.3_thousand/dim_32_step_step=30000.ckpt
lmax2,16,32000,1,10359675,esen-sphere-16-neutral-epoch-lmax2-dense0to50k,5955161842418205.0,True,<CHECKPOINT_ROOT>/geometric_scaling_checkpoints_esen/esen-sphere-16-neutral-epoch-lmax2-dense0to50k/esen/run_10359675_params_494.3_thousand/dim_32_step_step=32000.ckpt
lmax2,16,34000,1,10359675,esen-sphere-16-neutral-epoch-lmax2-dense0to50k,6327946702866065.0,True,<CHECKPOINT_ROOT>/geometric_scaling_checkpoints_esen/esen-sphere-16-neutral-epoch-lmax2-dense0to50k/esen/run_10359675_params_494.3_thousand/dim_32_step_step=34000.ckpt
lmax2,16,36000,1,10359675,esen-sphere-16-neutral-epoch-lmax2-dense0to50k,6699852010617930.0,True,<CHECKPOINT_ROOT>/geometric_scaling_checkpoints_esen/esen-sphere-16-neutral-epoch-lmax2-dense0to50k/esen/run_10359675_params_494.3_thousand/dim_32_step_step=36000.ckpt
lmax2,16,38000,1,10359675,esen-sphere-16-neutral-epoch-lmax2-dense0to50k,7072282559066670.0,True,<CHECKPOINT_ROOT>/geometric_scaling_checkpoints_esen/esen-sphere-16-neutral-epoch-lmax2-dense0to50k/esen/run_10359675_params_494.3_thousand/dim_32_step_step=38000.ckpt
lmax2,16,40000,1,10359675,esen-sphere-16-neutral-epoch-lmax2-dense0to50k,7444234249480238.0,True,<CHECKPOINT_ROOT>/geometric_scaling_checkpoints_esen/esen-sphere-16-neutral-epoch-lmax2-dense0to50k/esen/run_10359675_params_494.3_thousand/dim_32_step_step=40000.ckpt
lmax2,16,42000,1,10359675,esen-sphere-16-neutral-epoch-lmax2-dense0to50k,7815375639088547.0,True,<CHECKPOINT_ROOT>/geometric_scaling_checkpoints_esen/esen-sphere-16-neutral-epoch-lmax2-dense0to50k/esen/run_10359675_params_494.3_thousand/dim_32_step_step=42000.ckpt
lmax2,16,44500,1,10359675,esen-sphere-16-neutral-epoch-lmax2-dense0to50k,8279644179810810.0,True,<CHECKPOINT_ROOT>/geometric_scaling_checkpoints_esen/esen-sphere-16-neutral-epoch-lmax2-dense0to50k/esen/run_10359675_params_494.3_thousand/dim_32_step_step=44500.ckpt
lmax2,16,46500,1,10359675,esen-sphere-16-neutral-epoch-lmax2-dense0to50k,8652475100818556.0,True,<CHECKPOINT_ROOT>/geometric_scaling_checkpoints_esen/esen-sphere-16-neutral-epoch-lmax2-dense0to50k/esen/run_10359675_params_494.3_thousand/dim_32_step_step=46500.ckpt
lmax2,16,48500,1,10359675,esen-sphere-16-neutral-epoch-lmax2-dense0to50k,9025511630153062.0,True,<CHECKPOINT_ROOT>/geometric_scaling_checkpoints_esen/esen-sphere-16-neutral-epoch-lmax2-dense0to50k/esen/run_10359675_params_494.3_thousand/dim_32_step_step=48500.ckpt
lmax2,16,50000,1,10359675,esen-sphere-16-neutral-epoch-lmax2-dense0to50k,9304792050891542.0,True,<CHECKPOINT_ROOT>/geometric_scaling_checkpoints_esen/esen-sphere-16-neutral-epoch-lmax2-dense0to50k/esen/run_10359675_params_494.3_thousand/dim_32_step_step=50000.ckpt
lmax2,48,25000,1,10337249,esen-sphere-48-neutral-epoch-lmax2,1.3333312697161478e+16,True,<CHECKPOINT_ROOT>/geometric_scaling_checkpoints_esen/esen-sphere-48-neutral-epoch-lmax2/esen/run_10337249_params_1.4_million/dim_32_step_step=25000.ckpt
lmax2,16,75000,1,10337251,esen-sphere-16-neutral-epoch-lmax2,1.396029850622049e+16,True,<CHECKPOINT_ROOT>/geometric_scaling_checkpoints_esen/esen-sphere-16-neutral-epoch-lmax2/esen/run_10337251_params_494.3_thousand/dim_32_step_step=75000.ckpt
lmax2,20,75000,1,10337246,esen-sphere-20-neutral-epoch-lmax2,1.721684478261946e+16,True,<CHECKPOINT_ROOT>/geometric_scaling_checkpoints_esen/esen-sphere-20-neutral-epoch-lmax2/esen/run_10337246_params_609.6_thousand/dim_32_step_step=75000.ckpt
lmax2,12,125000,1,10337252,esen-sphere-12-neutral-epoch-lmax2,1.7836690622685352e+16,True,<CHECKPOINT_ROOT>/geometric_scaling_checkpoints_esen/esen-sphere-12-neutral-epoch-lmax2/esen/run_10337252_params_379.0_thousand/dim_32_step_step=125000.ckpt
lmax2,16,100000,1,10337251,esen-sphere-16-neutral-epoch-lmax2,1.861018557324341e+16,True,<CHECKPOINT_ROOT>/geometric_scaling_checkpoints_esen/esen-sphere-16-neutral-epoch-lmax2/esen/run_10337251_params_494.3_thousand/dim_32_step_step=100000.ckpt
lmax2,12,150000,1,10337252,esen-sphere-12-neutral-epoch-lmax2,2.1403230903730572e+16,True,<CHECKPOINT_ROOT>/geometric_scaling_checkpoints_esen/esen-sphere-12-neutral-epoch-lmax2/esen/run_10337252_params_379.0_thousand/dim_32_step_step=150000.ckpt
lmax2,16,125000,1,10337251,esen-sphere-16-neutral-epoch-lmax2,2.3263386531130812e+16,True,<CHECKPOINT_ROOT>/geometric_scaling_checkpoints_esen/esen-sphere-16-neutral-epoch-lmax2/esen/run_10337251_params_494.3_thousand/dim_32_step_step=125000.ckpt
lmax2,48,50000,1,10337249,esen-sphere-48-neutral-epoch-lmax2,2.6669169119187452e+16,True,<CHECKPOINT_ROOT>/geometric_scaling_checkpoints_esen/esen-sphere-48-neutral-epoch-lmax2/esen/run_10337249_params_1.4_million/dim_32_step_step=50000.ckpt
lmax2,16,150000,1,10337251,esen-sphere-16-neutral-epoch-lmax2,2.7915023255225744e+16,True,<CHECKPOINT_ROOT>/geometric_scaling_checkpoints_esen/esen-sphere-16-neutral-epoch-lmax2/esen/run_10337251_params_494.3_thousand/dim_32_step_step=150000.ckpt
lmax2,20,125000,1,10337246,esen-sphere-20-neutral-epoch-lmax2,2.8690082439576276e+16,True,<CHECKPOINT_ROOT>/geometric_scaling_checkpoints_esen/esen-sphere-20-neutral-epoch-lmax2/esen/run_10337246_params_609.6_thousand/dim_32_step_step=125000.ckpt
lmax2,16,175000,1,10337251,esen-sphere-16-neutral-epoch-lmax2,3.256591656832616e+16,True,<CHECKPOINT_ROOT>/geometric_scaling_checkpoints_esen/esen-sphere-16-neutral-epoch-lmax2/esen/run_10337251_params_494.3_thousand/dim_32_step_step=175000.ckpt
lmax2,20,150000,1,10337246,esen-sphere-20-neutral-epoch-lmax2,3.4426815606720916e+16,True,<CHECKPOINT_ROOT>/geometric_scaling_checkpoints_esen/esen-sphere-20-neutral-epoch-lmax2/esen/run_10337246_params_609.6_thousand/dim_32_step_step=150000.ckpt
lmax2,16,200000,1,10337251,esen-sphere-16-neutral-epoch-lmax2,3.7218571671000376e+16,True,<CHECKPOINT_ROOT>/geometric_scaling_checkpoints_esen/esen-sphere-16-neutral-epoch-lmax2/esen/run_10337251_params_494.3_thousand/dim_32_step_step=200000.ckpt
lmax2,20,200000,1,10337246,esen-sphere-20-neutral-epoch-lmax2,4.590062105082402e+16,True,<CHECKPOINT_ROOT>/geometric_scaling_checkpoints_esen/esen-sphere-20-neutral-epoch-lmax2/esen/run_10337246_params_609.6_thousand/dim_32_step_step=200000.ckpt
lmax2,20,250000,1,10337246,esen-sphere-20-neutral-epoch-lmax2,5.7370617103972936e+16,True,<CHECKPOINT_ROOT>/geometric_scaling_checkpoints_esen/esen-sphere-20-neutral-epoch-lmax2/esen/run_10337246_params_609.6_thousand/dim_32_step_step=250000.ckpt
lmax2,48,125000,1,10337249,esen-sphere-48-neutral-epoch-lmax2,6.66769537986945e+16,True,<CHECKPOINT_ROOT>/geometric_scaling_checkpoints_esen/esen-sphere-48-neutral-epoch-lmax2/esen/run_10337249_params_1.4_million/dim_32_step_step=125000.ckpt
lmax2,32,200000,1,10337245,esen-sphere-32-neutral-epoch-lmax2,7.194676919029494e+16,True,<CHECKPOINT_ROOT>/geometric_scaling_checkpoints_esen/esen-sphere-32-neutral-epoch-lmax2/esen/run_10337245_params_955.5_thousand/dim_32_step_step=200000.ckpt
lmax2,48,150000,1,10337249,esen-sphere-48-neutral-epoch-lmax2,8.000936206718712e+16,True,<CHECKPOINT_ROOT>/geometric_scaling_checkpoints_esen/esen-sphere-48-neutral-epoch-lmax2/esen/run_10337249_params_1.4_million/dim_32_step_step=150000.ckpt
lmax2,64,125000,1,10338627,esen-sphere-64-neutral-epoch-lmax2,8.838373743247635e+16,True,<CHECKPOINT_ROOT>/geometric_scaling_checkpoints_esen/esen-sphere-64-neutral-epoch-lmax2/esen/run_10338627_params_1.9_million/dim_32_step_step=125000.ckpt
lmax2,48,175000,1,10337249,esen-sphere-48-neutral-epoch-lmax2,9.333963958913222e+16,True,<CHECKPOINT_ROOT>/geometric_scaling_checkpoints_esen/esen-sphere-48-neutral-epoch-lmax2/esen/run_10337249_params_1.4_million/dim_32_step_step=175000.ckpt
lmax2,64,150000,1,10338627,esen-sphere-64-neutral-epoch-lmax2,1.060565314731678e+17,True,<CHECKPOINT_ROOT>/geometric_scaling_checkpoints_esen/esen-sphere-64-neutral-epoch-lmax2/esen/run_10338627_params_1.9_million/dim_32_step_step=150000.ckpt
lmax2,32,300000,1,10337245,esen-sphere-32-neutral-epoch-lmax2,1.079113959899742e+17,True,<CHECKPOINT_ROOT>/geometric_scaling_checkpoints_esen/esen-sphere-32-neutral-epoch-lmax2/esen/run_10337245_params_955.5_thousand/dim_32_step_step=300000.ckpt
lmax2,32,325000,1,10337245,esen-sphere-32-neutral-epoch-lmax2,1.168966992505469e+17,True,<CHECKPOINT_ROOT>/geometric_scaling_checkpoints_esen/esen-sphere-32-neutral-epoch-lmax2/esen/run_10337245_params_955.5_thousand/dim_32_step_step=325000.ckpt
lmax2,64,175000,1,10338627,esen-sphere-64-neutral-epoch-lmax2,1.2372650109953526e+17,True,<CHECKPOINT_ROOT>/geometric_scaling_checkpoints_esen/esen-sphere-64-neutral-epoch-lmax2/esen/run_10338627_params_1.9_million/dim_32_step_step=175000.ckpt
lmax2,48,250000,1,10337249,esen-sphere-48-neutral-epoch-lmax2,1.333317181677883e+17,True,<CHECKPOINT_ROOT>/geometric_scaling_checkpoints_esen/esen-sphere-48-neutral-epoch-lmax2/esen/run_10337249_params_1.4_million/dim_32_step_step=250000.ckpt
lmax2,64,200000,1,10338627,esen-sphere-64-neutral-epoch-lmax2,1.4140316422888406e+17,True,<CHECKPOINT_ROOT>/geometric_scaling_checkpoints_esen/esen-sphere-64-neutral-epoch-lmax2/esen/run_10338627_params_1.9_million/dim_32_step_step=200000.ckpt
lmax2,32,425000,1,10337245,esen-sphere-32-neutral-epoch-lmax2,1.5285715864632045e+17,True,<CHECKPOINT_ROOT>/geometric_scaling_checkpoints_esen/esen-sphere-32-neutral-epoch-lmax2/esen/run_10337245_params_955.5_thousand/dim_32_step_step=425000.ckpt
lmax2,32,475000,1,10337245,esen-sphere-32-neutral-epoch-lmax2,1.7083007333514525e+17,True,<CHECKPOINT_ROOT>/geometric_scaling_checkpoints_esen/esen-sphere-32-neutral-epoch-lmax2/esen/run_10337245_params_955.5_thousand/dim_32_step_step=475000.ckpt
lmax2,32,525000,1,10337245,esen-sphere-32-neutral-epoch-lmax2,1.8880459404874333e+17,True,<CHECKPOINT_ROOT>/geometric_scaling_checkpoints_esen/esen-sphere-32-neutral-epoch-lmax2/esen/run_10337245_params_955.5_thousand/dim_32_step_step=525000.ckpt
lmax2,64,300000,1,10338627,esen-sphere-64-neutral-epoch-lmax2,2.120874930429049e+17,True,<CHECKPOINT_ROOT>/geometric_scaling_checkpoints_esen/esen-sphere-64-neutral-epoch-lmax2/esen/run_10338627_params_1.9_million/dim_32_step_step=300000.ckpt
lmax2,64,400000,1,10338627,esen-sphere-64-neutral-epoch-lmax2,2.8276549253171453e+17,True,<CHECKPOINT_ROOT>/geometric_scaling_checkpoints_esen/esen-sphere-64-neutral-epoch-lmax2/esen/run_10338627_params_1.9_million/dim_32_step_step=400000.ckpt
lmax2,64,525000,1,10338627,esen-sphere-64-neutral-epoch-lmax2,3.724042082098752e+17,True,<CHECKPOINT_ROOT>/geometric_scaling_checkpoints_esen/esen-sphere-64-neutral-epoch-lmax2/esen/run_10338627_params_1.9_million/dim_32_step_step=525000.ckpt
