l4_flops,l2_flops,matched_compute,domain,H_force,ci_low,ci_high,ci_note,H_force_bootstrap_M16384_ID_pool_cross_check,ci_low_bootstrap_M16384_ID_pool,ci_high_bootstrap_M16384_ID_pool,valid_match,l4_width,l4_step,l2_width,l2_step
374938517769536.3,371997321504363.0,True,Neutral_val,-0.46644099709727005,,,point_estimate_full_deterministic_Neutral_val_population_n27697,-0.32412065499164155,-0.3287606700030735,-0.3195825061913262,True,16,500,16,2000
374938517769536.3,371997321504363.0,True,Val_Comp_support_matched,-0.343421052700815,-0.3481597652390565,-0.3387624992068916,paired_bootstrap_M16384_esen_irrep_ood_2026_08_22_full_frontier_eval,,,,True,16,500,16,2000
751538457555637.8,744330809938799.5,True,Neutral_val,-0.4842478219203401,,,point_estimate_full_deterministic_Neutral_val_population_n27697,-0.31697350833694626,-0.32118888366479664,-0.3127343898418546,True,16,1000,16,4000
751538457555637.8,744330809938799.5,True,Val_Comp_support_matched,-0.2575276988505064,-0.2614310907686539,-0.25368101030127255,paired_bootstrap_M16384_esen_irrep_ood_2026_08_22_full_frontier_eval,,,,True,16,1000,16,4000
1124661685921018.5,1116735697609422.0,True,Neutral_val,-0.4019273294139878,,,point_estimate_full_deterministic_Neutral_val_population_n27697,-0.29912951841949864,-0.3032812528359631,-0.29488383816254976,True,16,1500,16,6000
1124661685921018.5,1116735697609422.0,True,Val_Comp_support_matched,-0.2555614461567095,-0.2600002568762885,-0.2510672152723703,paired_bootstrap_M16384_esen_irrep_ood_2026_08_22_full_frontier_eval,,,,True,16,1500,16,6000
1497491874711157.0,1338247520975093.2,True,Neutral_val,-0.500651811283999,,,point_estimate_full_deterministic_Neutral_val_population_n27697,-0.38007029701434103,-0.3849387254060056,-0.3752419252755684,True,16,2000,4,25000
1497491874711157.0,1338247520975093.2,True,Val_Comp_support_matched,-0.2959583964879027,-0.30100428057397577,-0.2912925382485927,paired_bootstrap_M16384_esen_irrep_ood_2026_08_22_full_frontier_eval,,,,True,16,2000,4,25000
2245119248024365.5,2232332765294401.8,True,Neutral_val,-0.3347881675632416,,,point_estimate_full_deterministic_Neutral_val_population_n27697,-0.2780997716212448,-0.2830183724220855,-0.27324421413345584,True,16,3000,16,12000
2245119248024365.5,2232332765294401.8,True,Val_Comp_support_matched,-0.2806928860507667,-0.2867746572132807,-0.27406085597706303,paired_bootstrap_M16384_esen_irrep_ood_2026_08_22_full_frontier_eval,,,,True,16,3000,16,12000
2621104582683631.5,2604716716346894.5,True,Neutral_val,-0.3239762610911412,,,point_estimate_full_deterministic_Neutral_val_population_n27697,-0.27240989656468884,-0.27739374438157155,-0.26733106418535635,True,16,3500,16,14000
2621104582683631.5,2604716716346894.5,True,Val_Comp_support_matched,-0.2763337352006281,-0.28274106714015557,-0.26921901842011453,paired_bootstrap_M16384_esen_irrep_ood_2026_08_22_full_frontier_eval,,,,True,16,3500,16,14000
2996337004451936.0,2676750352357380.5,True,Neutral_val,-0.4191771646755855,,,point_estimate_full_deterministic_Neutral_val_population_n27697,-0.3142289737226478,-0.3188938437312405,-0.3093585155883198,True,16,4000,4,50000
2996337004451936.0,2676750352357380.5,True,Val_Comp_support_matched,-0.2821740576172882,-0.28730196419565246,-0.27706243006586667,paired_bootstrap_M16384_esen_irrep_ood_2026_08_22_full_frontier_eval,,,,True,16,4000,4,50000
3370070083614760.0,3815069267199963.0,True,Neutral_val,-0.38015430819833673,,,point_estimate_full_deterministic_Neutral_val_population_n27697,-0.3101032069108345,-0.315267231158632,-0.30496403139309197,True,16,4500,16,20500
3370070083614760.0,3815069267199963.0,True,Val_Comp_support_matched,-0.3095100801549968,-0.317123194292135,-0.30117346262171857,paired_bootstrap_M16384_esen_irrep_ood_2026_08_22_full_frontier_eval,,,,True,16,4500,16,20500
3745876050392425.0,3815069267199963.0,True,Neutral_val,-0.33702915858921,,,point_estimate_full_deterministic_Neutral_val_population_n27697,-0.27086976466093793,-0.2756932672207571,-0.26603732603696734,True,16,5000,16,20500
3745876050392425.0,3815069267199963.0,True,Val_Comp_support_matched,-0.2665939662662593,-0.27363367618287343,-0.2589131194492123,paired_bootstrap_M16384_esen_irrep_ood_2026_08_22_full_frontier_eval,,,,True,16,5000,16,20500
4119393888097328.5,4016020319547007.5,True,Neutral_val,-0.41705876333691005,,,point_estimate_full_deterministic_Neutral_val_population_n27697,-0.31404987279982866,-0.3192765118750914,-0.3087119584376754,True,16,5500,4,75000
4119393888097328.5,4016020319547007.5,True,Val_Comp_support_matched,-0.2783935486959854,-0.2839630402979968,-0.27255355079934057,paired_bootstrap_M16384_esen_irrep_ood_2026_08_22_full_frontier_eval,,,,True,16,5500,4,75000
4495469555015039.0,4744844937499594.0,True,Neutral_val,-0.3879316038370191,,,point_estimate_full_deterministic_Neutral_val_population_n27697,-0.28225986817814297,-0.2869065178889636,-0.2775900796339319,True,16,6000,16,25500
4495469555015039.0,4744844937499594.0,True,Val_Comp_support_matched,-0.27265784706808427,-0.2803095010024518,-0.2643968067302058,paired_bootstrap_M16384_esen_irrep_ood_2026_08_22_full_frontier_eval,,,,True,16,6000,16,25500
4867693782913600.0,4837976920140809.0,True,Neutral_val,-0.36261514905764836,,,point_estimate_full_deterministic_Neutral_val_population_n27697,-0.25631281309633636,-0.2608098226413177,-0.25185026928016724,True,16,6500,16,26000
4867693782913600.0,4837976920140809.0,True,Val_Comp_support_matched,-0.24674259116580322,-0.2541329493049861,-0.238865747017358,paired_bootstrap_M16384_esen_irrep_ood_2026_08_22_full_frontier_eval,,,,True,16,6500,16,26000
5242354388519595.0,5210071194292204.0,True,Neutral_val,-0.37521820375246673,,,point_estimate_full_deterministic_Neutral_val_population_n27697,-0.2556870119075012,-0.2601340400719477,-0.2512713077168223,True,16,7000,16,28000
5242354388519595.0,5210071194292204.0,True,Val_Comp_support_matched,-0.24344502928303724,-0.2508563625157704,-0.23544451320287987,paired_bootstrap_M16384_esen_irrep_ood_2026_08_22_full_frontier_eval,,,,True,16,7000,16,28000
5615213535497848.0,5582266071577894.0,True,Neutral_val,-0.3906204357684655,,,point_estimate_full_deterministic_Neutral_val_population_n27697,-0.2550134239648849,-0.259428853592506,-0.250655028773377,True,16,7500,16,30000
5615213535497848.0,5582266071577894.0,True,Val_Comp_support_matched,-0.23807850844292178,-0.24559575362810326,-0.23003018819315998,paired_bootstrap_M16384_esen_irrep_ood_2026_08_22_full_frontier_eval,,,,True,16,7500,16,30000
5988232168616608.0,5955161842418205.0,True,Neutral_val,-0.4036248973802117,,,point_estimate_full_deterministic_Neutral_val_population_n27697,-0.25579304081744825,-0.2601139200543839,-0.25152362673917006,True,16,8000,16,32000
5988232168616608.0,5955161842418205.0,True,Val_Comp_support_matched,-0.236378598538459,-0.24411833524341078,-0.22827368234520062,paired_bootstrap_M16384_esen_irrep_ood_2026_08_22_full_frontier_eval,,,,True,16,8000,16,32000
6362128191614044.0,6327946702866065.0,True,Neutral_val,-0.41670409592413904,,,point_estimate_full_deterministic_Neutral_val_population_n27697,-0.2556715447039828,-0.26005224355103473,-0.25136426279562774,True,16,8500,16,34000
6362128191614044.0,6327946702866065.0,True,Val_Comp_support_matched,-0.23153148090830422,-0.23940511455905758,-0.2232522327951721,paired_bootstrap_M16384_esen_irrep_ood_2026_08_22_full_frontier_eval,,,,True,16,8500,16,34000
6733491885892682.0,6699852010617930.0,True,Neutral_val,-0.4321249917245278,,,point_estimate_full_deterministic_Neutral_val_population_n27697,-0.255865616241286,-0.2601199918615055,-0.25162515426217014,True,16,9000,16,36000
6733491885892682.0,6699852010617930.0,True,Val_Comp_support_matched,-0.2273367464395526,-0.23539802574114413,-0.21899108893425934,paired_bootstrap_M16384_esen_irrep_ood_2026_08_22_full_frontier_eval,,,,True,16,9000,16,36000
7108429107026930.0,7072282559066670.0,True,Neutral_val,-0.448344972843552,,,point_estimate_full_deterministic_Neutral_val_population_n27697,-0.2560083867431189,-0.2602155013661807,-0.25178156395884393,True,16,9500,16,38000
7108429107026930.0,7072282559066670.0,True,Val_Comp_support_matched,-0.22393566414731936,-0.23200665263396256,-0.21553111254532833,paired_bootstrap_M16384_esen_irrep_ood_2026_08_22_full_frontier_eval,,,,True,16,9500,16,38000
7483910482770661.0,7444234249480238.0,True,Neutral_val,-0.46530903342064267,,,point_estimate_full_deterministic_Neutral_val_population_n27697,-0.25667479534649074,-0.26086617657724787,-0.2524503525208075,True,16,10000,16,40000
7483910482770661.0,7444234249480238.0,True,Val_Comp_support_matched,-0.21978009749631156,-0.2279386612788047,-0.21134011446156373,paired_bootstrap_M16384_esen_irrep_ood_2026_08_22_full_frontier_eval,,,,True,16,10000,16,40000
7859286398844246.0,7815375639088547.0,True,Neutral_val,-0.4783856842178462,,,point_estimate_full_deterministic_Neutral_val_population_n27697,-0.2568189552795035,-0.260973918306707,-0.252469258006487,True,16,10500,16,42000
7859286398844246.0,7815375639088547.0,True,Val_Comp_support_matched,-0.21763022129163012,-0.2258309819949008,-0.2090502093753769,paired_bootstrap_M16384_esen_irrep_ood_2026_08_22_full_frontier_eval,,,,True,16,10500,16,42000
8233573573487101.0,8279644179810810.0,True,Neutral_val,-0.5029058169226976,,,point_estimate_full_deterministic_Neutral_val_population_n27697,-0.2624020183703686,-0.2665534569193769,-0.2579820223546143,True,16,11000,16,44500
8233573573487101.0,8279644179810810.0,True,Val_Comp_support_matched,-0.22053388972573007,-0.2289990357778434,-0.21167091810849845,paired_bootstrap_M16384_esen_irrep_ood_2026_08_22_full_frontier_eval,,,,True,16,11000,16,44500
8610187776261378.0,8652475100818556.0,True,Neutral_val,-0.5126417675502966,,,point_estimate_full_deterministic_Neutral_val_population_n27697,-0.26185721100841386,-0.26604929680076994,-0.25742302738083056,True,16,11500,16,46500
8610187776261378.0,8652475100818556.0,True,Val_Comp_support_matched,-0.21596071340126421,-0.22451467961154906,-0.2071045260761142,paired_bootstrap_M16384_esen_irrep_ood_2026_08_22_full_frontier_eval,,,,True,16,11500,16,46500
8986355504284586.0,9025511630153062.0,True,Neutral_val,-0.5229982669921718,,,point_estimate_full_deterministic_Neutral_val_population_n27697,-0.2616606069004437,-0.26591377554510265,-0.2572705909948586,True,16,12000,16,48500
8986355504284586.0,9025511630153062.0,True,Val_Comp_support_matched,-0.21286183250451485,-0.22140246854717982,-0.2039106185735028,paired_bootstrap_M16384_esen_irrep_ood_2026_08_22_full_frontier_eval,,,,True,16,12000,16,48500
9361686470334830.0,9304792050891542.0,True,Neutral_val,-0.5261167445414525,,,point_estimate_full_deterministic_Neutral_val_population_n27697,-0.25769313305730623,-0.26198478746896614,-0.25331001929930635,True,16,12500,16,50000
9361686470334830.0,9304792050891542.0,True,Val_Comp_support_matched,-0.20751557780102958,-0.21608779278086998,-0.1985944469503977,paired_bootstrap_M16384_esen_irrep_ood_2026_08_22_full_frontier_eval,,,,True,16,12500,16,50000
9551483695195872.0,9304792050891542.0,True,Neutral_val,-0.24917407194489805,,,point_estimate_full_deterministic_Neutral_val_population_n27697,-0.17490884375024018,-0.178968291756603,-0.17097833841219137,True,8,25000,16,50000
9551483695195872.0,9304792050891542.0,True,Val_Comp_support_matched,-0.1710590137573802,-0.17808752412741366,-0.16401110611234843,paired_bootstrap_M16384_esen_irrep_ood_2026_08_22_full_frontier_eval,,,,True,8,25000,16,50000
1.3482950538730202e+16,1.3333312697161478e+16,True,Neutral_val,-0.39358758161787666,,,point_estimate_full_deterministic_Neutral_val_population_n27697,-0.14829319932962814,-0.1521527079169349,-0.14421261407539718,True,16,18000,48,25000
1.3482950538730202e+16,1.3333312697161478e+16,True,Val_Comp_support_matched,-0.04505511444387311,-0.049901469318391914,-0.04051896019564669,paired_bootstrap_M16384_esen_irrep_ood_2026_08_22_full_frontier_eval,,,,True,16,18000,48,25000
1.3856899723774472e+16,1.396029850622049e+16,True,Neutral_val,-0.5581728721990311,,,point_estimate_full_deterministic_Neutral_val_population_n27697,-0.2493731891572426,-0.2539682174474219,-0.24459228698473048,True,16,18500,16,75000
1.3856899723774472e+16,1.396029850622049e+16,True,Val_Comp_support_matched,-0.19331844567098955,-0.2028370635467748,-0.18347353666794905,paired_bootstrap_M16384_esen_irrep_ood_2026_08_22_full_frontier_eval,,,,True,16,18500,16,75000
1.4231963582955248e+16,1.396029850622049e+16,True,Neutral_val,-0.5315717869352161,,,point_estimate_full_deterministic_Neutral_val_population_n27697,-0.23734725750681918,-0.24190612996880131,-0.23259206498471524,True,16,19000,16,75000
1.4231963582955248e+16,1.396029850622049e+16,True,Val_Comp_support_matched,-0.1824584228067958,-0.19174239374507934,-0.17282992539865621,paired_bootstrap_M16384_esen_irrep_ood_2026_08_22_full_frontier_eval,,,,True,16,19000,16,75000
1.4605464564401398e+16,1.396029850622049e+16,True,Neutral_val,-0.5023948204951783,,,point_estimate_full_deterministic_Neutral_val_population_n27697,-0.22515283890817672,-0.22965808691386988,-0.22052330951632462,True,16,19500,16,75000
1.4605464564401398e+16,1.396029850622049e+16,True,Val_Comp_support_matched,-0.1713394496672329,-0.18039858969681605,-0.1619721749430182,paired_bootstrap_M16384_esen_irrep_ood_2026_08_22_full_frontier_eval,,,,True,16,19500,16,75000
1.4981944349317416e+16,1.396029850622049e+16,True,Neutral_val,-0.4714285518273629,,,point_estimate_full_deterministic_Neutral_val_population_n27697,-0.21299712773024915,-0.21743091839084752,-0.20842236915183698,True,16,20000,16,75000
1.4981944349317416e+16,1.396029850622049e+16,True,Val_Comp_support_matched,-0.160541585763061,-0.16940720547067828,-0.1514143474166576,paired_bootstrap_M16384_esen_irrep_ood_2026_08_22_full_frontier_eval,,,,True,16,20000,16,75000
1.5357732163201038e+16,1.396029850622049e+16,True,Neutral_val,-0.44225835932564284,,,point_estimate_full_deterministic_Neutral_val_population_n27697,-0.20136062289865597,-0.20575828030448906,-0.19677217270696074,True,16,20500,16,75000
1.5357732163201038e+16,1.396029850622049e+16,True,Val_Comp_support_matched,-0.1511544862516514,-0.1598104956305989,-0.14215754077371792,paired_bootstrap_M16384_esen_irrep_ood_2026_08_22_full_frontier_eval,,,,True,16,20500,16,75000
1.5733252870215194e+16,1.721684478261946e+16,True,Neutral_val,-0.5152461939527093,,,point_estimate_full_deterministic_Neutral_val_population_n27697,-0.27068951984498923,-0.2755920217393425,-0.26576153495887156,True,16,21000,20,75000
1.5733252870215194e+16,1.721684478261946e+16,True,Val_Comp_support_matched,-0.23571459401396666,-0.24383204425317148,-0.22720087189459914,paired_bootstrap_M16384_esen_irrep_ood_2026_08_22_full_frontier_eval,,,,True,16,21000,20,75000
1.6107530536199264e+16,1.721684478261946e+16,True,Neutral_val,-0.4892458739296437,,,point_estimate_full_deterministic_Neutral_val_population_n27697,-0.25991820449035696,-0.2647177374583191,-0.2550488425132993,True,16,21500,20,75000
1.6107530536199264e+16,1.721684478261946e+16,True,Val_Comp_support_matched,-0.22605086727718238,-0.23400016595610995,-0.21767879287055128,paired_bootstrap_M16384_esen_irrep_ood_2026_08_22_full_frontier_eval,,,,True,16,21500,20,75000
1.6480914820469434e+16,1.721684478261946e+16,True,Neutral_val,-0.466304420555514,,,point_estimate_full_deterministic_Neutral_val_population_n27697,-0.24931173516042504,-0.25403385966923586,-0.2445008804175448,True,16,22000,20,75000
1.6480914820469434e+16,1.721684478261946e+16,True,Val_Comp_support_matched,-0.21561980295026517,-0.2235271661692317,-0.20738397899031227,paired_bootstrap_M16384_esen_irrep_ood_2026_08_22_full_frontier_eval,,,,True,16,22000,20,75000
1.6856397492848454e+16,1.721684478261946e+16,True,Neutral_val,-0.44277441663558914,,,point_estimate_full_deterministic_Neutral_val_population_n27697,-0.23882743224543734,-0.2435597078153205,-0.2340286780034494,True,16,22500,20,75000
1.6856397492848454e+16,1.721684478261946e+16,True,Val_Comp_support_matched,-0.2061843526802778,-0.21397930637950688,-0.19812660721278286,paired_bootstrap_M16384_esen_irrep_ood_2026_08_22_full_frontier_eval,,,,True,16,22500,20,75000
1.7230053638317482e+16,1.721684478261946e+16,True,Neutral_val,-0.42052448179559754,,,point_estimate_full_deterministic_Neutral_val_population_n27697,-0.2286954322591872,-0.23344825136999142,-0.22396941186483546,True,16,23000,20,75000
1.7230053638317482e+16,1.721684478261946e+16,True,Val_Comp_support_matched,-0.19711522187548525,-0.20480176991592997,-0.18917180812421258,paired_bootstrap_M16384_esen_irrep_ood_2026_08_22_full_frontier_eval,,,,True,16,23000,20,75000
1.7603468609622818e+16,1.7836690622685352e+16,True,Neutral_val,-0.4156393112612946,,,point_estimate_full_deterministic_Neutral_val_population_n27697,-0.23684350613090865,-0.24181583996956668,-0.231828734070874,True,16,23500,12,125000
1.7603468609622818e+16,1.7836690622685352e+16,True,Val_Comp_support_matched,-0.2081780244208189,-0.21851929814909016,-0.19743322923188558,paired_bootstrap_M16384_esen_irrep_ood_2026_08_22_full_frontier_eval,,,,True,16,23500,12,125000
1.7976237856554388e+16,1.7836690622685352e+16,True,Neutral_val,-0.3921536175000515,,,point_estimate_full_deterministic_Neutral_val_population_n27697,-0.2268312996232562,-0.23185667603791354,-0.22179320177610132,True,16,24000,12,125000
1.7976237856554388e+16,1.7836690622685352e+16,True,Val_Comp_support_matched,-0.19945593782048432,-0.2096280291638953,-0.1888420177222454,paired_bootstrap_M16384_esen_irrep_ood_2026_08_22_full_frontier_eval,,,,True,16,24000,12,125000
1.8352342913871976e+16,1.861018557324341e+16,True,Neutral_val,-0.47576157774635597,,,point_estimate_full_deterministic_Neutral_val_population_n27697,-0.22587529537364626,-0.23049356420120606,-0.22117948184115027,True,16,24500,16,100000
1.8352342913871976e+16,1.861018557324341e+16,True,Val_Comp_support_matched,-0.1716611469209708,-0.18264199470758272,-0.16059154525334804,paired_bootstrap_M16384_esen_irrep_ood_2026_08_22_full_frontier_eval,,,,True,16,24500,16,100000
1.872664219044419e+16,1.861018557324341e+16,True,Neutral_val,-0.45392804172096834,,,point_estimate_full_deterministic_Neutral_val_population_n27697,-0.21641708956849293,-0.22099094823654428,-0.21176059955935184,True,16,25000,16,100000
1.872664219044419e+16,1.861018557324341e+16,True,Val_Comp_support_matched,-0.16309643026584508,-0.17400956873816398,-0.1520294280828171,paired_bootstrap_M16384_esen_irrep_ood_2026_08_22_full_frontier_eval,,,,True,16,25000,16,100000
1.9100585756735544e+16,1.861018557324341e+16,True,Neutral_val,-0.43364851276831917,,,point_estimate_full_deterministic_Neutral_val_population_n27697,-0.20703011809416383,-0.21159062795806222,-0.2024276675817962,True,16,25500,16,100000
1.9100585756735544e+16,1.861018557324341e+16,True,Val_Comp_support_matched,-0.1540352877518485,-0.16485326789329627,-0.14300117294845166,paired_bootstrap_M16384_esen_irrep_ood_2026_08_22_full_frontier_eval,,,,True,16,25500,16,100000
1.9104789619204656e+16,1.861018557324341e+16,True,Neutral_val,-0.3046821566523432,,,point_estimate_full_deterministic_Neutral_val_population_n27697,-0.14831271080134467,-0.15290378358136741,-0.14415384983937282,True,8,50000,16,100000
1.9104789619204656e+16,1.861018557324341e+16,True,Val_Comp_support_matched,-0.10715763197585293,-0.11720402156518973,-0.096861097301792,paired_bootstrap_M16384_esen_irrep_ood_2026_08_22_full_frontier_eval,,,,True,8,50000,16,100000
2.029522048725557e+16,2.1403230903730572e+16,True,Neutral_val,-0.26036856117362106,,,point_estimate_full_deterministic_Neutral_val_population_n27697,-0.20947389596331067,-0.21473557343235722,-0.20447086251321367,True,4,100000,12,150000
2.029522048725557e+16,2.1403230903730572e+16,True,Val_Comp_support_matched,-0.16267808132467554,-0.17200307075002008,-0.15322424274480653,paired_bootstrap_M16384_esen_irrep_ood_2026_08_22_full_frontier_eval,,,,True,4,100000,12,150000
2.397277065207738e+16,2.3263386531130812e+16,True,Neutral_val,-0.39058059385383714,,,point_estimate_full_deterministic_Neutral_val_population_n27697,-0.18566845499364026,-0.1902433512587081,-0.18091424852280308,True,16,32000,16,125000
2.397277065207738e+16,2.3263386531130812e+16,True,Val_Comp_support_matched,-0.13963637635926718,-0.15220386115384155,-0.12682168010645092,paired_bootstrap_M16384_esen_irrep_ood_2026_08_22_full_frontier_eval,,,,True,16,32000,16,125000
2.3989785957410084e+16,2.3263386531130812e+16,True,Neutral_val,-0.3169002699579675,,,point_estimate_full_deterministic_Neutral_val_population_n27697,-0.20255246248053282,-0.20667600301881406,-0.19832042575227052,True,10,50000,16,125000
2.3989785957410084e+16,2.3263386531130812e+16,True,Val_Comp_support_matched,-0.16307375599906138,-0.1741071262813293,-0.1521808812396674,paired_bootstrap_M16384_esen_irrep_ood_2026_08_22_full_frontier_eval,,,,True,10,50000,16,125000
2.6221289245616908e+16,2.6669169119187452e+16,True,Neutral_val,-0.3901950969986334,,,point_estimate_full_deterministic_Neutral_val_population_n27697,-0.17422053256819625,-0.17872856187649605,-0.16949370459397767,True,16,35000,48,50000
2.6221289245616908e+16,2.6669169119187452e+16,True,Val_Comp_support_matched,-0.08934123525585136,-0.095163571231304,-0.08356493803790659,paired_bootstrap_M16384_esen_irrep_ood_2026_08_22_full_frontier_eval,,,,True,16,35000,48,50000
2.6595572098142132e+16,2.6669169119187452e+16,True,Neutral_val,-0.3762417353079348,,,point_estimate_full_deterministic_Neutral_val_population_n27697,-0.1676960522260056,-0.17221702027293165,-0.16299079167577393,True,16,35500,48,50000
2.6595572098142132e+16,2.6669169119187452e+16,True,Val_Comp_support_matched,-0.08281816253866836,-0.0885858230739242,-0.07704001369957936,paired_bootstrap_M16384_esen_irrep_ood_2026_08_22_full_frontier_eval,,,,True,16,35500,48,50000
2.697055426929972e+16,2.6669169119187452e+16,True,Neutral_val,-0.36223264515704745,,,point_estimate_full_deterministic_Neutral_val_population_n27697,-0.16124295485731244,-0.16577818502533997,-0.1565345886839521,True,16,36000,48,50000
2.697055426929972e+16,2.6669169119187452e+16,True,Val_Comp_support_matched,-0.07625417634780751,-0.08205362214797089,-0.07049089399135482,paired_bootstrap_M16384_esen_irrep_ood_2026_08_22_full_frontier_eval,,,,True,16,36000,48,50000
2.734263024856361e+16,2.7915023255225744e+16,True,Neutral_val,-0.37736114314863567,,,point_estimate_full_deterministic_Neutral_val_population_n27697,-0.19471379345559825,-0.19962002565055667,-0.18983481607159336,True,16,36500,16,150000
2.734263024856361e+16,2.7915023255225744e+16,True,Val_Comp_support_matched,-0.14369714507051734,-0.1581787873730409,-0.12884782289050528,paired_bootstrap_M16384_esen_irrep_ood_2026_08_22_full_frontier_eval,,,,True,16,36500,16,150000
2.771943203124298e+16,2.7915023255225744e+16,True,Neutral_val,-0.364170419541165,,,point_estimate_full_deterministic_Neutral_val_population_n27697,-0.18840721506801517,-0.19328133364646788,-0.1835266054376803,True,16,37000,16,150000
2.771943203124298e+16,2.7915023255225744e+16,True,Val_Comp_support_matched,-0.1376540334836509,-0.1521868016463929,-0.12277717189742811,paired_bootstrap_M16384_esen_irrep_ood_2026_08_22_full_frontier_eval,,,,True,16,37000,16,150000
2.8096180219663756e+16,2.7915023255225744e+16,True,Neutral_val,-0.3519555677417765,,,point_estimate_full_deterministic_Neutral_val_population_n27697,-0.18231135054340486,-0.1871790372966231,-0.1774223328425882,True,16,37500,16,150000
2.8096180219663756e+16,2.7915023255225744e+16,True,Val_Comp_support_matched,-0.13218303939786535,-0.1466910814587804,-0.11725329542288392,paired_bootstrap_M16384_esen_irrep_ood_2026_08_22_full_frontier_eval,,,,True,16,37500,16,150000
2.8469790118474156e+16,2.8690082439576276e+16,True,Neutral_val,-0.3797585844880951,,,point_estimate_full_deterministic_Neutral_val_population_n27697,-0.20640556788933706,-0.21210788640160827,-0.20118234415521674,True,16,38000,20,125000
2.8469790118474156e+16,2.8690082439576276e+16,True,Val_Comp_support_matched,-0.1819392168348024,-0.1922823349992584,-0.17074399643223898,paired_bootstrap_M16384_esen_irrep_ood_2026_08_22_full_frontier_eval,,,,True,16,38000,20,125000
2.86635708271508e+16,2.8690082439576276e+16,True,Neutral_val,-0.2915051267592137,,,point_estimate_full_deterministic_Neutral_val_population_n27697,-0.16155190246337536,-0.16585370587523177,-0.15722380877824355,True,8,75000,20,125000
2.86635708271508e+16,2.8690082439576276e+16,True,Val_Comp_support_matched,-0.12240145603631358,-0.13676147313803327,-0.10704593736881882,paired_bootstrap_M16384_esen_irrep_ood_2026_08_22_full_frontier_eval,,,,True,8,75000,20,125000
3.044672799278153e+16,2.8690082439576276e+16,True,Neutral_val,-0.26961026596195303,,,point_estimate_full_deterministic_Neutral_val_population_n27697,-0.17684572115701158,-0.1829964656938441,-0.1709587533654831,True,4,150000,20,125000
3.044672799278153e+16,2.8690082439576276e+16,True,Val_Comp_support_matched,-0.12433037313996476,-0.13057346689563443,-0.11789042347570132,paired_bootstrap_M16384_esen_irrep_ood_2026_08_22_full_frontier_eval,,,,True,4,150000,20,125000
3.2582419460270428e+16,3.256591656832616e+16,True,Neutral_val,-0.3251299499762057,,,point_estimate_full_deterministic_Neutral_val_population_n27697,-0.17152351498254514,-0.1766557929432845,-0.16668958196743763,True,16,43500,16,175000
3.2582419460270428e+16,3.256591656832616e+16,True,Val_Comp_support_matched,-0.1207254182896973,-0.13636020708349736,-0.1044688063154415,paired_bootstrap_M16384_esen_irrep_ood_2026_08_22_full_frontier_eval,,,,True,16,43500,16,175000
3.2954677832898256e+16,3.256591656832616e+16,True,Neutral_val,-0.31670519910873374,,,point_estimate_full_deterministic_Neutral_val_population_n27697,-0.16631777071898757,-0.1714306391439697,-0.16151254287194466,True,16,44000,16,175000
3.2954677832898256e+16,3.256591656832616e+16,True,Val_Comp_support_matched,-0.11606055903637458,-0.13157422004385586,-0.0998807097213992,paired_bootstrap_M16384_esen_irrep_ood_2026_08_22_full_frontier_eval,,,,True,16,44000,16,175000
3.333007838504233e+16,3.256591656832616e+16,True,Neutral_val,-0.3084353871560328,,,point_estimate_full_deterministic_Neutral_val_population_n27697,-0.16117700254024836,-0.16626940232250922,-0.15637706647366367,True,16,44500,16,175000
3.333007838504233e+16,3.256591656832616e+16,True,Val_Comp_support_matched,-0.11125453534058982,-0.1267394405773783,-0.09512061314593512,paired_bootstrap_M16384_esen_irrep_ood_2026_08_22_full_frontier_eval,,,,True,16,44500,16,175000
3.370506228504697e+16,3.4426815606720916e+16,True,Neutral_val,-0.36034674621041596,,,point_estimate_full_deterministic_Neutral_val_population_n27697,-0.1984336720929445,-0.2041225157691528,-0.19311908770485006,True,16,45000,20,150000
3.370506228504697e+16,3.4426815606720916e+16,True,Val_Comp_support_matched,-0.19096943775821584,-0.20139610741529662,-0.17976568241263977,paired_bootstrap_M16384_esen_irrep_ood_2026_08_22_full_frontier_eval,,,,True,16,45000,20,150000
3.408259450560563e+16,3.4426815606720916e+16,True,Neutral_val,-0.351766241337808,,,point_estimate_full_deterministic_Neutral_val_population_n27697,-0.19336717717917207,-0.1990337978651417,-0.18807371892773048,True,16,45500,20,150000
3.408259450560563e+16,3.4426815606720916e+16,True,Val_Comp_support_matched,-0.18610523387162026,-0.19642489196070514,-0.17491993582828194,paired_bootstrap_M16384_esen_irrep_ood_2026_08_22_full_frontier_eval,,,,True,16,45500,20,150000
3.4456132225051628e+16,3.4426815606720916e+16,True,Neutral_val,-0.3434475912754351,,,point_estimate_full_deterministic_Neutral_val_population_n27697,-0.1883109354174608,-0.193994252778854,-0.18305264441885016,True,16,46000,20,150000
3.4456132225051628e+16,3.4426815606720916e+16,True,Val_Comp_support_matched,-0.18157793965241664,-0.1917854149799343,-0.17043947605791612,paired_bootstrap_M16384_esen_irrep_ood_2026_08_22_full_frontier_eval,,,,True,16,46000,20,150000
3.4830925951880596e+16,3.4426815606720916e+16,True,Neutral_val,-0.33547417891610287,,,point_estimate_full_deterministic_Neutral_val_population_n27697,-0.1834699878863053,-0.1891741421964564,-0.1782386504606866,True,16,46500,20,150000
3.4830925951880596e+16,3.4426815606720916e+16,True,Val_Comp_support_matched,-0.17718053122844202,-0.1872802154811986,-0.16607432682469153,paired_bootstrap_M16384_esen_irrep_ood_2026_08_22_full_frontier_eval,,,,True,16,46500,20,150000
3.5205736534968316e+16,3.4426815606720916e+16,True,Neutral_val,-0.3277390022433355,,,point_estimate_full_deterministic_Neutral_val_population_n27697,-0.17870048917788317,-0.18443002423183985,-0.17345426570649056,True,16,47000,20,150000
3.5205736534968316e+16,3.4426815606720916e+16,True,Val_Comp_support_matched,-0.17318507966289642,-0.18322216035023747,-0.1621187998579822,paired_bootstrap_M16384_esen_irrep_ood_2026_08_22_full_frontier_eval,,,,True,16,47000,20,150000
3.5581915500497356e+16,3.4426815606720916e+16,True,Neutral_val,-0.3200431185923236,,,point_estimate_full_deterministic_Neutral_val_population_n27697,-0.17395536563728964,-0.1796411477588559,-0.16868418846525493,True,16,47500,20,150000
3.5581915500497356e+16,3.4426815606720916e+16,True,Val_Comp_support_matched,-0.16887580405928393,-0.1788990944093721,-0.15790846241122244,paired_bootstrap_M16384_esen_irrep_ood_2026_08_22_full_frontier_eval,,,,True,16,47500,20,150000
3.5957269373771036e+16,3.7218571671000376e+16,True,Neutral_val,-0.33307749475010073,,,point_estimate_full_deterministic_Neutral_val_population_n27697,-0.17789932467473735,-0.18317547725493846,-0.173033627305659,True,16,48000,16,200000
3.5957269373771036e+16,3.7218571671000376e+16,True,Val_Comp_support_matched,-0.12342464169453793,-0.13998953121883487,-0.10615502493114537,paired_bootstrap_M16384_esen_irrep_ood_2026_08_22_full_frontier_eval,,,,True,16,48000,16,200000
3.633260120424481e+16,3.7218571671000376e+16,True,Neutral_val,-0.32654251060933603,,,point_estimate_full_deterministic_Neutral_val_population_n27697,-0.17330535374095613,-0.17849690517649774,-0.1684479492151869,True,16,48500,16,200000
3.633260120424481e+16,3.7218571671000376e+16,True,Val_Comp_support_matched,-0.11917840868091467,-0.13566486235032255,-0.10198321860989125,paired_bootstrap_M16384_esen_irrep_ood_2026_08_22_full_frontier_eval,,,,True,16,48500,16,200000
3.670691387938167e+16,3.7218571671000376e+16,True,Neutral_val,-0.319368603272971,,,point_estimate_full_deterministic_Neutral_val_population_n27697,-0.1687432428768041,-0.17389207732257533,-0.16388434959725043,True,16,49000,16,200000
3.670691387938167e+16,3.7218571671000376e+16,True,Val_Comp_support_matched,-0.11480439108379281,-0.13127233928844045,-0.09765364219450995,paired_bootstrap_M16384_esen_irrep_ood_2026_08_22_full_frontier_eval,,,,True,16,49000,16,200000
3.708068023885024e+16,3.7218571671000376e+16,True,Neutral_val,-0.3124608907585902,,,point_estimate_full_deterministic_Neutral_val_population_n27697,-0.16422502131665784,-0.16939383179950845,-0.15939192228850838,True,16,49500,16,200000
3.708068023885024e+16,3.7218571671000376e+16,True,Val_Comp_support_matched,-0.11069161460101773,-0.1271049659291287,-0.0935837979800433,paired_bootstrap_M16384_esen_irrep_ood_2026_08_22_full_frontier_eval,,,,True,16,49500,16,200000
3.745685704332046e+16,3.7218571671000376e+16,True,Neutral_val,-0.3057871933796976,,,point_estimate_full_deterministic_Neutral_val_population_n27697,-0.1598314731865349,-0.16503967892806348,-0.15501620263298568,True,16,50000,16,200000
3.745685704332046e+16,3.7218571671000376e+16,True,Val_Comp_support_matched,-0.1068939358220602,-0.1232150485526077,-0.08986265452702984,paired_bootstrap_M16384_esen_irrep_ood_2026_08_22_full_frontier_eval,,,,True,16,50000,16,200000
3.821081419193096e+16,3.7218571671000376e+16,True,Neutral_val,-0.19278692816655862,,,point_estimate_full_deterministic_Neutral_val_population_n27697,-0.117915515602534,-0.12205284154337515,-0.11385755827006669,True,8,100000,16,200000
3.821081419193096e+16,3.7218571671000376e+16,True,Val_Comp_support_matched,-0.0346924983695267,-0.05851447181863911,-0.010520358380435135,paired_bootstrap_M16384_esen_irrep_ood_2026_08_22_full_frontier_eval,,,,True,8,100000,16,200000
4.662811410112864e+16,4.590062105082402e+16,True,Neutral_val,-0.2915852880168428,,,point_estimate_full_deterministic_Neutral_val_population_n27697,-0.181949355539059,-0.1872611809746407,-0.17668747124502382,True,20,50000,20,200000
4.662811410112864e+16,4.590062105082402e+16,True,Val_Comp_support_matched,-0.24782871175389598,-0.25704978132078626,-0.23932530525253579,paired_bootstrap_M16384_esen_irrep_ood_2026_08_22_full_frontier_eval,,,,True,20,50000,20,200000
4.737073263593511e+16,4.590062105082402e+16,True,Neutral_val,-0.23894269556695757,,,point_estimate_full_deterministic_Neutral_val_population_n27697,-0.1963545314907309,-0.20143920197749673,-0.19116424874166302,True,10,100000,20,200000
4.737073263593511e+16,4.590062105082402e+16,True,Val_Comp_support_matched,-0.22098671247835977,-0.2281912684470025,-0.2138643314302524,paired_bootstrap_M16384_esen_irrep_ood_2026_08_22_full_frontier_eval,,,,True,10,100000,20,200000
4.776486170530904e+16,4.590062105082402e+16,True,Neutral_val,-0.17546442558265696,,,point_estimate_full_deterministic_Neutral_val_population_n27697,-0.12055599012647278,-0.12450284833614178,-0.11625985896919555,True,8,125000,20,200000
4.776486170530904e+16,4.590062105082402e+16,True,Val_Comp_support_matched,-0.11080464054184436,-0.12471497732204118,-0.0956164162390834,paired_bootstrap_M16384_esen_irrep_ood_2026_08_22_full_frontier_eval,,,,True,8,125000,20,200000
5.582170608011779e+16,5.7370617103972936e+16,True,Neutral_val,-0.29264323192512354,,,point_estimate_full_deterministic_Neutral_val_population_n27697,-0.18894303019518244,-0.19417463824210654,-0.18361501443478231,True,24,50000,20,250000
5.582170608011779e+16,5.7370617103972936e+16,True,Val_Comp_support_matched,-0.1747913444849587,-0.1856624144671969,-0.16321459094171428,paired_bootstrap_M16384_esen_irrep_ood_2026_08_22_full_frontier_eval,,,,True,24,50000,20,250000
5.731569750182585e+16,5.7370617103972936e+16,True,Neutral_val,-0.19249737235991926,,,point_estimate_full_deterministic_Neutral_val_population_n27697,-0.13142847578298156,-0.13567321474950428,-0.12700906386185495,True,8,150000,20,250000
5.731569750182585e+16,5.7370617103972936e+16,True,Val_Comp_support_matched,-0.1530131852069747,-0.16139962714482853,-0.14389417846973207,paired_bootstrap_M16384_esen_irrep_ood_2026_08_22_full_frontier_eval,,,,True,8,150000,20,250000
6.686500691166221e+16,6.66769537986945e+16,True,Neutral_val,-0.20026928917800557,,,point_estimate_full_deterministic_Neutral_val_population_n27697,-0.1442807516786253,-0.14916402211301294,-0.1391384110644044,True,8,175000,48,125000
6.686500691166221e+16,6.66769537986945e+16,True,Val_Comp_support_matched,-0.08058501449735633,-0.08995896288201707,-0.07143972209412866,paired_bootstrap_M16384_esen_irrep_ood_2026_08_22_full_frontier_eval,,,,True,8,175000,48,125000
7.49101513650794e+16,7.194676919029494e+16,True,Neutral_val,-0.2450699336255724,,,point_estimate_full_deterministic_Neutral_val_population_n27697,-0.12394111155655896,-0.12918758888673598,-0.11854019601891451,True,16,100000,32,200000
7.49101513650794e+16,7.194676919029494e+16,True,Val_Comp_support_matched,-0.1130206749705609,-0.12156676148114316,-0.10496097256825347,paired_bootstrap_M16384_esen_irrep_ood_2026_08_22_full_frontier_eval,,,,True,16,100000,32,200000
7.641793366393638e+16,8.000936206718712e+16,True,Neutral_val,-0.23202910571640611,,,point_estimate_full_deterministic_Neutral_val_population_n27697,-0.17335670132117542,-0.17877251518762094,-0.16796038109842387,True,8,200000,48,150000
7.641793366393638e+16,8.000936206718712e+16,True,Val_Comp_support_matched,-0.10741919399716693,-0.11649274541837103,-0.09858412927710335,paired_bootstrap_M16384_esen_irrep_ood_2026_08_22_full_frontier_eval,,,,True,8,200000,48,150000
8.59688829915249e+16,8.838373743247635e+16,True,Neutral_val,-0.2332875904642684,,,point_estimate_full_deterministic_Neutral_val_population_n27697,-0.16023457170264965,-0.16575700937970717,-0.15480060022646178,True,8,225000,64,125000
8.59688829915249e+16,8.838373743247635e+16,True,Val_Comp_support_matched,-0.14394533847604052,-0.1531325360837178,-0.1357814201341998,paired_bootstrap_M16384_esen_irrep_ood_2026_08_22_full_frontier_eval,,,,True,8,225000,64,125000
9.326483661891688e+16,9.333963958913222e+16,True,Neutral_val,-0.1906553255844594,,,point_estimate_full_deterministic_Neutral_val_population_n27697,-0.13277975436140732,-0.1379676165129943,-0.1274543041509156,True,20,100000,48,175000
9.326483661891688e+16,9.333963958913222e+16,True,Val_Comp_support_matched,-0.10151535086145991,-0.10840069524587907,-0.09464906025029288,paired_bootstrap_M16384_esen_irrep_ood_2026_08_22_full_frontier_eval,,,,True,20,100000,48,175000
1.0506711183747755e+17,1.060565314731678e+17,True,Neutral_val,-0.23379429491480774,,,point_estimate_full_deterministic_Neutral_val_population_n27697,-0.17386905931070284,-0.17980302342609294,-0.16812099107895448,True,8,275000,64,150000
1.0506711183747755e+17,1.060565314731678e+17,True,Val_Comp_support_matched,-0.15342524588539241,-0.16298140923591745,-0.1448719587433704,paired_bootstrap_M16384_esen_irrep_ood_2026_08_22_full_frontier_eval,,,,True,8,275000,64,150000
1.1162431122242088e+17,1.079113959899742e+17,True,Neutral_val,-0.20820910136024828,,,point_estimate_full_deterministic_Neutral_val_population_n27697,-0.11160982168906042,-0.11719954822858394,-0.10618820572770367,True,24,100000,32,300000
1.1162431122242088e+17,1.079113959899742e+17,True,Val_Comp_support_matched,-0.06231938213758159,-0.0667620145554065,-0.0578974938847416,paired_bootstrap_M16384_esen_irrep_ood_2026_08_22_full_frontier_eval,,,,True,24,100000,32,300000
1.1268708929342485e+17,1.168966992505469e+17,True,Neutral_val,-0.2321230238754275,,,point_estimate_full_deterministic_Neutral_val_population_n27697,-0.11045076835676682,-0.1161123144284493,-0.10484166510309577,True,16,150000,32,325000
1.1268708929342485e+17,1.168966992505469e+17,True,Val_Comp_support_matched,-0.11127196204986767,-0.117155908161685,-0.10518565446730863,paired_bootstrap_M16384_esen_irrep_ood_2026_08_22_full_frontier_eval,,,,True,16,150000,32,325000
1.2416129743413701e+17,1.2372650109953526e+17,True,Neutral_val,-0.24087041264232756,,,point_estimate_full_deterministic_Neutral_val_population_n27697,-0.18253020391880348,-0.18862070036842044,-0.1763832809075106,True,8,325000,64,175000
1.2416129743413701e+17,1.2372650109953526e+17,True,Val_Comp_support_matched,-0.15726010795802559,-0.1660046283439926,-0.14939560563376286,paired_bootstrap_M16384_esen_irrep_ood_2026_08_22_full_frontier_eval,,,,True,8,325000,64,175000
1.3371016065583917e+17,1.333317181677883e+17,True,Neutral_val,-0.22344966383134324,,,point_estimate_full_deterministic_Neutral_val_population_n27697,-0.18366101329193274,-0.1898127576773076,-0.1770800809820749,True,8,350000,48,250000
1.3371016065583917e+17,1.333317181677883e+17,True,Val_Comp_support_matched,-0.10069475102065706,-0.1088341886913315,-0.09273057582169401,paired_bootstrap_M16384_esen_irrep_ood_2026_08_22_full_frontier_eval,,,,True,8,350000,48,250000
1.3880051447755456e+17,1.4140316422888406e+17,True,Neutral_val,-0.23231585690096956,,,point_estimate_full_deterministic_Neutral_val_population_n27697,-0.16747264408372953,-0.1741715226640677,-0.16110462453285201,True,40,75000,64,200000
1.3880051447755456e+17,1.4140316422888406e+17,True,Val_Comp_support_matched,-0.19472165630628435,-0.1995659794934349,-0.18961397767706525,paired_bootstrap_M16384_esen_irrep_ood_2026_08_22_full_frontier_eval,,,,True,40,75000,64,200000
1.3989470006137322e+17,1.4140316422888406e+17,True,Neutral_val,-0.14902219666451444,,,point_estimate_full_deterministic_Neutral_val_population_n27697,-0.09508079742268549,-0.10027068467749944,-0.08933219401021757,True,20,150000,64,200000
1.3989470006137322e+17,1.4140316422888406e+17,True,Val_Comp_support_matched,-0.13545144364234663,-0.1420056075280291,-0.1292315862069213,paired_bootstrap_M16384_esen_irrep_ood_2026_08_22_full_frontier_eval,,,,True,20,150000,64,200000
1.498236631766153e+17,1.5285715864632045e+17,True,Neutral_val,-0.17295071025619713,,,point_estimate_full_deterministic_Neutral_val_population_n27697,-0.06764273088391715,-0.07320062549783493,-0.06204861246758899,True,16,200000,32,425000
1.498236631766153e+17,1.5285715864632045e+17,True,Val_Comp_support_matched,-0.08142548492000667,-0.08714751225034023,-0.0754948527990393,paired_bootstrap_M16384_esen_irrep_ood_2026_08_22_full_frontier_eval,,,,True,16,200000,32,425000
1.6738703951052822e+17,1.7083007333514525e+17,True,Neutral_val,-0.15747585836545053,,,point_estimate_full_deterministic_Neutral_val_population_n27697,-0.06945257149089468,-0.07500192273577848,-0.06417626915750099,True,24,150000,32,475000
1.6738703951052822e+17,1.7083007333514525e+17,True,Val_Comp_support_matched,-0.06264261133430882,-0.06739046949961727,-0.058098860832096255,paired_bootstrap_M16384_esen_irrep_ood_2026_08_22_full_frontier_eval,,,,True,24,150000,32,475000
1.850320987719538e+17,1.8880459404874333e+17,True,Neutral_val,-0.16184312378964183,,,point_estimate_full_deterministic_Neutral_val_population_n27697,-0.08395941126603645,-0.08983437404024505,-0.07813102739405417,True,40,100000,32,525000
1.850320987719538e+17,1.8880459404874333e+17,True,Val_Comp_support_matched,-0.13713983093265902,-0.14252618986259394,-0.131705691717419,paired_bootstrap_M16384_esen_irrep_ood_2026_08_22_full_frontier_eval,,,,True,40,100000,32,525000
1.8649009486112646e+17,1.8880459404874333e+17,True,Neutral_val,-0.12683749150613988,,,point_estimate_full_deterministic_Neutral_val_population_n27697,-0.030995198176427152,-0.035762774395561414,-0.02590821229596596,True,20,200000,32,525000
1.8649009486112646e+17,1.8880459404874333e+17,True,Val_Comp_support_matched,-0.08691304085309604,-0.09294493004594029,-0.08073857237436047,paired_bootstrap_M16384_esen_irrep_ood_2026_08_22_full_frontier_eval,,,,True,20,200000,32,525000
2.22413105528992e+17,2.120874930429049e+17,True,Neutral_val,-0.11360739259691233,,,point_estimate_full_deterministic_Neutral_val_population_n27697,-0.06656538550889302,-0.07243504574929596,-0.060170852951549364,True,32,150000,64,300000
2.22413105528992e+17,2.120874930429049e+17,True,Val_Comp_support_matched,-0.11313170581477294,-0.11866475246776823,-0.10741320443779649,paired_bootstrap_M16384_esen_irrep_ood_2026_08_22_full_frontier_eval,,,,True,32,150000,64,300000
2.231428238179048e+17,2.120874930429049e+17,True,Neutral_val,-0.08306457936697687,,,point_estimate_full_deterministic_Neutral_val_population_n27697,-0.04943409939915533,-0.054648222219997614,-0.043615655288987254,True,24,200000,64,300000
2.231428238179048e+17,2.120874930429049e+17,True,Val_Comp_support_matched,-0.06408201653545831,-0.06928013368143437,-0.0589822903023115,paired_bootstrap_M16384_esen_irrep_ood_2026_08_22_full_frontier_eval,,,,True,24,200000,64,300000
2.3129663148480614e+17,2.120874930429049e+17,True,Neutral_val,-0.06758453918570861,,,point_estimate_full_deterministic_Neutral_val_population_n27697,-0.054537400550804804,-0.06001088137282351,-0.04893652318524074,True,40,125000,64,300000
2.3129663148480614e+17,2.120874930429049e+17,True,Val_Comp_support_matched,-0.11144025087880838,-0.11769680166722245,-0.10575075506591687,paired_bootstrap_M16384_esen_irrep_ood_2026_08_22_full_frontier_eval,,,,True,40,125000,64,300000
2.331154469293314e+17,2.120874930429049e+17,True,Neutral_val,-0.05402067538623179,,,point_estimate_full_deterministic_Neutral_val_population_n27697,-0.022385434303114238,-0.027349871992621642,-0.01679483320288762,True,20,250000,64,300000
2.331154469293314e+17,2.120874930429049e+17,True,Val_Comp_support_matched,-0.07519417020031671,-0.08090584570515284,-0.06945208420273352,paired_bootstrap_M16384_esen_irrep_ood_2026_08_22_full_frontier_eval,,,,True,20,250000,64,300000
2.6211738964840467e+17,2.8276549253171453e+17,True,Neutral_val,-0.11416886990644581,,,point_estimate_full_deterministic_Neutral_val_population_n27697,-0.08695417430824737,-0.09263577542735306,-0.08057280145870685,True,16,350000,64,400000
2.6211738964840467e+17,2.8276549253171453e+17,True,Val_Comp_support_matched,-0.0916956111561813,-0.09786569563531114,-0.08571411739507287,paired_bootstrap_M16384_esen_irrep_ood_2026_08_22_full_frontier_eval,,,,True,16,350000,64,400000
2.775456117755479e+17,2.8276549253171453e+17,True,Neutral_val,-0.06325002635919486,,,point_estimate_full_deterministic_Neutral_val_population_n27697,-0.060622734472003614,-0.06619528533617355,-0.05471853237465436,True,40,150000,64,400000
2.775456117755479e+17,2.8276549253171453e+17,True,Val_Comp_support_matched,-0.12072441695097513,-0.1276499071631013,-0.11466156692296134,paired_bootstrap_M16384_esen_irrep_ood_2026_08_22_full_frontier_eval,,,,True,40,150000,64,400000
2.9954875397752614e+17,2.8276549253171453e+17,True,Neutral_val,-0.05110037592954608,,,point_estimate_full_deterministic_Neutral_val_population_n27697,-0.04638623924657814,-0.05179914354514135,-0.040354302392258554,True,16,400000,64,400000
2.9954875397752614e+17,2.8276549253171453e+17,True,Val_Comp_support_matched,-0.0517173710697989,-0.057952868968868906,-0.04585547986363534,paired_bootstrap_M16384_esen_irrep_ood_2026_08_22_full_frontier_eval,,,,True,16,400000,64,400000
3.2378720068934586e+17,2.8276549253171453e+17,True,Neutral_val,0.023296065562427692,,,point_estimate_full_deterministic_Neutral_val_population_n27697,0.004553400043612044,-0.0008521641042010363,0.010206395389447917,True,40,175000,64,400000
3.2378720068934586e+17,2.8276549253171453e+17,True,Val_Comp_support_matched,-0.0661516353672873,-0.07353605387376787,-0.05945734974322421,paired_bootstrap_M16384_esen_irrep_ood_2026_08_22_full_frontier_eval,,,,True,40,175000,64,400000
3.346812983455683e+17,3.724042082098752e+17,True,Neutral_val,-0.07597922649313471,,,point_estimate_full_deterministic_Neutral_val_population_n27697,-0.05157005835615536,-0.05678203904946246,-0.045512513316923436,True,24,300000,64,525000
3.346812983455683e+17,3.724042082098752e+17,True,Val_Comp_support_matched,-0.07988174160907935,-0.08515260793529467,-0.07461374379135106,paired_bootstrap_M16384_esen_irrep_ood_2026_08_22_full_frontier_eval,,,,True,24,300000,64,525000
3.700463062270997e+17,3.724042082098752e+17,True,Neutral_val,-0.01814,-0.0626,0.0285,paired_bootstrap_n27697_configs_stage3b1_decisive_point_C_common_max,-0.015170689502890689,-0.020675397122950544,-0.009344579864239576,True,40,200000,64,525000
3.700463062270997e+17,3.724042082098752e+17,True,Val_Comp_support_matched,-0.09473590459952685,-0.10245735614057228,-0.08781639793288547,paired_bootstrap_M16384_esen_irrep_ood_2026_08_22_full_frontier_eval,,,,True,40,200000,64,525000
3.9047821847795846e+17,3.724042082098752e+17,True,Neutral_val,-0.013393708087749978,,,point_estimate_full_deterministic_Neutral_val_population_n27697,0.0009440707679546634,-0.004627593118825102,0.007146113963531778,True,24,350000,64,525000
3.9047821847795846e+17,3.724042082098752e+17,True,Val_Comp_support_matched,-0.031696514119839314,-0.037141507359773215,-0.02629658756446145,paired_bootstrap_M16384_esen_irrep_ood_2026_08_22_full_frontier_eval,,,,True,24,350000,64,525000
4.162958362808579e+17,3.724042082098752e+17,True,Neutral_val,0.028810234289792902,,,point_estimate_full_deterministic_Neutral_val_population_n27697,0.029962663814751878,0.024204564338560487,0.03563901927384362,True,40,225000,64,525000
4.162958362808579e+17,3.724042082098752e+17,True,Val_Comp_support_matched,-0.05380144846284818,-0.06160790635727853,-0.04671957114219919,paired_bootstrap_M16384_esen_irrep_ood_2026_08_22_full_frontier_eval,,,,True,40,225000,64,525000
