owner_id,checkpoint_path,seed,width_sphere_channels,step,N_trainable_params,D_atom_tokens,C_flops,force_mse_norm_full_neutral_val,first_budget_owned_Cflops,last_budget_owned_Cflops_exclusive,unbounded_top_owner,source
esen_lmax4_w16_s500,<CHECKPOINT_ROOT>/geometric_scaling_checkpoints_esen/esen-sphere-16-neutral-epoch-lmax4-dense0to50k/esen/run_10359676_params_1.7_million/dim_32_step_step=500.ckpt,1,16,500,1722258,867488,374938517769536.3,0.0858654804381501,374938517769536.3,751538457555637.8,False,empirical_lmax_adversarial_audit_2026_08_13
esen_lmax4_w16_s1000,<CHECKPOINT_ROOT>/geometric_scaling_checkpoints_esen/esen-sphere-16-neutral-epoch-lmax4-dense0to50k/esen/run_10359676_params_1.7_million/dim_32_step_step=1000.ckpt,1,16,1000,1722258,1738820,751538457555637.8,0.0553932115951806,751538457555637.8,1124661685921018.5,False,empirical_lmax_adversarial_audit_2026_08_13
esen_lmax4_w16_s1500,<CHECKPOINT_ROOT>/geometric_scaling_checkpoints_esen/esen-sphere-16-neutral-epoch-lmax4-dense0to50k/esen/run_10359676_params_1.7_million/dim_32_step_step=1500.ckpt,1,16,1500,1722258,2602108,1124661685921018.5,0.0423907939792023,1124661685921018.5,1497491874711157.0,False,empirical_lmax_adversarial_audit_2026_08_13
esen_lmax4_w16_s2000,<CHECKPOINT_ROOT>/geometric_scaling_checkpoints_esen/esen-sphere-16-neutral-epoch-lmax4-dense0to50k/esen/run_10359676_params_1.7_million/dim_32_step_step=2000.ckpt,1,16,2000,1722258,3464718,1497491874711157.0,0.036448406755137,1497491874711157.0,1871800659942156.5,False,empirical_lmax_adversarial_audit_2026_08_13
esen_lmax4_w16_s2500,<CHECKPOINT_ROOT>/geometric_scaling_checkpoints_esen/esen-sphere-16-neutral-epoch-lmax4-dense0to50k/esen/run_10359676_params_1.7_million/dim_32_step_step=2500.ckpt,1,16,2500,1722258,4330749,1871800659942156.5,0.0329860328631066,1871800659942156.5,2245119248024365.5,False,empirical_lmax_adversarial_audit_2026_08_13
esen_lmax4_w16_s3000,<CHECKPOINT_ROOT>/geometric_scaling_checkpoints_esen/esen-sphere-16-neutral-epoch-lmax4-dense0to50k/esen/run_10359676_params_1.7_million/dim_32_step_step=3000.ckpt,1,16,3000,1722258,5194489,2245119248024365.5,0.0305199315045545,2245119248024365.5,2621104582683631.5,False,empirical_lmax_adversarial_audit_2026_08_13
esen_lmax4_w16_s3500,<CHECKPOINT_ROOT>/geometric_scaling_checkpoints_esen/esen-sphere-16-neutral-epoch-lmax4-dense0to50k/esen/run_10359676_params_1.7_million/dim_32_step_step=3500.ckpt,1,16,3500,1722258,6064399,2621104582683631.5,0.0284377273465732,2621104582683631.5,2996337004451936.0,False,empirical_lmax_adversarial_audit_2026_08_13
esen_lmax4_w16_s4000,<CHECKPOINT_ROOT>/geometric_scaling_checkpoints_esen/esen-sphere-16-neutral-epoch-lmax4-dense0to50k/esen/run_10359676_params_1.7_million/dim_32_step_step=4000.ckpt,1,16,4000,1722258,6932567,2996337004451936.0,0.0267202705225539,2996337004451936.0,3370070083614760.0,False,empirical_lmax_adversarial_audit_2026_08_13
esen_lmax4_w16_s4500,<CHECKPOINT_ROOT>/geometric_scaling_checkpoints_esen/esen-sphere-16-neutral-epoch-lmax4-dense0to50k/esen/run_10359676_params_1.7_million/dim_32_step_step=4500.ckpt,1,16,4500,1722258,7797266,3370070083614760.0,0.0253706371393398,3370070083614760.0,3745876050392425.0,False,empirical_lmax_adversarial_audit_2026_08_13
esen_lmax4_w16_s5000,<CHECKPOINT_ROOT>/geometric_scaling_checkpoints_esen/esen-sphere-16-neutral-epoch-lmax4-dense0to50k/esen/run_10359676_params_1.7_million/dim_32_step_step=5000.ckpt,1,16,5000,1722258,8666761,3745876050392425.0,0.0242997809906337,3745876050392425.0,4119393888097328.5,False,empirical_lmax_adversarial_audit_2026_08_13
esen_lmax4_w16_s5500,<CHECKPOINT_ROOT>/geometric_scaling_checkpoints_esen/esen-sphere-16-neutral-epoch-lmax4-dense0to50k/esen/run_10359676_params_1.7_million/dim_32_step_step=5500.ckpt,1,16,5500,1722258,9530962,4119393888097328.5,0.0233603599634533,4119393888097328.5,4495469555015039.0,False,empirical_lmax_adversarial_audit_2026_08_13
esen_lmax4_w16_s6000,<CHECKPOINT_ROOT>/geometric_scaling_checkpoints_esen/esen-sphere-16-neutral-epoch-lmax4-dense0to50k/esen/run_10359676_params_1.7_million/dim_32_step_step=6000.ckpt,1,16,6000,1722258,10401081,4495469555015039.0,0.0225289185648659,4495469555015039.0,4867693782913600.0,False,empirical_lmax_adversarial_audit_2026_08_13
esen_lmax4_w16_s6500,<CHECKPOINT_ROOT>/geometric_scaling_checkpoints_esen/esen-sphere-16-neutral-epoch-lmax4-dense0to50k/esen/run_10359676_params_1.7_million/dim_32_step_step=6500.ckpt,1,16,6500,1722258,11262289,4867693782913600.0,0.0216951757719456,4867693782913600.0,5242354388519595.0,False,empirical_lmax_adversarial_audit_2026_08_13
esen_lmax4_w16_s7000,<CHECKPOINT_ROOT>/geometric_scaling_checkpoints_esen/esen-sphere-16-neutral-epoch-lmax4-dense0to50k/esen/run_10359676_params_1.7_million/dim_32_step_step=7000.ckpt,1,16,7000,1722258,12129134,5242354388519595.0,0.020954904728569,5242354388519595.0,5615213535497848.0,False,empirical_lmax_adversarial_audit_2026_08_13
esen_lmax4_w16_s7500,<CHECKPOINT_ROOT>/geometric_scaling_checkpoints_esen/esen-sphere-16-neutral-epoch-lmax4-dense0to50k/esen/run_10359676_params_1.7_million/dim_32_step_step=7500.ckpt,1,16,7500,1722258,12991811,5615213535497848.0,0.0202627171717657,5615213535497848.0,5988232168616608.0,False,empirical_lmax_adversarial_audit_2026_08_13
esen_lmax4_w16_s8000,<CHECKPOINT_ROOT>/geometric_scaling_checkpoints_esen/esen-sphere-16-neutral-epoch-lmax4-dense0to50k/esen/run_10359676_params_1.7_million/dim_32_step_step=8000.ckpt,1,16,8000,1722258,13854857,5988232168616608.0,0.0196055824896342,5988232168616608.0,6362128191614044.0,False,empirical_lmax_adversarial_audit_2026_08_13
esen_lmax4_w16_s8500,<CHECKPOINT_ROOT>/geometric_scaling_checkpoints_esen/esen-sphere-16-neutral-epoch-lmax4-dense0to50k/esen/run_10359676_params_1.7_million/dim_32_step_step=8500.ckpt,1,16,8500,1722258,14719933,6362128191614044.0,0.0190368797310131,6362128191614044.0,6733491885892682.0,False,empirical_lmax_adversarial_audit_2026_08_13
esen_lmax4_w16_s9000,<CHECKPOINT_ROOT>/geometric_scaling_checkpoints_esen/esen-sphere-16-neutral-epoch-lmax4-dense0to50k/esen/run_10359676_params_1.7_million/dim_32_step_step=9000.ckpt,1,16,9000,1722258,15579150,6733491885892682.0,0.0185028134657534,6733491885892682.0,7108429107026930.0,False,empirical_lmax_adversarial_audit_2026_08_13
esen_lmax4_w16_s9500,<CHECKPOINT_ROOT>/geometric_scaling_checkpoints_esen/esen-sphere-16-neutral-epoch-lmax4-dense0to50k/esen/run_10359676_params_1.7_million/dim_32_step_step=9500.ckpt,1,16,9500,1722258,16446635,7108429107026930.0,0.0180351635442259,7108429107026930.0,7483910482770661.0,False,empirical_lmax_adversarial_audit_2026_08_13
esen_lmax4_w16_s10000,<CHECKPOINT_ROOT>/geometric_scaling_checkpoints_esen/esen-sphere-16-neutral-epoch-lmax4-dense0to50k/esen/run_10359676_params_1.7_million/dim_32_step_step=10000.ckpt,1,16,10000,1722258,17315379,7483910482770661.0,0.0175945007530746,7483910482770661.0,7859286398844246.0,False,empirical_lmax_adversarial_audit_2026_08_13
esen_lmax4_w16_s10500,<CHECKPOINT_ROOT>/geometric_scaling_checkpoints_esen/esen-sphere-16-neutral-epoch-lmax4-dense0to50k/esen/run_10359676_params_1.7_million/dim_32_step_step=10500.ckpt,1,16,10500,1722258,18183879,7859286398844246.0,0.0171280736326805,7859286398844246.0,8233573573487101.0,False,empirical_lmax_adversarial_audit_2026_08_13
esen_lmax4_w16_s11000,<CHECKPOINT_ROOT>/geometric_scaling_checkpoints_esen/esen-sphere-16-neutral-epoch-lmax4-dense0to50k/esen/run_10359676_params_1.7_million/dim_32_step_step=11000.ckpt,1,16,11000,1722258,19049860,8233573573487101.0,0.0166942876274052,8233573573487101.0,8610187776261378.0,False,empirical_lmax_adversarial_audit_2026_08_13
esen_lmax4_w16_s11500,<CHECKPOINT_ROOT>/geometric_scaling_checkpoints_esen/esen-sphere-16-neutral-epoch-lmax4-dense0to50k/esen/run_10359676_params_1.7_million/dim_32_step_step=11500.ckpt,1,16,11500,1722258,19921225,8610187776261378.0,0.0162625138324687,8610187776261378.0,8986355504284586.0,False,empirical_lmax_adversarial_audit_2026_08_13
esen_lmax4_w16_s12000,<CHECKPOINT_ROOT>/geometric_scaling_checkpoints_esen/esen-sphere-16-neutral-epoch-lmax4-dense0to50k/esen/run_10359676_params_1.7_million/dim_32_step_step=12000.ckpt,1,16,12000,1722258,20791557,8986355504284586.0,0.0158309743924638,8986355504284586.0,9361686470334830.0,False,empirical_lmax_adversarial_audit_2026_08_13
esen_lmax4_w16_s12500,<CHECKPOINT_ROOT>/geometric_scaling_checkpoints_esen/esen-sphere-16-neutral-epoch-lmax4-dense0to50k/esen/run_10359676_params_1.7_million/dim_32_step_step=12500.ckpt,1,16,12500,1722258,21659953,9361686470334830.0,0.0154323450165454,9361686470334830.0,9551483695195872.0,False,empirical_lmax_adversarial_audit_2026_08_13
esen_lmax4_w8_s25000,<CHECKPOINT_ROOT>/geometric_scaling_checkpoints_esen/esen-sphere-8-neutral-epoch/esen/run_9897808_params_878.4_thousand/dim_32_step_step=25000.ckpt,1,8,25000,878434,43327470,9551483695195872.0,0.011699229207962,9551483695195872.0,1.3482950538730202e+16,False,empirical_lmax_adversarial_audit_2026_08_13
esen_lmax4_w16_s18000,<CHECKPOINT_ROOT>/geometric_scaling_checkpoints_esen/esen-sphere-16-neutral-epoch-lmax4-dense0to50k/esen/run_10359676_params_1.7_million/dim_32_step_step=18000.ckpt,1,16,18000,1722258,31195242,1.3482950538730202e+16,0.0116263247862905,1.3482950538730202e+16,1.3856899723774472e+16,False,empirical_lmax_adversarial_audit_2026_08_13
esen_lmax4_w16_s18500,<CHECKPOINT_ROOT>/geometric_scaling_checkpoints_esen/esen-sphere-16-neutral-epoch-lmax4-dense0to50k/esen/run_10359676_params_1.7_million/dim_32_step_step=18500.ckpt,1,16,18500,1722258,32060441,1.3856899723774472e+16,0.011313159932064,1.3856899723774472e+16,1.4231963582955248e+16,False,empirical_lmax_adversarial_audit_2026_08_13
esen_lmax4_w16_s19000,<CHECKPOINT_ROOT>/geometric_scaling_checkpoints_esen/esen-sphere-16-neutral-epoch-lmax4-dense0to50k/esen/run_10359676_params_1.7_million/dim_32_step_step=19000.ckpt,1,16,19000,1722258,32928219,1.4231963582955248e+16,0.0110161850391833,1.4231963582955248e+16,1.4605464564401398e+16,False,empirical_lmax_adversarial_audit_2026_08_13
esen_lmax4_w16_s19500,<CHECKPOINT_ROOT>/geometric_scaling_checkpoints_esen/esen-sphere-16-neutral-epoch-lmax4-dense0to50k/esen/run_10359676_params_1.7_million/dim_32_step_step=19500.ckpt,1,16,19500,1722258,33792381,1.4605464564401398e+16,0.0106994099186423,1.4605464564401398e+16,1.4981944349317416e+16,False,empirical_lmax_adversarial_audit_2026_08_13
esen_lmax4_w16_s20000,<CHECKPOINT_ROOT>/geometric_scaling_checkpoints_esen/esen-sphere-16-neutral-epoch-lmax4-dense0to50k/esen/run_10359676_params_1.7_million/dim_32_step_step=20000.ckpt,1,16,20000,1722258,34663435,1.4981944349317416e+16,0.0103731664572734,1.4981944349317416e+16,1.5357732163201038e+16,False,empirical_lmax_adversarial_audit_2026_08_13
esen_lmax4_w16_s20500,<CHECKPOINT_ROOT>/geometric_scaling_checkpoints_esen/esen-sphere-16-neutral-epoch-lmax4-dense0to50k/esen/run_10359676_params_1.7_million/dim_32_step_step=20500.ckpt,1,16,20500,1722258,35532888,1.5357732163201038e+16,0.0100749498584058,1.5357732163201038e+16,1.5733252870215194e+16,False,empirical_lmax_adversarial_audit_2026_08_13
esen_lmax4_w16_s21000,<CHECKPOINT_ROOT>/geometric_scaling_checkpoints_esen/esen-sphere-16-neutral-epoch-lmax4-dense0to50k/esen/run_10359676_params_1.7_million/dim_32_step_step=21000.ckpt,1,16,21000,1722258,36401723,1.5733252870215194e+16,0.0098124631766851,1.5733252870215194e+16,1.6107530536199264e+16,False,empirical_lmax_adversarial_audit_2026_08_13
esen_lmax4_w16_s21500,<CHECKPOINT_ROOT>/geometric_scaling_checkpoints_esen/esen-sphere-16-neutral-epoch-lmax4-dense0to50k/esen/run_10359676_params_1.7_million/dim_32_step_step=21500.ckpt,1,16,21500,1722258,37267682,1.6107530536199264e+16,0.0095606241289173,1.6107530536199264e+16,1.6480914820469434e+16,False,empirical_lmax_adversarial_audit_2026_08_13
esen_lmax4_w16_s22000,<CHECKPOINT_ROOT>/geometric_scaling_checkpoints_esen/esen-sphere-16-neutral-epoch-lmax4-dense0to50k/esen/run_10359676_params_1.7_million/dim_32_step_step=22000.ckpt,1,16,22000,1722258,38131574,1.6480914820469434e+16,0.0093437863137964,1.6480914820469434e+16,1.6856397492848454e+16,False,empirical_lmax_adversarial_audit_2026_08_13
esen_lmax4_w16_s22500,<CHECKPOINT_ROOT>/geometric_scaling_checkpoints_esen/esen-sphere-16-neutral-epoch-lmax4-dense0to50k/esen/run_10359676_params_1.7_million/dim_32_step_step=22500.ckpt,1,16,22500,1722258,39000321,1.6856397492848454e+16,0.0091264934614962,1.6856397492848454e+16,1.7230053638317482e+16,False,empirical_lmax_adversarial_audit_2026_08_13
esen_lmax4_w16_s23000,<CHECKPOINT_ROOT>/geometric_scaling_checkpoints_esen/esen-sphere-16-neutral-epoch-lmax4-dense0to50k/esen/run_10359676_params_1.7_million/dim_32_step_step=23000.ckpt,1,16,23000,1722258,39864842,1.7230053638317482e+16,0.0089256719937607,1.7230053638317482e+16,1.7603468609622818e+16,False,empirical_lmax_adversarial_audit_2026_08_13
esen_lmax4_w16_s23500,<CHECKPOINT_ROOT>/geometric_scaling_checkpoints_esen/esen-sphere-16-neutral-epoch-lmax4-dense0to50k/esen/run_10359676_params_1.7_million/dim_32_step_step=23500.ckpt,1,16,23500,1722258,40728805,1.7603468609622818e+16,0.0087185620024314,1.7603468609622818e+16,1.7976237856554388e+16,False,empirical_lmax_adversarial_audit_2026_08_13
esen_lmax4_w16_s24000,<CHECKPOINT_ROOT>/geometric_scaling_checkpoints_esen/esen-sphere-16-neutral-epoch-lmax4-dense0to50k/esen/run_10359676_params_1.7_million/dim_32_step_step=24000.ckpt,1,16,24000,1722258,41591274,1.7976237856554388e+16,0.0085161862942346,1.7976237856554388e+16,1.8352342913871976e+16,False,empirical_lmax_adversarial_audit_2026_08_13
esen_lmax4_w16_s24500,<CHECKPOINT_ROOT>/geometric_scaling_checkpoints_esen/esen-sphere-16-neutral-epoch-lmax4-dense0to50k/esen/run_10359676_params_1.7_million/dim_32_step_step=24500.ckpt,1,16,24500,1722258,42461461,1.8352342913871976e+16,0.0083280059681182,1.8352342913871976e+16,1.872664219044419e+16,False,empirical_lmax_adversarial_audit_2026_08_13
esen_lmax4_w16_s25000,<CHECKPOINT_ROOT>/geometric_scaling_checkpoints_esen/esen-sphere-16-neutral-epoch-lmax4-dense0to50k/esen/run_10359676_params_1.7_million/dim_32_step_step=25000.ckpt,1,16,25000,1722258,43327470,1.872664219044419e+16,0.0081481467757705,1.872664219044419e+16,1.9100585756735544e+16,False,empirical_lmax_adversarial_audit_2026_08_13
esen_lmax4_w16_s25500,<CHECKPOINT_ROOT>/geometric_scaling_checkpoints_esen/esen-sphere-16-neutral-epoch-lmax4-dense0to50k/esen/run_10359676_params_1.7_million/dim_32_step_step=25500.ckpt,1,16,25500,1722258,44192656,1.9100585756735544e+16,0.0079845704289376,1.9100585756735544e+16,1.9104789619204656e+16,False,empirical_lmax_adversarial_audit_2026_08_13
esen_lmax4_w8_s50000,<CHECKPOINT_ROOT>/geometric_scaling_checkpoints_esen/esen-sphere-8-neutral-epoch/esen/run_9897808_params_878.4_thousand/dim_32_step_step=50000.ckpt,1,8,50000,878434,86663206,1.9104789619204656e+16,0.0070184656575738,1.9104789619204656e+16,2.029522048725557e+16,False,empirical_lmax_adversarial_audit_2026_08_13
esen_lmax4_w4_s100000,<CHECKPOINT_ROOT>/geometric_scaling_checkpoints_esen/esen-sphere-4-neutral-epoch/esen/run_9714661_params_456.5_thousand/dim_32_step_step=100000.ckpt,1,4,100000,456522,173258085,2.029522048725557e+16,0.0065441228689703,2.029522048725557e+16,2.397277065207738e+16,False,empirical_lmax_adversarial_audit_2026_08_13
esen_lmax4_w16_s32000,<CHECKPOINT_ROOT>/geometric_scaling_checkpoints_esen/esen-sphere-16-neutral-epoch-lmax4-dense0to50k/esen/run_10359676_params_1.7_million/dim_32_step_step=32000.ckpt,1,16,32000,1722258,55465336,2.397277065207738e+16,0.0065193492958863,2.397277065207738e+16,2.3989785957410084e+16,False,empirical_lmax_adversarial_audit_2026_08_13
esen_lmax4_w10_s50000,<CHECKPOINT_ROOT>/geometric_scaling_checkpoints_esen/esen-sphere-10-neutral-epoch/esen/run_9741255_params_1.1_million/dim_32_step_step=50000.ckpt,1,10,50000,1089390,86650769,2.3989785957410084e+16,0.006056270889016389,2.3989785957410084e+16,2.6221289245616908e+16,False,stage3b_2026_08_16_frozen_owner_reused
esen_lmax4_w16_s35000,<CHECKPOINT_ROOT>/geometric_scaling_checkpoints_esen/esen-sphere-16-neutral-epoch-lmax4-dense0to50k/esen/run_10359676_params_1.7_million/dim_32_step_step=35000.ckpt,1,16,35000,1722258,60667690,2.6221289245616908e+16,0.0059836699714584,2.6221289245616908e+16,2.6595572098142132e+16,False,empirical_lmax_adversarial_audit_2026_08_13
esen_lmax4_w16_s35500,<CHECKPOINT_ROOT>/geometric_scaling_checkpoints_esen/esen-sphere-16-neutral-epoch-lmax4-dense0to50k/esen/run_10359676_params_1.7_million/dim_32_step_step=35500.ckpt,1,16,35500,1722258,61533661,2.6595572098142132e+16,0.0059007574594687,2.6595572098142132e+16,2.697055426929972e+16,False,empirical_lmax_adversarial_audit_2026_08_13
esen_lmax4_w16_s36000,<CHECKPOINT_ROOT>/geometric_scaling_checkpoints_esen/esen-sphere-16-neutral-epoch-lmax4-dense0to50k/esen/run_10359676_params_1.7_million/dim_32_step_step=36000.ckpt,1,16,36000,1722258,62401250,2.697055426929972e+16,0.0058186695472483,2.697055426929972e+16,2.734263024856361e+16,False,empirical_lmax_adversarial_audit_2026_08_13
esen_lmax4_w16_s36500,<CHECKPOINT_ROOT>/geometric_scaling_checkpoints_esen/esen-sphere-16-neutral-epoch-lmax4-dense0to50k/esen/run_10359676_params_1.7_million/dim_32_step_step=36500.ckpt,1,16,36500,1722258,63262115,2.734263024856361e+16,0.0057418877943811,2.734263024856361e+16,2.771943203124298e+16,False,empirical_lmax_adversarial_audit_2026_08_13
esen_lmax4_w16_s37000,<CHECKPOINT_ROOT>/geometric_scaling_checkpoints_esen/esen-sphere-16-neutral-epoch-lmax4-dense0to50k/esen/run_10359676_params_1.7_million/dim_32_step_step=37000.ckpt,1,16,37000,1722258,64133914,2.771943203124298e+16,0.0056666454807618,2.771943203124298e+16,2.8096180219663756e+16,False,empirical_lmax_adversarial_audit_2026_08_13
esen_lmax4_w16_s37500,<CHECKPOINT_ROOT>/geometric_scaling_checkpoints_esen/esen-sphere-16-neutral-epoch-lmax4-dense0to50k/esen/run_10359676_params_1.7_million/dim_32_step_step=37500.ckpt,1,16,37500,1722258,65005589,2.8096180219663756e+16,0.0055978492691582,2.8096180219663756e+16,2.8469790118474156e+16,False,empirical_lmax_adversarial_audit_2026_08_13
esen_lmax4_w16_s38000,<CHECKPOINT_ROOT>/geometric_scaling_checkpoints_esen/esen-sphere-16-neutral-epoch-lmax4-dense0to50k/esen/run_10359676_params_1.7_million/dim_32_step_step=38000.ckpt,1,16,38000,1722258,65870003,2.8469790118474156e+16,0.0055341296606467,2.8469790118474156e+16,2.86635708271508e+16,False,empirical_lmax_adversarial_audit_2026_08_13
esen_lmax4_w8_s75000,<CHECKPOINT_ROOT>/geometric_scaling_checkpoints_esen/esen-sphere-8-neutral-epoch/esen/run_9897808_params_878.4_thousand/dim_32_step_step=75000.ckpt,1,8,75000,878434,130023779,2.86635708271508e+16,0.0050666550842869,2.86635708271508e+16,3.044672799278153e+16,False,empirical_lmax_adversarial_audit_2026_08_13
esen_lmax4_w4_s150000,<CHECKPOINT_ROOT>/geometric_scaling_checkpoints_esen/esen-sphere-4-neutral-epoch/esen/run_9714661_params_456.5_thousand/dim_32_step_step=150000.ckpt,1,4,150000,456522,259920398,3.044672799278153e+16,0.0049569270005325,3.044672799278153e+16,3.2582419460270428e+16,False,empirical_lmax_adversarial_audit_2026_08_13
esen_lmax4_w16_s43500,<CHECKPOINT_ROOT>/geometric_scaling_checkpoints_esen/esen-sphere-16-neutral-epoch-lmax4-dense0to50k/esen/run_10359676_params_1.7_million/dim_32_step_step=43500.ckpt,1,16,43500,1722258,75385314,3.2582419460270428e+16,0.00492989099276,3.2582419460270428e+16,3.2954677832898256e+16,False,empirical_lmax_adversarial_audit_2026_08_13
esen_lmax4_w16_s44000,<CHECKPOINT_ROOT>/geometric_scaling_checkpoints_esen/esen-sphere-16-neutral-epoch-lmax4-dense0to50k/esen/run_10359676_params_1.7_million/dim_32_step_step=44000.ckpt,1,16,44000,1722258,76246601,3.2954677832898256e+16,0.0048885323520879,3.2954677832898256e+16,3.333007838504233e+16,False,empirical_lmax_adversarial_audit_2026_08_13
esen_lmax4_w16_s44500,<CHECKPOINT_ROOT>/geometric_scaling_checkpoints_esen/esen-sphere-16-neutral-epoch-lmax4-dense0to50k/esen/run_10359676_params_1.7_million/dim_32_step_step=44500.ckpt,1,16,44500,1722258,77115158,3.333007838504233e+16,0.0048482718118106,3.333007838504233e+16,3.370506228504697e+16,False,empirical_lmax_adversarial_audit_2026_08_13
esen_lmax4_w16_s45000,<CHECKPOINT_ROOT>/geometric_scaling_checkpoints_esen/esen-sphere-16-neutral-epoch-lmax4-dense0to50k/esen/run_10359676_params_1.7_million/dim_32_step_step=45000.ckpt,1,16,45000,1722258,77982751,3.370506228504697e+16,0.0048086626346166,3.370506228504697e+16,3.408259450560563e+16,False,empirical_lmax_adversarial_audit_2026_08_13
esen_lmax4_w16_s45500,<CHECKPOINT_ROOT>/geometric_scaling_checkpoints_esen/esen-sphere-16-neutral-epoch-lmax4-dense0to50k/esen/run_10359676_params_1.7_million/dim_32_step_step=45500.ckpt,1,16,45500,1722258,78856240,3.408259450560563e+16,0.0047675783952763,3.408259450560563e+16,3.4456132225051628e+16,False,empirical_lmax_adversarial_audit_2026_08_13
esen_lmax4_w16_s46000,<CHECKPOINT_ROOT>/geometric_scaling_checkpoints_esen/esen-sphere-16-neutral-epoch-lmax4-dense0to50k/esen/run_10359676_params_1.7_million/dim_32_step_step=46000.ckpt,1,16,46000,1722258,79720487,3.4456132225051628e+16,0.004728083080568,3.4456132225051628e+16,3.4830925951880596e+16,False,empirical_lmax_adversarial_audit_2026_08_13
esen_lmax4_w16_s46500,<CHECKPOINT_ROOT>/geometric_scaling_checkpoints_esen/esen-sphere-16-neutral-epoch-lmax4-dense0to50k/esen/run_10359676_params_1.7_million/dim_32_step_step=46500.ckpt,1,16,46500,1722258,80587640,3.4830925951880596e+16,0.0046905340204998,3.4830925951880596e+16,3.5205736534968316e+16,False,empirical_lmax_adversarial_audit_2026_08_13
esen_lmax4_w16_s47000,<CHECKPOINT_ROOT>/geometric_scaling_checkpoints_esen/esen-sphere-16-neutral-epoch-lmax4-dense0to50k/esen/run_10359676_params_1.7_million/dim_32_step_step=47000.ckpt,1,16,47000,1722258,81454832,3.5205736534968316e+16,0.0046543918743121,3.5205736534968316e+16,3.5581915500497356e+16,False,empirical_lmax_adversarial_audit_2026_08_13
esen_lmax4_w16_s47500,<CHECKPOINT_ROOT>/geometric_scaling_checkpoints_esen/esen-sphere-16-neutral-epoch-lmax4-dense0to50k/esen/run_10359676_params_1.7_million/dim_32_step_step=47500.ckpt,1,16,47500,1722258,82325190,3.5581915500497356e+16,0.0046187096950423,3.5581915500497356e+16,3.5957269373771036e+16,False,empirical_lmax_adversarial_audit_2026_08_13
esen_lmax4_w16_s48000,<CHECKPOINT_ROOT>/geometric_scaling_checkpoints_esen/esen-sphere-16-neutral-epoch-lmax4-dense0to50k/esen/run_10359676_params_1.7_million/dim_32_step_step=48000.ckpt,1,16,48000,1722258,83193639,3.5957269373771036e+16,0.0045874460903655,3.5957269373771036e+16,3.633260120424481e+16,False,empirical_lmax_adversarial_audit_2026_08_13
esen_lmax4_w16_s48500,<CHECKPOINT_ROOT>/geometric_scaling_checkpoints_esen/esen-sphere-16-neutral-epoch-lmax4-dense0to50k/esen/run_10359676_params_1.7_million/dim_32_step_step=48500.ckpt,1,16,48500,1722258,84062037,3.633260120424481e+16,0.0045575649456637,3.633260120424481e+16,3.670691387938167e+16,False,empirical_lmax_adversarial_audit_2026_08_13
esen_lmax4_w16_s49000,<CHECKPOINT_ROOT>/geometric_scaling_checkpoints_esen/esen-sphere-16-neutral-epoch-lmax4-dense0to50k/esen/run_10359676_params_1.7_million/dim_32_step_step=49000.ckpt,1,16,49000,1722258,84928077,3.670691387938167e+16,0.0045249863945385,3.670691387938167e+16,3.708068023885024e+16,False,empirical_lmax_adversarial_audit_2026_08_13
esen_lmax4_w16_s49500,<CHECKPOINT_ROOT>/geometric_scaling_checkpoints_esen/esen-sphere-16-neutral-epoch-lmax4-dense0to50k/esen/run_10359676_params_1.7_million/dim_32_step_step=49500.ckpt,1,16,49500,1722258,85792853,3.708068023885024e+16,0.0044938367994797,3.708068023885024e+16,3.745685704332046e+16,False,empirical_lmax_adversarial_audit_2026_08_13
esen_lmax4_w16_s50000,<CHECKPOINT_ROOT>/geometric_scaling_checkpoints_esen/esen-sphere-16-neutral-epoch-lmax4-dense0to50k/esen/run_10359676_params_1.7_million/dim_32_step_step=50000.ckpt,1,16,50000,1722258,86663206,3.745685704332046e+16,0.0044639461441436,3.745685704332046e+16,3.821081419193096e+16,False,empirical_lmax_adversarial_audit_2026_08_13
esen_lmax4_w8_s100000,<CHECKPOINT_ROOT>/geometric_scaling_checkpoints_esen/esen-sphere-8-neutral-epoch/esen/run_9897808_params_878.4_thousand/dim_32_step_step=100000.ckpt,1,8,100000,878434,173332014,3.821081419193096e+16,0.0039869753879658,3.821081419193096e+16,4.662811410112864e+16,False,empirical_lmax_adversarial_audit_2026_08_13
esen_lmax4_w20_s50000,<CHECKPOINT_ROOT>/geometric_scaling_checkpoints_esen/esen-sphere-20-neutral-epoch/esen/run_9741258_params_2.1_million/dim_32_step_step=50000.ckpt,1,20,50000,2144170,86654329,4.662811410112864e+16,0.0037390382543171,4.662811410112864e+16,4.737073263593511e+16,False,empirical_lmax_adversarial_audit_2026_08_13
esen_lmax4_w10_s100000,<CHECKPOINT_ROOT>/geometric_scaling_checkpoints_esen/esen-sphere-10-neutral-epoch/esen/run_9741255_params_1.1_million/dim_32_step_step=100000.ckpt,1,10,100000,1089390,173271983,4.737073263593511e+16,0.003547296750403,4.737073263593511e+16,4.776486170530904e+16,False,empirical_lmax_adversarial_audit_2026_08_13
esen_lmax4_w8_s125000,<CHECKPOINT_ROOT>/geometric_scaling_checkpoints_esen/esen-sphere-8-neutral-epoch/esen/run_9897808_params_878.4_thousand/dim_32_step_step=125000.ckpt,1,8,125000,878434,216671114,4.776486170530904e+16,0.0033291185347446,4.776486170530904e+16,5.582170608011779e+16,False,empirical_lmax_adversarial_audit_2026_08_13
esen_lmax4_w24_s50000,<CHECKPOINT_ROOT>/geometric_scaling_checkpoints_esen/esen-sphere-24-neutral-epoch/esen/run_9721434_params_2.6_million/dim_32_step_step=50000.ckpt,1,24,50000,2566082,86683054,5.582170608011779e+16,0.0032564400120648,5.582170608011779e+16,5.731569750182585e+16,False,empirical_lmax_adversarial_audit_2026_08_13
esen_lmax4_w8_s150000,<CHECKPOINT_ROOT>/geometric_scaling_checkpoints_esen/esen-sphere-8-neutral-epoch/esen/run_9897808_params_878.4_thousand/dim_32_step_step=150000.ckpt,1,8,150000,878434,259995645,5.731569750182585e+16,0.0029461190215253,5.731569750182585e+16,6.686500691166221e+16,False,empirical_lmax_adversarial_audit_2026_08_13
esen_lmax4_w8_s175000,<CHECKPOINT_ROOT>/geometric_scaling_checkpoints_esen/esen-sphere-8-neutral-epoch/esen/run_9897808_params_878.4_thousand/dim_32_step_step=175000.ckpt,1,8,175000,878434,303313252,6.686500691166221e+16,0.0026792473271541,6.686500691166221e+16,7.49101513650794e+16,False,empirical_lmax_adversarial_audit_2026_08_13
esen_lmax4_w16_s100000,<CHECKPOINT_ROOT>/geometric_scaling_checkpoints_esen/esen-sphere-16-neutral-epoch/esen/run_9721383_params_1.7_million/dim_32_step_step=100000.ckpt,1,16,100000,1722258,173318169,7.49101513650794e+16,0.0026459735825432,7.49101513650794e+16,7.641793366393638e+16,False,empirical_lmax_adversarial_audit_2026_08_13
esen_lmax4_w8_s200000,<CHECKPOINT_ROOT>/geometric_scaling_checkpoints_esen/esen-sphere-8-neutral-epoch/esen/run_9897808_params_878.4_thousand/dim_32_step_step=200000.ckpt,1,8,200000,878434,346647268,7.641793366393638e+16,0.002492844086101,7.641793366393638e+16,8.59688829915249e+16,False,empirical_lmax_adversarial_audit_2026_08_13
esen_lmax4_w8_s225000,<CHECKPOINT_ROOT>/geometric_scaling_checkpoints_esen/esen-sphere-8-neutral-epoch/esen/run_9897808_params_878.4_thousand/dim_32_step_step=225000.ckpt,1,8,225000,878434,389972314,8.59688829915249e+16,0.0023409347771438,8.59688829915249e+16,9.326483661891688e+16,False,empirical_lmax_adversarial_audit_2026_08_13
esen_lmax4_w20_s100000,<CHECKPOINT_ROOT>/geometric_scaling_checkpoints_esen/esen-sphere-20-neutral-epoch/esen/run_9741258_params_2.1_million/dim_32_step_step=100000.ckpt,1,20,100000,2144170,173324656,9.326483661891688e+16,0.0021790023149558,9.326483661891688e+16,1.0506711183747755e+17,False,empirical_lmax_adversarial_audit_2026_08_13
esen_lmax4_w8_s275000,<CHECKPOINT_ROOT>/geometric_scaling_checkpoints_esen/esen-sphere-8-neutral-epoch/esen/run_9897808_params_878.4_thousand/dim_32_step_step=275000.ckpt,1,8,275000,878434,476605759,1.0506711183747755e+17,0.0021130583928166,1.0506711183747755e+17,1.1162431122242088e+17,False,empirical_lmax_adversarial_audit_2026_08_13
esen_lmax4_w24_s100000,<CHECKPOINT_ROOT>/geometric_scaling_checkpoints_esen/esen-sphere-24-neutral-epoch/esen/run_9721434_params_2.6_million/dim_32_step_step=100000.ckpt,1,24,100000,2566082,173336447,1.1162431122242088e+17,0.0020182388312567,1.1162431122242088e+17,1.1268708929342485e+17,False,empirical_lmax_adversarial_audit_2026_08_13
esen_lmax4_w16_s150000,<CHECKPOINT_ROOT>/geometric_scaling_checkpoints_esen/esen-sphere-16-neutral-epoch/esen/run_9721383_params_1.7_million/dim_32_step_step=150000.ckpt,1,16,150000,1722258,259964327,1.1268708929342485e+17,0.0019797162934754144,1.1268708929342485e+17,1.2416129743413701e+17,False,stage3b_2026_08_16_frozen_owner_reused
esen_lmax4_w8_s325000,<CHECKPOINT_ROOT>/geometric_scaling_checkpoints_esen/esen-sphere-8-neutral-epoch/esen/run_9897808_params_878.4_thousand/dim_32_step_step=325000.ckpt,1,8,325000,878434,563220863,1.2416129743413701e+17,0.0019471780246773,1.2416129743413701e+17,1.3371016065583917e+17,False,empirical_lmax_adversarial_audit_2026_08_13
esen_lmax4_w8_s350000,<CHECKPOINT_ROOT>/geometric_scaling_checkpoints_esen/esen-sphere-8-neutral-epoch/esen/run_9897808_params_878.4_thousand/dim_32_step_step=350000.ckpt,1,8,350000,878434,606536446,1.3371016065583917e+17,0.0018798745178881,1.3371016065583917e+17,1.3880051447755456e+17,False,empirical_lmax_adversarial_audit_2026_08_13
esen_lmax4_w40_s75000,<CHECKPOINT_ROOT>/geometric_scaling_checkpoints_esen/esen-sphere-40-neutral-epoch/esen/run_9928671_params_4.3_million/dim_32_step_step=75000.ckpt,1,40,75000,4253730,130023779,1.3880051447755456e+17,0.0018042911147106,1.3880051447755456e+17,1.3989470006137322e+17,False,empirical_lmax_adversarial_audit_2026_08_13
esen_lmax4_w20_s150000,<CHECKPOINT_ROOT>/geometric_scaling_checkpoints_esen/esen-sphere-20-neutral-epoch/esen/run_9741258_params_2.1_million/dim_32_step_step=150000.ckpt,1,20,150000,2144170,259982236,1.3989470006137322e+17,0.0016600938222114,1.3989470006137322e+17,1.498236631766153e+17,False,empirical_lmax_adversarial_audit_2026_08_13
esen_lmax4_w16_s200000,<CHECKPOINT_ROOT>/geometric_scaling_checkpoints_esen/esen-sphere-16-neutral-epoch/esen/run_9721383_params_1.7_million/dim_32_step_step=200000.ckpt,1,16,200000,1722258,346644113,1.498236631766153e+17,0.0016220254482049,1.498236631766153e+17,1.6738703951052822e+17,False,empirical_lmax_adversarial_audit_2026_08_13
esen_lmax4_w24_s150000,<CHECKPOINT_ROOT>/geometric_scaling_checkpoints_esen/esen-sphere-24-neutral-epoch/esen/run_9721434_params_2.6_million/dim_32_step_step=150000.ckpt,1,24,150000,2566082,259927917,1.6738703951052822e+17,0.0015107336276042,1.6738703951052822e+17,1.850320987719538e+17,False,empirical_lmax_adversarial_audit_2026_08_13
esen_lmax4_w40_s100000,<CHECKPOINT_ROOT>/geometric_scaling_checkpoints_esen/esen-sphere-40-neutral-epoch/esen/run_9928671_params_4.3_million/dim_32_step_step=100000.ckpt,1,40,100000,4253730,173332014,1.850320987719538e+17,0.0014520772016473,1.850320987719538e+17,1.8649009486112646e+17,False,empirical_lmax_adversarial_audit_2026_08_13
esen_lmax4_w20_s200000,<CHECKPOINT_ROOT>/geometric_scaling_checkpoints_esen/esen-sphere-20-neutral-epoch/esen/run_9741258_params_2.1_million/dim_32_step_step=200000.ckpt,1,20,200000,2144170,346575759,1.8649009486112646e+17,0.001402125713543,1.8649009486112646e+17,2.22413105528992e+17,False,empirical_lmax_adversarial_audit_2026_08_13
esen_lmax4_w32_s150000,<CHECKPOINT_ROOT>/geometric_scaling_checkpoints_esen/esen-sphere-32-neutral-epoch/esen/run_9736067_params_3.4_million/dim_32_step_step=150000.ckpt,1,32,150000,3409906,259907969,2.22413105528992e+17,0.0013179007546274,2.22413105528992e+17,2.231428238179048e+17,False,empirical_lmax_adversarial_audit_2026_08_13
esen_lmax4_w24_s200000,<CHECKPOINT_ROOT>/geometric_scaling_checkpoints_esen/esen-sphere-24-neutral-epoch/esen/run_9721434_params_2.6_million/dim_32_step_step=200000.ckpt,1,24,200000,2566082,346508604,2.231428238179048e+17,0.0012782568579038,2.231428238179048e+17,2.3129663148480614e+17,False,empirical_lmax_adversarial_audit_2026_08_13
esen_lmax4_w40_s125000,<CHECKPOINT_ROOT>/geometric_scaling_checkpoints_esen/esen-sphere-40-neutral-epoch/esen/run_9928671_params_4.3_million/dim_32_step_step=125000.ckpt,1,40,125000,4253730,216671114,2.3129663148480614e+17,0.0012586217585427,2.3129663148480614e+17,2.331154469293314e+17,False,empirical_lmax_adversarial_audit_2026_08_13
esen_lmax4_w20_s250000,<CHECKPOINT_ROOT>/geometric_scaling_checkpoints_esen/esen-sphere-20-neutral-epoch/esen/run_9741258_params_2.1_million/dim_32_step_step=250000.ckpt,1,20,250000,2144170,433224955,2.331154469293314e+17,0.0012416652423415,2.331154469293314e+17,2.6211738964840467e+17,False,empirical_lmax_adversarial_audit_2026_08_13
esen_lmax4_w16_s350000,<CHECKPOINT_ROOT>/geometric_scaling_checkpoints_esen/esen-sphere-16-neutral-epoch/esen/run_9721383_params_1.7_million/dim_32_step_step=350000.ckpt,1,16,350000,1722258,606455937,2.6211738964840467e+17,0.0011792420472759,2.6211738964840467e+17,2.775456117755479e+17,False,empirical_lmax_adversarial_audit_2026_08_13
esen_lmax4_w40_s150000,<CHECKPOINT_ROOT>/geometric_scaling_checkpoints_esen/esen-sphere-40-neutral-epoch/esen/run_9928671_params_4.3_million/dim_32_step_step=150000.ckpt,1,40,150000,4253730,259995645,2.775456117755479e+17,0.0011206995132278,2.775456117755479e+17,2.9954875397752614e+17,False,empirical_lmax_adversarial_audit_2026_08_13
esen_lmax4_w16_s400000,<CHECKPOINT_ROOT>/geometric_scaling_checkpoints_esen/esen-sphere-16-neutral-epoch/esen/run_9721383_params_1.7_million/dim_32_step_step=400000.ckpt,1,16,400000,1722258,693060161,2.9954875397752614e+17,0.0011071657874045,2.9954875397752614e+17,3.2378720068934586e+17,False,empirical_lmax_adversarial_audit_2026_08_13
esen_lmax4_w40_s175000,<CHECKPOINT_ROOT>/geometric_scaling_checkpoints_esen/esen-sphere-40-neutral-epoch/esen/run_9928671_params_4.3_million/dim_32_step_step=175000.ckpt,1,40,175000,4253730,303313252,3.2378720068934586e+17,0.0010277859893639,3.2378720068934586e+17,3.346812983455683e+17,False,empirical_lmax_adversarial_audit_2026_08_13
esen_lmax4_w24_s300000,<CHECKPOINT_ROOT>/geometric_scaling_checkpoints_esen/esen-sphere-24-neutral-epoch/esen/run_9721434_params_2.6_million/dim_32_step_step=300000.ckpt,1,24,300000,2566082,519711759,3.346812983455683e+17,0.0010254595891778,3.346812983455683e+17,3.700463062270997e+17,False,empirical_lmax_adversarial_audit_2026_08_13
esen_lmax4_w40_s200000,<CHECKPOINT_ROOT>/geometric_scaling_checkpoints_esen/esen-sphere-40-neutral-epoch/esen/run_9928671_params_4.3_million/dim_32_step_step=200000.ckpt,1,40,200000,4253730,346647268,3.700463062270997e+17,0.0009674087482055,3.700463062270997e+17,3.9047821847795846e+17,False,empirical_lmax_adversarial_audit_2026_08_13
esen_lmax4_w24_s350000,<CHECKPOINT_ROOT>/geometric_scaling_checkpoints_esen/esen-sphere-24-neutral-epoch/esen/run_9721434_params_2.6_million/dim_32_step_step=350000.ckpt,1,24,350000,2566082,606356324,3.9047821847795846e+17,0.0009632477545266,3.9047821847795846e+17,4.162958362808579e+17,False,empirical_lmax_adversarial_audit_2026_08_13
esen_lmax4_w40_s225000,<CHECKPOINT_ROOT>/geometric_scaling_checkpoints_esen/esen-sphere-40-neutral-epoch/esen/run_9928671_params_4.3_million/dim_32_step_step=225000.ckpt,1,40,225000,4253730,389972314,4.162958362808579e+17,0.0009234408150991,4.162958362808579e+17,4.44826211057984e+17,False,empirical_lmax_adversarial_audit_2026_08_13
esen_lmax4_w32_s300000,<CHECKPOINT_ROOT>/geometric_scaling_checkpoints_esen/esen-sphere-32-neutral-epoch/esen/run_9740823_params_3.4_million/dim_32_step_step=300000.ckpt,1,32,300000,3409906,519815938,4.44826211057984e+17,0.0009210995061986,4.44826211057984e+17,4.463195071890735e+17,False,empirical_lmax_adversarial_audit_2026_08_13
esen_lmax4_w24_s400000,<CHECKPOINT_ROOT>/geometric_scaling_checkpoints_esen/esen-sphere-24-neutral-epoch/esen/run_9721434_params_2.6_million/dim_32_step_step=400000.ckpt,1,24,400000,2566082,693069787,4.463195071890735e+17,0.0009050419401373,4.463195071890735e+17,4.625162897423004e+17,False,empirical_lmax_adversarial_audit_2026_08_13
esen_lmax4_w40_s250000,<CHECKPOINT_ROOT>/geometric_scaling_checkpoints_esen/esen-sphere-40-neutral-epoch/esen/run_9928671_params_4.3_million/dim_32_step_step=250000.ckpt,1,40,250000,4253730,433270122,4.625162897423004e+17,0.000874643499666,4.625162897423004e+17,5.021201379045083e+17,False,empirical_lmax_adversarial_audit_2026_08_13
esen_lmax4_w24_s450000,<CHECKPOINT_ROOT>/geometric_scaling_checkpoints_esen/esen-sphere-24-neutral-epoch/esen/run_9721434_params_2.6_million/dim_32_step_step=450000.ckpt,1,24,450000,2566082,779720114,5.021201379045083e+17,0.0008655196122349,5.021201379045083e+17,5.0877712569917984e+17,False,empirical_lmax_adversarial_audit_2026_08_13
esen_lmax4_w40_s275000,<CHECKPOINT_ROOT>/geometric_scaling_checkpoints_esen/esen-sphere-40-neutral-epoch/esen/run_9928671_params_4.3_million/dim_32_step_step=275000.ckpt,1,40,275000,4253730,476605759,5.0877712569917984e+17,0.0008361147460075,5.0877712569917984e+17,5.550244150683331e+17,False,empirical_lmax_adversarial_audit_2026_08_13
esen_lmax4_w40_s300000,<CHECKPOINT_ROOT>/geometric_scaling_checkpoints_esen/esen-sphere-40-neutral-epoch/esen/run_9928671_params_4.3_million/dim_32_step_step=300000.ckpt,1,40,300000,4253730,519928706,5.550244150683331e+17,0.0007995182703786,5.550244150683331e+17,6.012388360816084e+17,False,empirical_lmax_adversarial_audit_2026_08_13
esen_lmax4_w40_s325000,<CHECKPOINT_ROOT>/geometric_scaling_checkpoints_esen/esen-sphere-40-neutral-epoch/esen/run_9928671_params_4.3_million/dim_32_step_step=325000.ckpt,1,40,325000,4253730,563220863,6.012388360816084e+17,0.0007727222304621,6.012388360816084e+17,6.474782643733766e+17,False,empirical_lmax_adversarial_audit_2026_08_13
esen_lmax4_w40_s350000,<CHECKPOINT_ROOT>/geometric_scaling_checkpoints_esen/esen-sphere-40-neutral-epoch/esen/run_9928671_params_4.3_million/dim_32_step_step=350000.ckpt,1,40,350000,4253730,606536446,6.474782643733766e+17,0.0007472823645674,6.474782643733766e+17,6.93710682386059e+17,False,empirical_lmax_adversarial_audit_2026_08_13
esen_lmax4_w40_s375000,<CHECKPOINT_ROOT>/geometric_scaling_checkpoints_esen/esen-sphere-40-neutral-epoch/esen/run_9928671_params_4.3_million/dim_32_step_step=375000.ckpt,1,40,375000,4253730,649845462,6.93710682386059e+17,0.0007246693086998,6.93710682386059e+17,7.39985889041439e+17,False,empirical_lmax_adversarial_audit_2026_08_13
esen_lmax4_w40_s400000,<CHECKPOINT_ROOT>/geometric_scaling_checkpoints_esen/esen-sphere-40-neutral-epoch/esen/run_9928671_params_4.3_million/dim_32_step_step=400000.ckpt,1,40,400000,4253730,693194561,7.39985889041439e+17,0.0007056127015494,7.39985889041439e+17,7.861955105702054e+17,False,empirical_lmax_adversarial_audit_2026_08_13
esen_lmax4_w40_s425000,<CHECKPOINT_ROOT>/geometric_scaling_checkpoints_esen/esen-sphere-40-neutral-epoch/esen/run_9928671_params_4.3_million/dim_32_step_step=425000.ckpt,1,40,425000,4253730,736482222,7.861955105702054e+17,0.0006860078541245,7.861955105702054e+17,8.32413350789193e+17,False,empirical_lmax_adversarial_audit_2026_08_13
esen_lmax4_w40_s450000,<CHECKPOINT_ROOT>/geometric_scaling_checkpoints_esen/esen-sphere-40-neutral-epoch/esen/run_9928671_params_4.3_million/dim_32_step_step=450000.ckpt,1,40,450000,4253730,779777582,8.32413350789193e+17,0.000670959019072,8.32413350789193e+17,8.786362242754088e+17,False,empirical_lmax_adversarial_audit_2026_08_13
esen_lmax4_w40_s475000,<CHECKPOINT_ROOT>/geometric_scaling_checkpoints_esen/esen-sphere-40-neutral-epoch/esen/run_9928671_params_4.3_million/dim_32_step_step=475000.ckpt,1,40,475000,4253730,823077657,8.786362242754088e+17,0.0006551830535791,8.786362242754088e+17,9.248731097797883e+17,False,empirical_lmax_adversarial_audit_2026_08_13
esen_lmax4_w40_s500000,<CHECKPOINT_ROOT>/geometric_scaling_checkpoints_esen/esen-sphere-40-neutral-epoch/esen/run_9928671_params_4.3_million/dim_32_step_step=500000.ckpt,1,40,500000,4253730,866390858,9.248731097797883e+17,0.0006412297717711,9.248731097797883e+17,9.710851983033723e+17,False,empirical_lmax_adversarial_audit_2026_08_13
esen_lmax4_w40_s525000,<CHECKPOINT_ROOT>/geometric_scaling_checkpoints_esen/esen-sphere-40-neutral-epoch/esen/run_9928671_params_4.3_million/dim_32_step_step=525000.ckpt,1,40,525000,4253730,909680830,9.710851983033723e+17,0.000626840950674,9.710851983033723e+17,1.0328043421615299e+18,False,empirical_lmax_adversarial_audit_2026_08_13
esen_lmax4_w64_s350000,<CHECKPOINT_ROOT>/geometric_scaling_checkpoints_esen/esen-sphere-64-neutral-epoch/esen/run_9928673_params_6.8_million/dim_32_step_step=350000.ckpt,1,64,350000,6785202,606536446,1.0328043421615299e+18,0.0006214341292885,1.0328043421615299e+18,1.106550512032323e+18,False,empirical_lmax_adversarial_audit_2026_08_13
esen_lmax4_w64_s375000,<CHECKPOINT_ROOT>/geometric_scaling_checkpoints_esen/esen-sphere-64-neutral-epoch/esen/run_9928673_params_6.8_million/dim_32_step_step=375000.ckpt,1,64,375000,6785202,649845462,1.106550512032323e+18,0.0006073723225441,1.106550512032323e+18,1.180364934844419e+18,False,empirical_lmax_adversarial_audit_2026_08_13
esen_lmax4_w64_s400000,<CHECKPOINT_ROOT>/geometric_scaling_checkpoints_esen/esen-sphere-64-neutral-epoch/esen/run_9928673_params_6.8_million/dim_32_step_step=400000.ckpt,1,64,400000,6785202,693194561,1.180364934844419e+18,0.0005925694326203,1.180364934844419e+18,1.2540747416295767e+18,False,empirical_lmax_adversarial_audit_2026_08_13
esen_lmax4_w64_s425000,<CHECKPOINT_ROOT>/geometric_scaling_checkpoints_esen/esen-sphere-64-neutral-epoch/esen/run_9928673_params_6.8_million/dim_32_step_step=425000.ckpt,1,64,425000,6785202,736482222,1.2540747416295767e+18,0.0005776618714456,1.2540747416295767e+18,1.327797658196814e+18,False,empirical_lmax_adversarial_audit_2026_08_13
esen_lmax4_w64_s450000,<CHECKPOINT_ROOT>/geometric_scaling_checkpoints_esen/esen-sphere-64-neutral-epoch/esen/run_9928673_params_6.8_million/dim_32_step_step=450000.ckpt,1,64,450000,6785202,779777582,1.327797658196814e+18,0.0005634988220971,1.327797658196814e+18,1.401528603420046e+18,False,empirical_lmax_adversarial_audit_2026_08_13
esen_lmax4_w64_s475000,<CHECKPOINT_ROOT>/geometric_scaling_checkpoints_esen/esen-sphere-64-neutral-epoch/esen/run_9928673_params_6.8_million/dim_32_step_step=475000.ckpt,1,64,475000,6785202,823077657,1.401528603420046e+18,0.0005511909244114,1.401528603420046e+18,1.4752818994680056e+18,False,empirical_lmax_adversarial_audit_2026_08_13
esen_lmax4_w64_s500000,<CHECKPOINT_ROOT>/geometric_scaling_checkpoints_esen/esen-sphere-64-neutral-epoch/esen/run_9928673_params_6.8_million/dim_32_step_step=500000.ckpt,1,64,500000,6785202,866390858,1.4752818994680056e+18,0.0005410657215534,1.4752818994680056e+18,1.5489956414014144e+18,False,empirical_lmax_adversarial_audit_2026_08_13
esen_lmax4_w64_s525000,<CHECKPOINT_ROOT>/geometric_scaling_checkpoints_esen/esen-sphere-64-neutral-epoch/esen/run_9928673_params_6.8_million/dim_32_step_step=525000.ckpt,1,64,525000,6785202,909680830,1.5489956414014144e+18,0.0005303900841841,1.5489956414014144e+18,,True,empirical_lmax_adversarial_audit_2026_08_13
