l4_id,l4_width,l4_step,l4_flops,l4_force_loss_neutral,l2_id,l2_width,l2_step,l2_flops,l2_force_loss_neutral,compute_ratio_l2_over_l4,log10_compute_difference,matching_rule,valid_match,l2_is_frontier_owner,l4_is_beyond_C_common_max
esen_lmax4_w16_s500,16,500,374938517769536.3,0.0858654804381501,esen_lmax2_w16_s2000,16,2000,371997321504363.0,0.0538574582026028,0.992155523837161,-0.0034202453355439825,"nearest_realized_FLOPs_in_log10_among_evaluated_lmax2_checkpoints(609-ckpt force_eval_inventory.json; same kappa_l(width)*N*D convention as find_matched_compute_lmax2.py); tol=|log10 ratio|<=0.06 (~15%, covers all 4 historical canonical pairs, max 0.0464 at HIGH)",True,True,False
esen_lmax4_w16_s1000,16,1000,751538457555637.8,0.0553932115951806,esen_lmax2_w16_s4000,16,4000,744330809938799.5,0.0341311081174941,0.9904094759963702,-0.004185213080372221,"nearest_realized_FLOPs_in_log10_among_evaluated_lmax2_checkpoints(609-ckpt force_eval_inventory.json; same kappa_l(width)*N*D convention as find_matched_compute_lmax2.py); tol=|log10 ratio|<=0.06 (~15%, covers all 4 historical canonical pairs, max 0.0464 at HIGH)",True,True,False
esen_lmax4_w16_s1500,16,1500,1124661685921018.5,0.0423907939792023,esen_lmax2_w16_s6000,16,6000,1116735697609422.0,0.0283606858793904,0.9929525577239651,-0.003071501163128728,"nearest_realized_FLOPs_in_log10_among_evaluated_lmax2_checkpoints(609-ckpt force_eval_inventory.json; same kappa_l(width)*N*D convention as find_matched_compute_lmax2.py); tol=|log10 ratio|<=0.06 (~15%, covers all 4 historical canonical pairs, max 0.0464 at HIGH)",True,True,False
esen_lmax4_w16_s2000,16,2000,1497491874711157.0,0.036448406755137,esen_lmax2_w4_s25000,4,25000,1338247520975093.2,0.0220926712481111,0.8936592869548761,-0.04882802706428202,"nearest_realized_FLOPs_in_log10_among_evaluated_lmax2_checkpoints(609-ckpt force_eval_inventory.json; same kappa_l(width)*N*D convention as find_matched_compute_lmax2.py); tol=|log10 ratio|<=0.06 (~15%, covers all 4 historical canonical pairs, max 0.0464 at HIGH)",True,True,False
esen_lmax4_w16_s2500,16,2500,1871800659942156.5,0.0329860328631066,esen_lmax2_w16_s12000,16,12000,2232332765294401.8,0.0218366946284089,1.1926124469703876,0.07649933764626829,"nearest_realized_FLOPs_in_log10_among_evaluated_lmax2_checkpoints(609-ckpt force_eval_inventory.json; same kappa_l(width)*N*D convention as find_matched_compute_lmax2.py); tol=|log10 ratio|<=0.06 (~15%, covers all 4 historical canonical pairs, max 0.0464 at HIGH)",False,True,False
esen_lmax4_w16_s3000,16,3000,2245119248024365.5,0.0305199315045545,esen_lmax2_w16_s12000,16,12000,2232332765294401.8,0.0218366946284089,0.994304764550384,-0.002480479510164208,"nearest_realized_FLOPs_in_log10_among_evaluated_lmax2_checkpoints(609-ckpt force_eval_inventory.json; same kappa_l(width)*N*D convention as find_matched_compute_lmax2.py); tol=|log10 ratio|<=0.06 (~15%, covers all 4 historical canonical pairs, max 0.0464 at HIGH)",True,True,False
esen_lmax4_w16_s3500,16,3500,2621104582683631.5,0.0284377273465732,esen_lmax2_w16_s14000,16,14000,2604716716346894.5,0.0205680814541566,0.9937477251213082,-0.0027238525175046833,"nearest_realized_FLOPs_in_log10_among_evaluated_lmax2_checkpoints(609-ckpt force_eval_inventory.json; same kappa_l(width)*N*D convention as find_matched_compute_lmax2.py); tol=|log10 ratio|<=0.06 (~15%, covers all 4 historical canonical pairs, max 0.0464 at HIGH)",True,True,False
esen_lmax4_w16_s4000,16,4000,2996337004451936.0,0.0267202705225539,esen_lmax2_w4_s50000,4,50000,2676750352357380.5,0.0175709207991232,0.893340885347771,-0.048982789290499366,"nearest_realized_FLOPs_in_log10_among_evaluated_lmax2_checkpoints(609-ckpt force_eval_inventory.json; same kappa_l(width)*N*D convention as find_matched_compute_lmax2.py); tol=|log10 ratio|<=0.06 (~15%, covers all 4 historical canonical pairs, max 0.0464 at HIGH)",True,True,False
esen_lmax4_w16_s4500,16,4500,3370070083614760.0,0.0253706371393398,esen_lmax2_w16_s20500,16,20500,3815069267199963.0,0.0173473226260845,1.1320444894451256,0.05386349499787745,"nearest_realized_FLOPs_in_log10_among_evaluated_lmax2_checkpoints(609-ckpt force_eval_inventory.json; same kappa_l(width)*N*D convention as find_matched_compute_lmax2.py); tol=|log10 ratio|<=0.06 (~15%, covers all 4 historical canonical pairs, max 0.0464 at HIGH)",True,True,False
esen_lmax4_w16_s5000,16,5000,3745876050392425.0,0.0242997809906337,esen_lmax2_w16_s20500,16,20500,3815069267199963.0,0.0173473226260845,1.0184718383301254,0.007949024865964204,"nearest_realized_FLOPs_in_log10_among_evaluated_lmax2_checkpoints(609-ckpt force_eval_inventory.json; same kappa_l(width)*N*D convention as find_matched_compute_lmax2.py); tol=|log10 ratio|<=0.06 (~15%, covers all 4 historical canonical pairs, max 0.0464 at HIGH)",True,True,False
esen_lmax4_w16_s5500,16,5500,4119393888097328.5,0.0233603599634533,esen_lmax2_w4_s75000,4,75000,4016020319547007.5,0.015394061280352,0.9749056362760039,-0.011037418791638417,"nearest_realized_FLOPs_in_log10_among_evaluated_lmax2_checkpoints(609-ckpt force_eval_inventory.json; same kappa_l(width)*N*D convention as find_matched_compute_lmax2.py); tol=|log10 ratio|<=0.06 (~15%, covers all 4 historical canonical pairs, max 0.0464 at HIGH)",True,True,False
esen_lmax4_w16_s6000,16,6000,4495469555015039.0,0.0225289185648659,esen_lmax2_w16_s25500,16,25500,4744844937499594.0,0.0152849418304185,1.0554725995655687,0.023446963354773115,"nearest_realized_FLOPs_in_log10_among_evaluated_lmax2_checkpoints(609-ckpt force_eval_inventory.json; same kappa_l(width)*N*D convention as find_matched_compute_lmax2.py); tol=|log10 ratio|<=0.06 (~15%, covers all 4 historical canonical pairs, max 0.0464 at HIGH)",True,True,False
esen_lmax4_w16_s6500,16,6500,4867693782913600.0,0.0216951757719456,esen_lmax2_w16_s26000,16,26000,4837976920140809.0,0.0150966787925603,0.9938950837710658,-0.0026594575987784292,"nearest_realized_FLOPs_in_log10_among_evaluated_lmax2_checkpoints(609-ckpt force_eval_inventory.json; same kappa_l(width)*N*D convention as find_matched_compute_lmax2.py); tol=|log10 ratio|<=0.06 (~15%, covers all 4 historical canonical pairs, max 0.0464 at HIGH)",True,True,False
esen_lmax4_w16_s7000,16,7000,5242354388519595.0,0.020954904728569,esen_lmax2_w16_s28000,16,28000,5210071194292204.0,0.0143989391126734,0.9938418519934309,-0.002682718490980336,"nearest_realized_FLOPs_in_log10_among_evaluated_lmax2_checkpoints(609-ckpt force_eval_inventory.json; same kappa_l(width)*N*D convention as find_matched_compute_lmax2.py); tol=|log10 ratio|<=0.06 (~15%, covers all 4 historical canonical pairs, max 0.0464 at HIGH)",True,True,False
esen_lmax4_w16_s7500,16,7500,5615213535497848.0,0.0202627171717657,esen_lmax2_w16_s30000,16,30000,5582266071577894.0,0.0137105028313857,0.9941324646495331,-0.0025557435368686416,"nearest_realized_FLOPs_in_log10_among_evaluated_lmax2_checkpoints(609-ckpt force_eval_inventory.json; same kappa_l(width)*N*D convention as find_matched_compute_lmax2.py); tol=|log10 ratio|<=0.06 (~15%, covers all 4 historical canonical pairs, max 0.0464 at HIGH)",True,True,False
esen_lmax4_w16_s8000,16,8000,5988232168616608.0,0.0196055824896342,esen_lmax2_w16_s32000,16,32000,5955161842418205.0,0.0130944627394424,0.9944774475559383,-0.0024050612203558586,"nearest_realized_FLOPs_in_log10_among_evaluated_lmax2_checkpoints(609-ckpt force_eval_inventory.json; same kappa_l(width)*N*D convention as find_matched_compute_lmax2.py); tol=|log10 ratio|<=0.06 (~15%, covers all 4 historical canonical pairs, max 0.0464 at HIGH)",True,True,False
esen_lmax4_w16_s8500,16,8500,6362128191614044.0,0.0190368797310131,esen_lmax2_w16_s34000,16,34000,6327946702866065.0,0.0125494148668523,0.9946273498869398,-0.0023396028740833626,"nearest_realized_FLOPs_in_log10_among_evaluated_lmax2_checkpoints(609-ckpt force_eval_inventory.json; same kappa_l(width)*N*D convention as find_matched_compute_lmax2.py); tol=|log10 ratio|<=0.06 (~15%, covers all 4 historical canonical pairs, max 0.0464 at HIGH)",True,True,False
esen_lmax4_w16_s9000,16,9000,6733491885892682.0,0.0185028134657534,esen_lmax2_w16_s36000,16,36000,6699852010617930.0,0.0120106986652593,0.995004096560177,-0.0021751312042069914,"nearest_realized_FLOPs_in_log10_among_evaluated_lmax2_checkpoints(609-ckpt force_eval_inventory.json; same kappa_l(width)*N*D convention as find_matched_compute_lmax2.py); tol=|log10 ratio|<=0.06 (~15%, covers all 4 historical canonical pairs, max 0.0464 at HIGH)",True,True,False
esen_lmax4_w16_s9500,16,9500,7108429107026930.0,0.0180351635442259,esen_lmax2_w16_s38000,16,38000,7072282559066670.0,0.0115187761152548,0.9949149738407705,-0.0022140327915650152,"nearest_realized_FLOPs_in_log10_among_evaluated_lmax2_checkpoints(609-ckpt force_eval_inventory.json; same kappa_l(width)*N*D convention as find_matched_compute_lmax2.py); tol=|log10 ratio|<=0.06 (~15%, covers all 4 historical canonical pairs, max 0.0464 at HIGH)",True,True,False
esen_lmax4_w16_s10000,16,10000,7483910482770661.0,0.0175945007530746,esen_lmax2_w16_s40000,16,40000,7444234249480238.0,0.011048308757024,0.9946984623370676,-0.0023085534155095,"nearest_realized_FLOPs_in_log10_among_evaluated_lmax2_checkpoints(609-ckpt force_eval_inventory.json; same kappa_l(width)*N*D convention as find_matched_compute_lmax2.py); tol=|log10 ratio|<=0.06 (~15%, covers all 4 historical canonical pairs, max 0.0464 at HIGH)",True,True,False
esen_lmax4_w16_s10500,16,10500,7859286398844246.0,0.0171280736326805,esen_lmax2_w16_s42000,16,42000,7815375639088547.0,0.0106156907497644,0.9944128820954844,-0.002433258273545229,"nearest_realized_FLOPs_in_log10_among_evaluated_lmax2_checkpoints(609-ckpt force_eval_inventory.json; same kappa_l(width)*N*D convention as find_matched_compute_lmax2.py); tol=|log10 ratio|<=0.06 (~15%, covers all 4 historical canonical pairs, max 0.0464 at HIGH)",True,True,False
esen_lmax4_w16_s11000,16,11000,8233573573487101.0,0.0166942876274052,esen_lmax2_w16_s44500,16,44500,8279644179810810.0,0.0100962168638708,1.0055954569316123,0.002423302631373361,"nearest_realized_FLOPs_in_log10_among_evaluated_lmax2_checkpoints(609-ckpt force_eval_inventory.json; same kappa_l(width)*N*D convention as find_matched_compute_lmax2.py); tol=|log10 ratio|<=0.06 (~15%, covers all 4 historical canonical pairs, max 0.0464 at HIGH)",True,True,False
esen_lmax4_w16_s11500,16,11500,8610187776261378.0,0.0162625138324687,esen_lmax2_w16_s46500,16,46500,8652475100818556.0,0.009739803343672,1.0049113126979374,0.0021277352834117498,"nearest_realized_FLOPs_in_log10_among_evaluated_lmax2_checkpoints(609-ckpt force_eval_inventory.json; same kappa_l(width)*N*D convention as find_matched_compute_lmax2.py); tol=|log10 ratio|<=0.06 (~15%, covers all 4 historical canonical pairs, max 0.0464 at HIGH)",True,True,False
esen_lmax4_w16_s12000,16,12000,8986355504284586.0,0.0158309743924638,esen_lmax2_w16_s48500,16,48500,9025511630153062.0,0.0093836626249008,1.0043572865384423,0.0018882346909194195,"nearest_realized_FLOPs_in_log10_among_evaluated_lmax2_checkpoints(609-ckpt force_eval_inventory.json; same kappa_l(width)*N*D convention as find_matched_compute_lmax2.py); tol=|log10 ratio|<=0.06 (~15%, covers all 4 historical canonical pairs, max 0.0464 at HIGH)",True,True,False
esen_lmax4_w16_s12500,16,12500,9361686470334830.0,0.0154323450165454,esen_lmax2_w16_s50000,16,50000,9304792050891542.0,0.00911889731221,0.9939226313951472,-0.002647420497954153,"nearest_realized_FLOPs_in_log10_among_evaluated_lmax2_checkpoints(609-ckpt force_eval_inventory.json; same kappa_l(width)*N*D convention as find_matched_compute_lmax2.py); tol=|log10 ratio|<=0.06 (~15%, covers all 4 historical canonical pairs, max 0.0464 at HIGH)",True,True,False
esen_lmax4_w8_s25000,8,25000,9551483695195872.0,0.011699229207962,esen_lmax2_w16_s50000,16,50000,9304792050891542.0,0.00911889731221,0.9741724268002039,-0.011364166960911028,"nearest_realized_FLOPs_in_log10_among_evaluated_lmax2_checkpoints(609-ckpt force_eval_inventory.json; same kappa_l(width)*N*D convention as find_matched_compute_lmax2.py); tol=|log10 ratio|<=0.06 (~15%, covers all 4 historical canonical pairs, max 0.0464 at HIGH)",True,True,False
esen_lmax4_w16_s18000,16,18000,1.3482950538730202e+16,0.0116263247862905,esen_lmax2_w48_s25000,48,25000,1.3333312697161478e+16,0.0078434934127133,0.988901699139303,-0.004846876899435729,"nearest_realized_FLOPs_in_log10_among_evaluated_lmax2_checkpoints(609-ckpt force_eval_inventory.json; same kappa_l(width)*N*D convention as find_matched_compute_lmax2.py); tol=|log10 ratio|<=0.06 (~15%, covers all 4 historical canonical pairs, max 0.0464 at HIGH)",True,True,False
esen_lmax4_w16_s18500,16,18500,1.3856899723774472e+16,0.011313159932064,esen_lmax2_w16_s75000,16,75000,1.396029850622049e+16,0.0064739975150041,1.0074618987296715,0.0032286305110601843,"nearest_realized_FLOPs_in_log10_among_evaluated_lmax2_checkpoints(609-ckpt force_eval_inventory.json; same kappa_l(width)*N*D convention as find_matched_compute_lmax2.py); tol=|log10 ratio|<=0.06 (~15%, covers all 4 historical canonical pairs, max 0.0464 at HIGH)",True,True,False
esen_lmax4_w16_s19000,16,19000,1.4231963582955248e+16,0.0110161850391833,esen_lmax2_w16_s75000,16,75000,1.396029850622049e+16,0.0064739975150041,0.980911623673622,-0.008370119103058876,"nearest_realized_FLOPs_in_log10_among_evaluated_lmax2_checkpoints(609-ckpt force_eval_inventory.json; same kappa_l(width)*N*D convention as find_matched_compute_lmax2.py); tol=|log10 ratio|<=0.06 (~15%, covers all 4 historical canonical pairs, max 0.0464 at HIGH)",True,True,False
esen_lmax4_w16_s19500,16,19500,1.4605464564401398e+16,0.0106994099186423,esen_lmax2_w16_s75000,16,75000,1.396029850622049e+16,0.0064739975150041,0.9558270772329007,-0.01962067069086046,"nearest_realized_FLOPs_in_log10_among_evaluated_lmax2_checkpoints(609-ckpt force_eval_inventory.json; same kappa_l(width)*N*D convention as find_matched_compute_lmax2.py); tol=|log10 ratio|<=0.06 (~15%, covers all 4 historical canonical pairs, max 0.0464 at HIGH)",True,True,False
esen_lmax4_w16_s20000,16,20000,1.4981944349317416e+16,0.0103731664572734,esen_lmax2_w16_s75000,16,75000,1.396029850622049e+16,0.0064739975150041,0.931808193964926,-0.030673474851410466,"nearest_realized_FLOPs_in_log10_among_evaluated_lmax2_checkpoints(609-ckpt force_eval_inventory.json; same kappa_l(width)*N*D convention as find_matched_compute_lmax2.py); tol=|log10 ratio|<=0.06 (~15%, covers all 4 historical canonical pairs, max 0.0464 at HIGH)",True,True,False
esen_lmax4_w16_s20500,16,20500,1.5357732163201038e+16,0.0100749498584058,esen_lmax2_w16_s75000,16,75000,1.396029850622049e+16,0.0064739975150041,0.9090078116918222,-0.041432384588730706,"nearest_realized_FLOPs_in_log10_among_evaluated_lmax2_checkpoints(609-ckpt force_eval_inventory.json; same kappa_l(width)*N*D convention as find_matched_compute_lmax2.py); tol=|log10 ratio|<=0.06 (~15%, covers all 4 historical canonical pairs, max 0.0464 at HIGH)",True,True,False
esen_lmax4_w16_s21000,16,21000,1.5733252870215194e+16,0.0098124631766851,esen_lmax2_w20_s75000,20,75000,1.721684478261946e+16,0.0058615093369345,1.0942965783771816,0.03913504128164715,"nearest_realized_FLOPs_in_log10_among_evaluated_lmax2_checkpoints(609-ckpt force_eval_inventory.json; same kappa_l(width)*N*D convention as find_matched_compute_lmax2.py); tol=|log10 ratio|<=0.06 (~15%, covers all 4 historical canonical pairs, max 0.0464 at HIGH)",True,True,False
esen_lmax4_w16_s21500,16,21500,1.6107530536199264e+16,0.0095606241289173,esen_lmax2_w20_s75000,20,75000,1.721684478261946e+16,0.0058615093369345,1.068869293398338,0.028924600787384076,"nearest_realized_FLOPs_in_log10_among_evaluated_lmax2_checkpoints(609-ckpt force_eval_inventory.json; same kappa_l(width)*N*D convention as find_matched_compute_lmax2.py); tol=|log10 ratio|<=0.06 (~15%, covers all 4 historical canonical pairs, max 0.0464 at HIGH)",True,True,False
esen_lmax4_w16_s22000,16,22000,1.6480914820469434e+16,0.0093437863137964,esen_lmax2_w20_s75000,20,75000,1.721684478261946e+16,0.0058615093369345,1.0446534655488902,0.018972249338087832,"nearest_realized_FLOPs_in_log10_among_evaluated_lmax2_checkpoints(609-ckpt force_eval_inventory.json; same kappa_l(width)*N*D convention as find_matched_compute_lmax2.py); tol=|log10 ratio|<=0.06 (~15%, covers all 4 historical canonical pairs, max 0.0464 at HIGH)",True,True,False
esen_lmax4_w16_s22500,16,22500,1.6856397492848454e+16,0.0091264934614962,esen_lmax2_w20_s75000,20,75000,1.721684478261946e+16,0.0058615093369345,1.0213834118425322,0.009188800255615172,"nearest_realized_FLOPs_in_log10_among_evaluated_lmax2_checkpoints(609-ckpt force_eval_inventory.json; same kappa_l(width)*N*D convention as find_matched_compute_lmax2.py); tol=|log10 ratio|<=0.06 (~15%, covers all 4 historical canonical pairs, max 0.0464 at HIGH)",True,True,False
esen_lmax4_w16_s23000,16,23000,1.7230053638317482e+16,0.0089256719937607,esen_lmax2_w20_s75000,20,75000,1.721684478261946e+16,0.0058615093369345,0.9992333827871176,-0.00033306530840427977,"nearest_realized_FLOPs_in_log10_among_evaluated_lmax2_checkpoints(609-ckpt force_eval_inventory.json; same kappa_l(width)*N*D convention as find_matched_compute_lmax2.py); tol=|log10 ratio|<=0.06 (~15%, covers all 4 historical canonical pairs, max 0.0464 at HIGH)",True,True,False
esen_lmax4_w16_s23500,16,23500,1.7603468609622818e+16,0.0087185620024314,esen_lmax2_w12_s125000,12,125000,1.7836690622685352e+16,0.0057535382022239,1.0132486396990559,0.005716029367502836,"nearest_realized_FLOPs_in_log10_among_evaluated_lmax2_checkpoints(609-ckpt force_eval_inventory.json; same kappa_l(width)*N*D convention as find_matched_compute_lmax2.py); tol=|log10 ratio|<=0.06 (~15%, covers all 4 historical canonical pairs, max 0.0464 at HIGH)",True,True,False
esen_lmax4_w16_s24000,16,24000,1.7976237856554388e+16,0.0085161862942346,esen_lmax2_w12_s125000,12,125000,1.7836690622685352e+16,0.0057535382022239,0.992237127980694,-0.0033845263670985747,"nearest_realized_FLOPs_in_log10_among_evaluated_lmax2_checkpoints(609-ckpt force_eval_inventory.json; same kappa_l(width)*N*D convention as find_matched_compute_lmax2.py); tol=|log10 ratio|<=0.06 (~15%, covers all 4 historical canonical pairs, max 0.0464 at HIGH)",True,True,False
esen_lmax4_w16_s24500,16,24500,1.8352342913871976e+16,0.0083280059681182,esen_lmax2_w16_s100000,16,100000,1.861018557324341e+16,0.005175119704555,1.0140495772437064,0.0060591883277204646,"nearest_realized_FLOPs_in_log10_among_evaluated_lmax2_checkpoints(609-ckpt force_eval_inventory.json; same kappa_l(width)*N*D convention as find_matched_compute_lmax2.py); tol=|log10 ratio|<=0.06 (~15%, covers all 4 historical canonical pairs, max 0.0464 at HIGH)",True,True,False
esen_lmax4_w16_s25000,16,25000,1.872664219044419e+16,0.0081481467757705,esen_lmax2_w16_s100000,16,100000,1.861018557324341e+16,0.005175119704555,0.9937812333884283,-0.002709208750481839,"nearest_realized_FLOPs_in_log10_among_evaluated_lmax2_checkpoints(609-ckpt force_eval_inventory.json; same kappa_l(width)*N*D convention as find_matched_compute_lmax2.py); tol=|log10 ratio|<=0.06 (~15%, covers all 4 historical canonical pairs, max 0.0464 at HIGH)",True,True,False
esen_lmax4_w16_s25500,16,25500,1.9100585756735544e+16,0.0079845704289376,esen_lmax2_w16_s100000,16,100000,1.861018557324341e+16,0.005175119704555,0.9743253851092392,-0.01129598217845379,"nearest_realized_FLOPs_in_log10_among_evaluated_lmax2_checkpoints(609-ckpt force_eval_inventory.json; same kappa_l(width)*N*D convention as find_matched_compute_lmax2.py); tol=|log10 ratio|<=0.06 (~15%, covers all 4 historical canonical pairs, max 0.0464 at HIGH)",True,True,False
esen_lmax4_w8_s50000,8,50000,1.9104789619204656e+16,0.0070184656575738,esen_lmax2_w16_s100000,16,100000,1.861018557324341e+16,0.005175119704555,0.9741109922789174,-0.011391555864743656,"nearest_realized_FLOPs_in_log10_among_evaluated_lmax2_checkpoints(609-ckpt force_eval_inventory.json; same kappa_l(width)*N*D convention as find_matched_compute_lmax2.py); tol=|log10 ratio|<=0.06 (~15%, covers all 4 historical canonical pairs, max 0.0464 at HIGH)",True,True,False
esen_lmax4_w4_s100000,4,100000,2.029522048725557e+16,0.0065441228689703,esen_lmax2_w12_s150000,12,150000,2.1403230903730572e+16,0.005043996951753,1.0545946478960788,0.023085562941683044,"nearest_realized_FLOPs_in_log10_among_evaluated_lmax2_checkpoints(609-ckpt force_eval_inventory.json; same kappa_l(width)*N*D convention as find_matched_compute_lmax2.py); tol=|log10 ratio|<=0.06 (~15%, covers all 4 historical canonical pairs, max 0.0464 at HIGH)",True,True,False
esen_lmax4_w16_s32000,16,32000,2.397277065207738e+16,0.0065193492958863,esen_lmax2_w16_s125000,16,125000,2.3263386531130812e+16,0.0044114082778387,0.9704087553649083,-0.013045293768118466,"nearest_realized_FLOPs_in_log10_among_evaluated_lmax2_checkpoints(609-ckpt force_eval_inventory.json; same kappa_l(width)*N*D convention as find_matched_compute_lmax2.py); tol=|log10 ratio|<=0.06 (~15%, covers all 4 historical canonical pairs, max 0.0464 at HIGH)",True,True,False
esen_lmax4_w10_s50000,10,50000,2.3989785957410084e+16,0.006056270889016389,esen_lmax2_w16_s125000,16,125000,2.3263386531130812e+16,0.0044114082778387,0.9697204707216281,-0.013353436371277463,"nearest_realized_FLOPs_in_log10_among_evaluated_lmax2_checkpoints(609-ckpt force_eval_inventory.json; same kappa_l(width)*N*D convention as find_matched_compute_lmax2.py); tol=|log10 ratio|<=0.06 (~15%, covers all 4 historical canonical pairs, max 0.0464 at HIGH)",True,True,False
esen_lmax4_w16_s35000,16,35000,2.6221289245616908e+16,0.0059836699714584,esen_lmax2_w48_s50000,48,50000,2.6669169119187452e+16,0.0040504945724784,1.0170807723973911,0.007355444184813962,"nearest_realized_FLOPs_in_log10_among_evaluated_lmax2_checkpoints(609-ckpt force_eval_inventory.json; same kappa_l(width)*N*D convention as find_matched_compute_lmax2.py); tol=|log10 ratio|<=0.06 (~15%, covers all 4 historical canonical pairs, max 0.0464 at HIGH)",True,True,False
esen_lmax4_w16_s35500,16,35500,2.6595572098142132e+16,0.0059007574594687,esen_lmax2_w48_s50000,48,50000,2.6669169119187452e+16,0.0040504945724784,1.0027672659483968,0.0012001485310790098,"nearest_realized_FLOPs_in_log10_among_evaluated_lmax2_checkpoints(609-ckpt force_eval_inventory.json; same kappa_l(width)*N*D convention as find_matched_compute_lmax2.py); tol=|log10 ratio|<=0.06 (~15%, covers all 4 historical canonical pairs, max 0.0464 at HIGH)",True,True,False
esen_lmax4_w16_s36000,16,36000,2.697055426929972e+16,0.0058186695472483,esen_lmax2_w48_s50000,48,50000,2.6669169119187452e+16,0.0040504945724784,0.9888254002085775,-0.004880386279588941,"nearest_realized_FLOPs_in_log10_among_evaluated_lmax2_checkpoints(609-ckpt force_eval_inventory.json; same kappa_l(width)*N*D convention as find_matched_compute_lmax2.py); tol=|log10 ratio|<=0.06 (~15%, covers all 4 historical canonical pairs, max 0.0464 at HIGH)",True,True,False
esen_lmax4_w16_s36500,16,36500,2.734263024856361e+16,0.0057418877943811,esen_lmax2_w16_s150000,16,150000,2.7915023255225744e+16,0.0039370310441125,1.0209340872278447,0.00899770440104862,"nearest_realized_FLOPs_in_log10_among_evaluated_lmax2_checkpoints(609-ckpt force_eval_inventory.json; same kappa_l(width)*N*D convention as find_matched_compute_lmax2.py); tol=|log10 ratio|<=0.06 (~15%, covers all 4 historical canonical pairs, max 0.0464 at HIGH)",True,True,False
esen_lmax4_w16_s37000,16,37000,2.771943203124298e+16,0.0056666454807618,esen_lmax2_w16_s150000,16,150000,2.7915023255225744e+16,0.0039370310441125,1.0070561050371563,0.0030536666105096723,"nearest_realized_FLOPs_in_log10_among_evaluated_lmax2_checkpoints(609-ckpt force_eval_inventory.json; same kappa_l(width)*N*D convention as find_matched_compute_lmax2.py); tol=|log10 ratio|<=0.06 (~15%, covers all 4 historical canonical pairs, max 0.0464 at HIGH)",True,True,False
esen_lmax4_w16_s37500,16,37500,2.8096180219663756e+16,0.0055978492691582,esen_lmax2_w16_s150000,16,150000,2.7915023255225744e+16,0.0039370310441125,0.9935522564625626,-0.0028092859809361235,"nearest_realized_FLOPs_in_log10_among_evaluated_lmax2_checkpoints(609-ckpt force_eval_inventory.json; same kappa_l(width)*N*D convention as find_matched_compute_lmax2.py); tol=|log10 ratio|<=0.06 (~15%, covers all 4 historical canonical pairs, max 0.0464 at HIGH)",True,True,False
esen_lmax4_w16_s38000,16,38000,2.8469790118474156e+16,0.0055341296606467,esen_lmax2_w20_s125000,20,125000,2.8690082439576276e+16,0.0037854914745528,1.0077377571167683,0.0033475306663907993,"nearest_realized_FLOPs_in_log10_among_evaluated_lmax2_checkpoints(609-ckpt force_eval_inventory.json; same kappa_l(width)*N*D convention as find_matched_compute_lmax2.py); tol=|log10 ratio|<=0.06 (~15%, covers all 4 historical canonical pairs, max 0.0464 at HIGH)",True,True,False
esen_lmax4_w8_s75000,8,75000,2.86635708271508e+16,0.0050666550842869,esen_lmax2_w20_s125000,20,125000,2.8690082439576276e+16,0.0037854914745528,1.000924923575829,0.00040150355372356135,"nearest_realized_FLOPs_in_log10_among_evaluated_lmax2_checkpoints(609-ckpt force_eval_inventory.json; same kappa_l(width)*N*D convention as find_matched_compute_lmax2.py); tol=|log10 ratio|<=0.06 (~15%, covers all 4 historical canonical pairs, max 0.0464 at HIGH)",True,True,False
esen_lmax4_w4_s150000,4,150000,3.044672799278153e+16,0.0049569270005325,esen_lmax2_w20_s125000,20,125000,2.8690082439576276e+16,0.0037854914745528,0.9423042911664686,-0.025808831140482,"nearest_realized_FLOPs_in_log10_among_evaluated_lmax2_checkpoints(609-ckpt force_eval_inventory.json; same kappa_l(width)*N*D convention as find_matched_compute_lmax2.py); tol=|log10 ratio|<=0.06 (~15%, covers all 4 historical canonical pairs, max 0.0464 at HIGH)",True,True,False
esen_lmax4_w16_s43500,16,43500,3.2582419460270428e+16,0.00492989099276,esen_lmax2_w16_s175000,16,175000,3.256591656832616e+16,0.0035615182434588,0.999493503176939,-0.0002200245009172196,"nearest_realized_FLOPs_in_log10_among_evaluated_lmax2_checkpoints(609-ckpt force_eval_inventory.json; same kappa_l(width)*N*D convention as find_matched_compute_lmax2.py); tol=|log10 ratio|<=0.06 (~15%, covers all 4 historical canonical pairs, max 0.0464 at HIGH)",True,True,False
esen_lmax4_w16_s44000,16,44000,3.2954677832898256e+16,0.0048885323520879,esen_lmax2_w16_s175000,16,175000,3.256591656832616e+16,0.0035615182434588,0.9882031538422749,-0.005153764397106903,"nearest_realized_FLOPs_in_log10_among_evaluated_lmax2_checkpoints(609-ckpt force_eval_inventory.json; same kappa_l(width)*N*D convention as find_matched_compute_lmax2.py); tol=|log10 ratio|<=0.06 (~15%, covers all 4 historical canonical pairs, max 0.0464 at HIGH)",True,True,False
esen_lmax4_w16_s44500,16,44500,3.333007838504233e+16,0.0048482718118106,esen_lmax2_w16_s175000,16,175000,3.256591656832616e+16,0.0035615182434588,0.9770729067034206,-0.01007302911883764,"nearest_realized_FLOPs_in_log10_among_evaluated_lmax2_checkpoints(609-ckpt force_eval_inventory.json; same kappa_l(width)*N*D convention as find_matched_compute_lmax2.py); tol=|log10 ratio|<=0.06 (~15%, covers all 4 historical canonical pairs, max 0.0464 at HIGH)",True,True,False
esen_lmax4_w16_s45000,16,45000,3.370506228504697e+16,0.0048086626346166,esen_lmax2_w20_s150000,20,150000,3.4426815606720916e+16,0.0033537269864735,1.0214137958141127,0.009201719395260785,"nearest_realized_FLOPs_in_log10_among_evaluated_lmax2_checkpoints(609-ckpt force_eval_inventory.json; same kappa_l(width)*N*D convention as find_matched_compute_lmax2.py); tol=|log10 ratio|<=0.06 (~15%, covers all 4 historical canonical pairs, max 0.0464 at HIGH)",True,True,False
esen_lmax4_w16_s45500,16,45500,3.408259450560563e+16,0.0047675783952763,esen_lmax2_w20_s150000,20,150000,3.4426815606720916e+16,0.0033537269864735,1.0100996155400865,0.004364205808423536,"nearest_realized_FLOPs_in_log10_among_evaluated_lmax2_checkpoints(609-ckpt force_eval_inventory.json; same kappa_l(width)*N*D convention as find_matched_compute_lmax2.py); tol=|log10 ratio|<=0.06 (~15%, covers all 4 historical canonical pairs, max 0.0464 at HIGH)",True,True,False
esen_lmax4_w16_s46000,16,46000,3.4456132225051628e+16,0.004728083080568,esen_lmax2_w20_s150000,20,150000,3.4426815606720916e+16,0.0033537269864735,0.9991491610799718,-0.00036967193590292104,"nearest_realized_FLOPs_in_log10_among_evaluated_lmax2_checkpoints(609-ckpt force_eval_inventory.json; same kappa_l(width)*N*D convention as find_matched_compute_lmax2.py); tol=|log10 ratio|<=0.06 (~15%, covers all 4 historical canonical pairs, max 0.0464 at HIGH)",True,True,False
esen_lmax4_w16_s46500,16,46500,3.4830925951880596e+16,0.0046905340204998,esen_lmax2_w20_s150000,20,150000,3.4426815606720916e+16,0.0033537269864735,0.9883979442373148,-0.005068166555387975,"nearest_realized_FLOPs_in_log10_among_evaluated_lmax2_checkpoints(609-ckpt force_eval_inventory.json; same kappa_l(width)*N*D convention as find_matched_compute_lmax2.py); tol=|log10 ratio|<=0.06 (~15%, covers all 4 historical canonical pairs, max 0.0464 at HIGH)",True,True,False
esen_lmax4_w16_s47000,16,47000,3.5205736534968316e+16,0.0046543918743121,esen_lmax2_w20_s150000,20,150000,3.4426815606720916e+16,0.0033537269864735,0.9778751702162591,-0.009716581149369371,"nearest_realized_FLOPs_in_log10_among_evaluated_lmax2_checkpoints(609-ckpt force_eval_inventory.json; same kappa_l(width)*N*D convention as find_matched_compute_lmax2.py); tol=|log10 ratio|<=0.06 (~15%, covers all 4 historical canonical pairs, max 0.0464 at HIGH)",True,True,False
esen_lmax4_w16_s47500,16,47500,3.5581915500497356e+16,0.0046187096950423,esen_lmax2_w20_s150000,20,150000,3.4426815606720916e+16,0.0033537269864735,0.9675368827807965,-0.014332470564484405,"nearest_realized_FLOPs_in_log10_among_evaluated_lmax2_checkpoints(609-ckpt force_eval_inventory.json; same kappa_l(width)*N*D convention as find_matched_compute_lmax2.py); tol=|log10 ratio|<=0.06 (~15%, covers all 4 historical canonical pairs, max 0.0464 at HIGH)",True,True,False
esen_lmax4_w16_s48000,16,48000,3.5957269373771036e+16,0.0045874460903655,esen_lmax2_w16_s200000,16,200000,3.7218571671000376e+16,0.0032878898207972,1.0350778109460501,0.014972998676315206,"nearest_realized_FLOPs_in_log10_among_evaluated_lmax2_checkpoints(609-ckpt force_eval_inventory.json; same kappa_l(width)*N*D convention as find_matched_compute_lmax2.py); tol=|log10 ratio|<=0.06 (~15%, covers all 4 historical canonical pairs, max 0.0464 at HIGH)",True,True,False
esen_lmax4_w16_s48500,16,48500,3.633260120424481e+16,0.0045575649456637,esen_lmax2_w16_s200000,16,200000,3.7218571671000376e+16,0.0032878898207972,1.0243849996254069,0.010463210339530002,"nearest_realized_FLOPs_in_log10_among_evaluated_lmax2_checkpoints(609-ckpt force_eval_inventory.json; same kappa_l(width)*N*D convention as find_matched_compute_lmax2.py); tol=|log10 ratio|<=0.06 (~15%, covers all 4 historical canonical pairs, max 0.0464 at HIGH)",True,True,False
esen_lmax4_w16_s49000,16,49000,3.670691387938167e+16,0.0045249863945385,esen_lmax2_w16_s200000,16,200000,3.7218571671000376e+16,0.0032878898207972,1.0139390032433673,0.006011829404007699,"nearest_realized_FLOPs_in_log10_among_evaluated_lmax2_checkpoints(609-ckpt force_eval_inventory.json; same kappa_l(width)*N*D convention as find_matched_compute_lmax2.py); tol=|log10 ratio|<=0.06 (~15%, covers all 4 historical canonical pairs, max 0.0464 at HIGH)",True,True,False
esen_lmax4_w16_s49500,16,49500,3.708068023885024e+16,0.0044938367994797,esen_lmax2_w16_s200000,16,200000,3.7218571671000376e+16,0.0032878898207972,1.003718686692421,0.0016120096851746659,"nearest_realized_FLOPs_in_log10_among_evaluated_lmax2_checkpoints(609-ckpt force_eval_inventory.json; same kappa_l(width)*N*D convention as find_matched_compute_lmax2.py); tol=|log10 ratio|<=0.06 (~15%, covers all 4 historical canonical pairs, max 0.0464 at HIGH)",True,True,False
esen_lmax4_w16_s50000,16,50000,3.745685704332046e+16,0.0044639461441436,esen_lmax2_w16_s200000,16,200000,3.7218571671000376e+16,0.0032878898207972,0.9936384045237832,-0.002771631186786064,"nearest_realized_FLOPs_in_log10_among_evaluated_lmax2_checkpoints(609-ckpt force_eval_inventory.json; same kappa_l(width)*N*D convention as find_matched_compute_lmax2.py); tol=|log10 ratio|<=0.06 (~15%, covers all 4 historical canonical pairs, max 0.0464 at HIGH)",True,True,False
esen_lmax4_w8_s100000,8,100000,3.821081419193096e+16,0.0039869753879658,esen_lmax2_w16_s200000,16,200000,3.7218571671000376e+16,0.0032878898207972,0.9740324161650521,-0.01142658939721534,"nearest_realized_FLOPs_in_log10_among_evaluated_lmax2_checkpoints(609-ckpt force_eval_inventory.json; same kappa_l(width)*N*D convention as find_matched_compute_lmax2.py); tol=|log10 ratio|<=0.06 (~15%, covers all 4 historical canonical pairs, max 0.0464 at HIGH)",True,True,False
esen_lmax4_w20_s50000,20,50000,4.662811410112864e+16,0.0037390382543171,esen_lmax2_w20_s200000,20,200000,4.590062105082402e+16,0.0027933543204589,0.9843979739620862,-0.006829288811160712,"nearest_realized_FLOPs_in_log10_among_evaluated_lmax2_checkpoints(609-ckpt force_eval_inventory.json; same kappa_l(width)*N*D convention as find_matched_compute_lmax2.py); tol=|log10 ratio|<=0.06 (~15%, covers all 4 historical canonical pairs, max 0.0464 at HIGH)",True,True,False
esen_lmax4_w10_s100000,10,100000,4.737073263593511e+16,0.003547296750403,esen_lmax2_w20_s200000,20,200000,4.590062105082402e+16,0.0027933543204589,0.96896582545156,-0.01369153985277927,"nearest_realized_FLOPs_in_log10_among_evaluated_lmax2_checkpoints(609-ckpt force_eval_inventory.json; same kappa_l(width)*N*D convention as find_matched_compute_lmax2.py); tol=|log10 ratio|<=0.06 (~15%, covers all 4 historical canonical pairs, max 0.0464 at HIGH)",True,True,False
esen_lmax4_w8_s125000,8,125000,4.776486170530904e+16,0.0033291185347446,esen_lmax2_w20_s200000,20,200000,4.590062105082402e+16,0.0027933543204589,0.9609704584515145,-0.017289962933633475,"nearest_realized_FLOPs_in_log10_among_evaluated_lmax2_checkpoints(609-ckpt force_eval_inventory.json; same kappa_l(width)*N*D convention as find_matched_compute_lmax2.py); tol=|log10 ratio|<=0.06 (~15%, covers all 4 historical canonical pairs, max 0.0464 at HIGH)",True,True,False
esen_lmax4_w24_s50000,24,50000,5.582170608011779e+16,0.0032564400120648,esen_lmax2_w20_s250000,20,250000,5.7370617103972936e+16,0.0024302432274039,1.0277474683706742,0.011886415664987158,"nearest_realized_FLOPs_in_log10_among_evaluated_lmax2_checkpoints(609-ckpt force_eval_inventory.json; same kappa_l(width)*N*D convention as find_matched_compute_lmax2.py); tol=|log10 ratio|<=0.06 (~15%, covers all 4 historical canonical pairs, max 0.0464 at HIGH)",True,True,False
esen_lmax4_w8_s150000,8,150000,5.731569750182585e+16,0.0029461190215253,esen_lmax2_w20_s250000,20,250000,5.7370617103972936e+16,0.0024302432274039,1.0009581947798043,0.0004159394617559124,"nearest_realized_FLOPs_in_log10_among_evaluated_lmax2_checkpoints(609-ckpt force_eval_inventory.json; same kappa_l(width)*N*D convention as find_matched_compute_lmax2.py); tol=|log10 ratio|<=0.06 (~15%, covers all 4 historical canonical pairs, max 0.0464 at HIGH)",True,True,False
esen_lmax4_w8_s175000,8,175000,6.686500691166221e+16,0.0026792473271541,esen_lmax2_w48_s125000,48,125000,6.66769537986945e+16,0.0021929915534289,0.9971875705746033,-0.0012231433897891626,"nearest_realized_FLOPs_in_log10_among_evaluated_lmax2_checkpoints(609-ckpt force_eval_inventory.json; same kappa_l(width)*N*D convention as find_matched_compute_lmax2.py); tol=|log10 ratio|<=0.06 (~15%, covers all 4 historical canonical pairs, max 0.0464 at HIGH)",True,True,False
esen_lmax4_w16_s100000,16,100000,7.49101513650794e+16,0.0026459735825432,esen_lmax2_w32_s200000,32,200000,7.194676919029494e+16,0.0020708707025642,0.9604408465236945,-0.017529378141644156,"nearest_realized_FLOPs_in_log10_among_evaluated_lmax2_checkpoints(609-ckpt force_eval_inventory.json; same kappa_l(width)*N*D convention as find_matched_compute_lmax2.py); tol=|log10 ratio|<=0.06 (~15%, covers all 4 historical canonical pairs, max 0.0464 at HIGH)",True,True,False
esen_lmax4_w8_s200000,8,200000,7.641793366393638e+16,0.002492844086101,esen_lmax2_w48_s150000,48,150000,8.000936206718712e+16,0.0019766335219098,1.046997193342662,0.019945517478815383,"nearest_realized_FLOPs_in_log10_among_evaluated_lmax2_checkpoints(609-ckpt force_eval_inventory.json; same kappa_l(width)*N*D convention as find_matched_compute_lmax2.py); tol=|log10 ratio|<=0.06 (~15%, covers all 4 historical canonical pairs, max 0.0464 at HIGH)",True,True,False
esen_lmax4_w8_s225000,8,225000,8.59688829915249e+16,0.0023409347771438,esen_lmax2_w64_s125000,64,125000,8.838373743247635e+16,0.001853846623819,1.0280898664367841,0.012031078464502604,"nearest_realized_FLOPs_in_log10_among_evaluated_lmax2_checkpoints(609-ckpt force_eval_inventory.json; same kappa_l(width)*N*D convention as find_matched_compute_lmax2.py); tol=|log10 ratio|<=0.06 (~15%, covers all 4 historical canonical pairs, max 0.0464 at HIGH)",True,True,False
esen_lmax4_w20_s100000,20,100000,9.326483661891688e+16,0.0021790023149558,esen_lmax2_w48_s175000,48,175000,9.333963958913222e+16,0.0018007653928476,1.000802049013617,0.0003481858484293044,"nearest_realized_FLOPs_in_log10_among_evaluated_lmax2_checkpoints(609-ckpt force_eval_inventory.json; same kappa_l(width)*N*D convention as find_matched_compute_lmax2.py); tol=|log10 ratio|<=0.06 (~15%, covers all 4 historical canonical pairs, max 0.0464 at HIGH)",True,True,False
esen_lmax4_w8_s275000,8,275000,1.0506711183747755e+17,0.0021130583928166,esen_lmax2_w64_s150000,64,150000,1.060565314731678e+17,0.0016725377409673,1.0094170251602683,0.004070625413323336,"nearest_realized_FLOPs_in_log10_among_evaluated_lmax2_checkpoints(609-ckpt force_eval_inventory.json; same kappa_l(width)*N*D convention as find_matched_compute_lmax2.py); tol=|log10 ratio|<=0.06 (~15%, covers all 4 historical canonical pairs, max 0.0464 at HIGH)",True,True,False
esen_lmax4_w24_s100000,24,100000,1.1162431122242088e+17,0.0020182388312567,esen_lmax2_w32_s300000,32,300000,1.079113959899742e+17,0.0016388850515871,0.9667373962554773,-0.014691481289941187,"nearest_realized_FLOPs_in_log10_among_evaluated_lmax2_checkpoints(609-ckpt force_eval_inventory.json; same kappa_l(width)*N*D convention as find_matched_compute_lmax2.py); tol=|log10 ratio|<=0.06 (~15%, covers all 4 historical canonical pairs, max 0.0464 at HIGH)",True,True,False
esen_lmax4_w16_s150000,16,150000,1.1268708929342485e+17,0.0019797162934754144,esen_lmax2_w32_s325000,32,325000,1.168966992505469e+17,0.0015696152481292,1.03735663050237,0.0159280871825084,"nearest_realized_FLOPs_in_log10_among_evaluated_lmax2_checkpoints(609-ckpt force_eval_inventory.json; same kappa_l(width)*N*D convention as find_matched_compute_lmax2.py); tol=|log10 ratio|<=0.06 (~15%, covers all 4 historical canonical pairs, max 0.0464 at HIGH)",True,True,False
esen_lmax4_w8_s325000,8,325000,1.2416129743413701e+17,0.0019471780246773,esen_lmax2_w64_s175000,64,175000,1.2372650109953526e+17,0.0015303718497752,0.9964981331253212,-0.001523510585300787,"nearest_realized_FLOPs_in_log10_among_evaluated_lmax2_checkpoints(609-ckpt force_eval_inventory.json; same kappa_l(width)*N*D convention as find_matched_compute_lmax2.py); tol=|log10 ratio|<=0.06 (~15%, covers all 4 historical canonical pairs, max 0.0464 at HIGH)",True,True,False
esen_lmax4_w8_s350000,8,350000,1.3371016065583917e+17,0.0018798745178881,esen_lmax2_w48_s250000,48,250000,1.333317181677883e+17,0.0015034393222682,0.997169680402786,-0.0012309349756717384,"nearest_realized_FLOPs_in_log10_among_evaluated_lmax2_checkpoints(609-ckpt force_eval_inventory.json; same kappa_l(width)*N*D convention as find_matched_compute_lmax2.py); tol=|log10 ratio|<=0.06 (~15%, covers all 4 historical canonical pairs, max 0.0464 at HIGH)",True,True,False
esen_lmax4_w40_s75000,40,75000,1.3880051447755456e+17,0.0018042911147106,esen_lmax2_w64_s200000,64,200000,1.4140316422888406e+17,0.0014302538178354,1.0187510093973777,0.008068052055266419,"nearest_realized_FLOPs_in_log10_among_evaluated_lmax2_checkpoints(609-ckpt force_eval_inventory.json; same kappa_l(width)*N*D convention as find_matched_compute_lmax2.py); tol=|log10 ratio|<=0.06 (~15%, covers all 4 historical canonical pairs, max 0.0464 at HIGH)",True,True,False
esen_lmax4_w20_s150000,20,150000,1.3989470006137322e+17,0.0016600938222114,esen_lmax2_w64_s200000,64,200000,1.4140316422888406e+17,0.0014302538178354,1.0107828542957602,0.004657866461278173,"nearest_realized_FLOPs_in_log10_among_evaluated_lmax2_checkpoints(609-ckpt force_eval_inventory.json; same kappa_l(width)*N*D convention as find_matched_compute_lmax2.py); tol=|log10 ratio|<=0.06 (~15%, covers all 4 historical canonical pairs, max 0.0464 at HIGH)",True,True,False
esen_lmax4_w16_s200000,16,200000,1.498236631766153e+17,0.0016220254482049,esen_lmax2_w32_s425000,32,425000,1.5285715864632045e+17,0.0013644138666729,1.0202471051994584,0.008705371200579307,"nearest_realized_FLOPs_in_log10_among_evaluated_lmax2_checkpoints(609-ckpt force_eval_inventory.json; same kappa_l(width)*N*D convention as find_matched_compute_lmax2.py); tol=|log10 ratio|<=0.06 (~15%, covers all 4 historical canonical pairs, max 0.0464 at HIGH)",True,True,False
esen_lmax4_w24_s150000,24,150000,1.6738703951052822e+17,0.0015107336276042,esen_lmax2_w32_s475000,32,475000,1.7083007333514525e+17,0.0012906158668014,1.020569297567393,0.008842499036751305,"nearest_realized_FLOPs_in_log10_among_evaluated_lmax2_checkpoints(609-ckpt force_eval_inventory.json; same kappa_l(width)*N*D convention as find_matched_compute_lmax2.py); tol=|log10 ratio|<=0.06 (~15%, covers all 4 historical canonical pairs, max 0.0464 at HIGH)",True,True,False
esen_lmax4_w40_s100000,40,100000,1.850320987719538e+17,0.0014520772016473,esen_lmax2_w32_s525000,32,525000,1.8880459404874333e+17,0.0012351000270688,1.0203883288457913,0.008765482526092255,"nearest_realized_FLOPs_in_log10_among_evaluated_lmax2_checkpoints(609-ckpt force_eval_inventory.json; same kappa_l(width)*N*D convention as find_matched_compute_lmax2.py); tol=|log10 ratio|<=0.06 (~15%, covers all 4 historical canonical pairs, max 0.0464 at HIGH)",True,True,False
esen_lmax4_w20_s200000,20,200000,1.8649009486112646e+17,0.001402125713543,esen_lmax2_w32_s525000,32,525000,1.8880459404874333e+17,0.0012351000270688,1.012410842459705,0.0053567876075178425,"nearest_realized_FLOPs_in_log10_among_evaluated_lmax2_checkpoints(609-ckpt force_eval_inventory.json; same kappa_l(width)*N*D convention as find_matched_compute_lmax2.py); tol=|log10 ratio|<=0.06 (~15%, covers all 4 historical canonical pairs, max 0.0464 at HIGH)",True,True,False
esen_lmax4_w32_s150000,32,150000,2.22413105528992e+17,0.0013179007546274,esen_lmax2_w64_s300000,64,300000,2.120874930429049e+17,0.0011763691939828016,0.9535746220460865,-0.02064531554428105,"nearest_realized_FLOPs_in_log10_among_evaluated_lmax2_checkpoints(609-ckpt force_eval_inventory.json; same kappa_l(width)*N*D convention as find_matched_compute_lmax2.py); tol=|log10 ratio|<=0.06 (~15%, covers all 4 historical canonical pairs, max 0.0464 at HIGH)",True,True,False
esen_lmax4_w24_s200000,24,200000,2.231428238179048e+17,0.0012782568579038,esen_lmax2_w64_s300000,64,300000,2.120874930429049e+17,0.0011763691939828016,0.950456256733483,-0.02206786606463618,"nearest_realized_FLOPs_in_log10_among_evaluated_lmax2_checkpoints(609-ckpt force_eval_inventory.json; same kappa_l(width)*N*D convention as find_matched_compute_lmax2.py); tol=|log10 ratio|<=0.06 (~15%, covers all 4 historical canonical pairs, max 0.0464 at HIGH)",True,True,False
esen_lmax4_w40_s125000,40,125000,2.3129663148480614e+17,0.0012586217585427,esen_lmax2_w64_s300000,64,300000,2.120874930429049e+17,0.0011763691939828016,0.9169502023501666,-0.03765424931556032,"nearest_realized_FLOPs_in_log10_among_evaluated_lmax2_checkpoints(609-ckpt force_eval_inventory.json; same kappa_l(width)*N*D convention as find_matched_compute_lmax2.py); tol=|log10 ratio|<=0.06 (~15%, covers all 4 historical canonical pairs, max 0.0464 at HIGH)",True,True,False
esen_lmax4_w20_s250000,20,250000,2.331154469293314e+17,0.0012416652423415,esen_lmax2_w64_s300000,64,300000,2.120874930429049e+17,0.0011763691939828016,0.909795965203451,-0.04105599352690601,"nearest_realized_FLOPs_in_log10_among_evaluated_lmax2_checkpoints(609-ckpt force_eval_inventory.json; same kappa_l(width)*N*D convention as find_matched_compute_lmax2.py); tol=|log10 ratio|<=0.06 (~15%, covers all 4 historical canonical pairs, max 0.0464 at HIGH)",True,True,False
esen_lmax4_w16_s350000,16,350000,2.6211738964840467e+17,0.0011792420472759,esen_lmax2_w64_s400000,64,400000,2.8276549253171453e+17,0.0010520104306890115,1.0787742580185409,0.03293057466082661,"nearest_realized_FLOPs_in_log10_among_evaluated_lmax2_checkpoints(609-ckpt force_eval_inventory.json; same kappa_l(width)*N*D convention as find_matched_compute_lmax2.py); tol=|log10 ratio|<=0.06 (~15%, covers all 4 historical canonical pairs, max 0.0464 at HIGH)",True,True,False
esen_lmax4_w40_s150000,40,150000,2.775456117755479e+17,0.0011206995132278,esen_lmax2_w64_s400000,64,400000,2.8276549253171453e+17,0.0010520104306890115,1.0188072898100367,0.008092043783672653,"nearest_realized_FLOPs_in_log10_among_evaluated_lmax2_checkpoints(609-ckpt force_eval_inventory.json; same kappa_l(width)*N*D convention as find_matched_compute_lmax2.py); tol=|log10 ratio|<=0.06 (~15%, covers all 4 historical canonical pairs, max 0.0464 at HIGH)",True,True,False
esen_lmax4_w16_s400000,16,400000,2.9954875397752614e+17,0.0011071657874045,esen_lmax2_w64_s400000,64,400000,2.8276549253171453e+17,0.0010520104306890115,0.9439715197511027,-0.025041108457783925,"nearest_realized_FLOPs_in_log10_among_evaluated_lmax2_checkpoints(609-ckpt force_eval_inventory.json; same kappa_l(width)*N*D convention as find_matched_compute_lmax2.py); tol=|log10 ratio|<=0.06 (~15%, covers all 4 historical canonical pairs, max 0.0464 at HIGH)",True,True,False
esen_lmax4_w40_s175000,40,175000,3.2378720068934586e+17,0.0010277859893639,esen_lmax2_w64_s400000,64,400000,2.8276549253171453e+17,0.0010520104306890115,0.8733065789188216,-0.058833268139501155,"nearest_realized_FLOPs_in_log10_among_evaluated_lmax2_checkpoints(609-ckpt force_eval_inventory.json; same kappa_l(width)*N*D convention as find_matched_compute_lmax2.py); tol=|log10 ratio|<=0.06 (~15%, covers all 4 historical canonical pairs, max 0.0464 at HIGH)",True,True,False
esen_lmax4_w24_s300000,24,300000,3.346812983455683e+17,0.0010254595891778,esen_lmax2_w64_s525000,64,525000,3.724042082098752e+17,0.000950432310028755,1.1127129303333732,0.04638313481721748,"nearest_realized_FLOPs_in_log10_among_evaluated_lmax2_checkpoints(609-ckpt force_eval_inventory.json; same kappa_l(width)*N*D convention as find_matched_compute_lmax2.py); tol=|log10 ratio|<=0.06 (~15%, covers all 4 historical canonical pairs, max 0.0464 at HIGH)",True,True,False
esen_lmax4_w40_s200000,40,200000,3.700463062270997e+17,0.0009674087482055,esen_lmax2_w64_s525000,64,525000,3.724042082098752e+17,0.000950432310028755,1.0063719106044215,0.0027585064400792608,"nearest_realized_FLOPs_in_log10_among_evaluated_lmax2_checkpoints(609-ckpt force_eval_inventory.json; same kappa_l(width)*N*D convention as find_matched_compute_lmax2.py); tol=|log10 ratio|<=0.06 (~15%, covers all 4 historical canonical pairs, max 0.0464 at HIGH)",True,True,False
esen_lmax4_w24_s350000,24,350000,3.9047821847795846e+17,0.0009632477545266,esen_lmax2_w64_s525000,64,525000,3.724042082098752e+17,0.000950432310028755,0.9537131409313078,-0.020582233309114954,"nearest_realized_FLOPs_in_log10_among_evaluated_lmax2_checkpoints(609-ckpt force_eval_inventory.json; same kappa_l(width)*N*D convention as find_matched_compute_lmax2.py); tol=|log10 ratio|<=0.06 (~15%, covers all 4 historical canonical pairs, max 0.0464 at HIGH)",True,True,True
esen_lmax4_w40_s225000,40,225000,4.162958362808579e+17,0.0009234408150991,esen_lmax2_w64_s525000,64,525000,3.724042082098752e+17,0.000950432310028755,0.8945662573445227,-0.048387487255974256,"nearest_realized_FLOPs_in_log10_among_evaluated_lmax2_checkpoints(609-ckpt force_eval_inventory.json; same kappa_l(width)*N*D convention as find_matched_compute_lmax2.py); tol=|log10 ratio|<=0.06 (~15%, covers all 4 historical canonical pairs, max 0.0464 at HIGH)",True,True,True
esen_lmax4_w32_s300000,32,300000,4.44826211057984e+17,0.0009210995061986,esen_lmax2_w64_s525000,64,525000,3.724042082098752e+17,0.000950432310028755,0.8371903429974173,-0.07717578989751991,"nearest_realized_FLOPs_in_log10_among_evaluated_lmax2_checkpoints(609-ckpt force_eval_inventory.json; same kappa_l(width)*N*D convention as find_matched_compute_lmax2.py); tol=|log10 ratio|<=0.06 (~15%, covers all 4 historical canonical pairs, max 0.0464 at HIGH)",False,True,True
esen_lmax4_w24_s400000,24,400000,4.463195071890735e+17,0.0009050419401373,esen_lmax2_w64_s525000,64,525000,3.724042082098752e+17,0.000950432310028755,0.8343892709401884,-0.07863128895524292,"nearest_realized_FLOPs_in_log10_among_evaluated_lmax2_checkpoints(609-ckpt force_eval_inventory.json; same kappa_l(width)*N*D convention as find_matched_compute_lmax2.py); tol=|log10 ratio|<=0.06 (~15%, covers all 4 historical canonical pairs, max 0.0464 at HIGH)",False,True,True
esen_lmax4_w40_s250000,40,250000,4.625162897423004e+17,0.000874643499666,esen_lmax2_w64_s525000,64,525000,3.724042082098752e+17,0.000950432310028755,0.8051699290793999,-0.0941124532055768,"nearest_realized_FLOPs_in_log10_among_evaluated_lmax2_checkpoints(609-ckpt force_eval_inventory.json; same kappa_l(width)*N*D convention as find_matched_compute_lmax2.py); tol=|log10 ratio|<=0.06 (~15%, covers all 4 historical canonical pairs, max 0.0464 at HIGH)",False,True,True
esen_lmax4_w24_s450000,24,450000,5.021201379045083e+17,0.0008655196122349,esen_lmax2_w64_s525000,64,525000,3.724042082098752e+17,0.000950432310028755,0.7416635583747448,-0.12979305951533024,"nearest_realized_FLOPs_in_log10_among_evaluated_lmax2_checkpoints(609-ckpt force_eval_inventory.json; same kappa_l(width)*N*D convention as find_matched_compute_lmax2.py); tol=|log10 ratio|<=0.06 (~15%, covers all 4 historical canonical pairs, max 0.0464 at HIGH)",False,True,True
esen_lmax4_w40_s275000,40,275000,5.0877712569917984e+17,0.0008361147460075,esen_lmax2_w64_s525000,64,525000,3.724042082098752e+17,0.000950432310028755,0.7319594168037801,-0.1355129975574202,"nearest_realized_FLOPs_in_log10_among_evaluated_lmax2_checkpoints(609-ckpt force_eval_inventory.json; same kappa_l(width)*N*D convention as find_matched_compute_lmax2.py); tol=|log10 ratio|<=0.06 (~15%, covers all 4 historical canonical pairs, max 0.0464 at HIGH)",False,True,True
esen_lmax4_w40_s300000,40,300000,5.550244150683331e+17,0.0007995182703786,esen_lmax2_w64_s525000,64,525000,3.724042082098752e+17,0.000950432310028755,0.6709690566747876,-0.17329750788653875,"nearest_realized_FLOPs_in_log10_among_evaluated_lmax2_checkpoints(609-ckpt force_eval_inventory.json; same kappa_l(width)*N*D convention as find_matched_compute_lmax2.py); tol=|log10 ratio|<=0.06 (~15%, covers all 4 historical canonical pairs, max 0.0464 at HIGH)",False,True,True
esen_lmax4_w40_s325000,40,325000,6.012388360816084e+17,0.0007727222304621,esen_lmax2_w64_s525000,64,525000,3.724042082098752e+17,0.000950432310028755,0.6193947993062234,-0.20803244547921815,"nearest_realized_FLOPs_in_log10_among_evaluated_lmax2_checkpoints(609-ckpt force_eval_inventory.json; same kappa_l(width)*N*D convention as find_matched_compute_lmax2.py); tol=|log10 ratio|<=0.06 (~15%, covers all 4 historical canonical pairs, max 0.0464 at HIGH)",False,True,True
esen_lmax4_w40_s350000,40,350000,6.474782643733766e+17,0.0007472823645674,esen_lmax2_w64_s525000,64,525000,3.724042082098752e+17,0.000950432310028755,0.575160941611352,-0.24021061396489993,"nearest_realized_FLOPs_in_log10_among_evaluated_lmax2_checkpoints(609-ckpt force_eval_inventory.json; same kappa_l(width)*N*D convention as find_matched_compute_lmax2.py); tol=|log10 ratio|<=0.06 (~15%, covers all 4 historical canonical pairs, max 0.0464 at HIGH)",False,True,True
esen_lmax4_w40_s375000,40,375000,6.93710682386059e+17,0.0007246693086998,esen_lmax2_w64_s525000,64,525000,3.724042082098752e+17,0.000950432310028755,0.5368292829641441,-0.2701638022971864,"nearest_realized_FLOPs_in_log10_among_evaluated_lmax2_checkpoints(609-ckpt force_eval_inventory.json; same kappa_l(width)*N*D convention as find_matched_compute_lmax2.py); tol=|log10 ratio|<=0.06 (~15%, covers all 4 historical canonical pairs, max 0.0464 at HIGH)",False,True,True
esen_lmax4_w40_s400000,40,400000,7.39985889041439e+17,0.0007056127015494,esen_lmax2_w64_s525000,64,525000,3.724042082098752e+17,0.000950432310028755,0.5032585265812017,-0.29820885823603843,"nearest_realized_FLOPs_in_log10_among_evaluated_lmax2_checkpoints(609-ckpt force_eval_inventory.json; same kappa_l(width)*N*D convention as find_matched_compute_lmax2.py); tol=|log10 ratio|<=0.06 (~15%, covers all 4 historical canonical pairs, max 0.0464 at HIGH)",False,True,True
esen_lmax4_w40_s425000,40,425000,7.861955105702054e+17,0.0006860078541245,esen_lmax2_w64_s525000,64,525000,3.724042082098752e+17,0.000950432310028755,0.47367887911211926,-0.32451597961563017,"nearest_realized_FLOPs_in_log10_among_evaluated_lmax2_checkpoints(609-ckpt force_eval_inventory.json; same kappa_l(width)*N*D convention as find_matched_compute_lmax2.py); tol=|log10 ratio|<=0.06 (~15%, covers all 4 historical canonical pairs, max 0.0464 at HIGH)",False,True,True
esen_lmax4_w40_s450000,40,450000,8.32413350789193e+17,0.000670959019072,esen_lmax2_w64_s525000,64,525000,3.724042082098752e+17,0.000950432310028755,0.44737894683789836,-0.34932445718006894,"nearest_realized_FLOPs_in_log10_among_evaluated_lmax2_checkpoints(609-ckpt force_eval_inventory.json; same kappa_l(width)*N*D convention as find_matched_compute_lmax2.py); tol=|log10 ratio|<=0.06 (~15%, covers all 4 historical canonical pairs, max 0.0464 at HIGH)",False,True,True
esen_lmax4_w40_s475000,40,475000,8.786362242754088e+17,0.0006551830535791,esen_lmax2_w64_s525000,64,525000,3.724042082098752e+17,0.000950432310028755,0.4238434495652492,-0.3727945244086406,"nearest_realized_FLOPs_in_log10_among_evaluated_lmax2_checkpoints(609-ckpt force_eval_inventory.json; same kappa_l(width)*N*D convention as find_matched_compute_lmax2.py); tol=|log10 ratio|<=0.06 (~15%, covers all 4 historical canonical pairs, max 0.0464 at HIGH)",False,True,True
esen_lmax4_w40_s500000,40,500000,9.248731097797883e+17,0.0006412297717711,esen_lmax2_w64_s525000,64,525000,3.724042082098752e+17,0.000950432310028755,0.4026543795813724,-0.39506757282219596,"nearest_realized_FLOPs_in_log10_among_evaluated_lmax2_checkpoints(609-ckpt force_eval_inventory.json; same kappa_l(width)*N*D convention as find_matched_compute_lmax2.py); tol=|log10 ratio|<=0.06 (~15%, covers all 4 historical canonical pairs, max 0.0464 at HIGH)",False,True,True
esen_lmax4_w40_s525000,40,525000,9.710851983033723e+17,0.000626840950674,esen_lmax2_w64_s525000,64,525000,3.724042082098752e+17,0.000950432310028755,0.38349282726224204,-0.41624275455609544,"nearest_realized_FLOPs_in_log10_among_evaluated_lmax2_checkpoints(609-ckpt force_eval_inventory.json; same kappa_l(width)*N*D convention as find_matched_compute_lmax2.py); tol=|log10 ratio|<=0.06 (~15%, covers all 4 historical canonical pairs, max 0.0464 at HIGH)",False,True,True
esen_lmax4_w64_s350000,64,350000,1.0328043421615299e+18,0.0006214341292885,esen_lmax2_w64_s525000,64,525000,3.724042082098752e+17,0.000950432310028755,0.36057575767979433,-0.44300347522816697,"nearest_realized_FLOPs_in_log10_among_evaluated_lmax2_checkpoints(609-ckpt force_eval_inventory.json; same kappa_l(width)*N*D convention as find_matched_compute_lmax2.py); tol=|log10 ratio|<=0.06 (~15%, covers all 4 historical canonical pairs, max 0.0464 at HIGH)",False,True,True
esen_lmax4_w64_s375000,64,375000,1.106550512032323e+18,0.0006073723225441,esen_lmax2_w64_s525000,64,525000,3.724042082098752e+17,0.000950432310028755,0.3365451501404186,-0.4729566635604534,"nearest_realized_FLOPs_in_log10_among_evaluated_lmax2_checkpoints(609-ckpt force_eval_inventory.json; same kappa_l(width)*N*D convention as find_matched_compute_lmax2.py); tol=|log10 ratio|<=0.06 (~15%, covers all 4 historical canonical pairs, max 0.0464 at HIGH)",False,True,True
esen_lmax4_w64_s400000,64,400000,1.180364934844419e+18,0.0005925694326203,esen_lmax2_w64_s525000,64,525000,3.724042082098752e+17,0.000950432310028755,0.3154992131810158,-0.5010017194993055,"nearest_realized_FLOPs_in_log10_among_evaluated_lmax2_checkpoints(609-ckpt force_eval_inventory.json; same kappa_l(width)*N*D convention as find_matched_compute_lmax2.py); tol=|log10 ratio|<=0.06 (~15%, covers all 4 historical canonical pairs, max 0.0464 at HIGH)",False,True,True
esen_lmax4_w64_s425000,64,425000,1.2540747416295767e+18,0.0005776618714456,esen_lmax2_w64_s525000,64,525000,3.724042082098752e+17,0.000950432310028755,0.29695535349509045,-0.5273088408788972,"nearest_realized_FLOPs_in_log10_among_evaluated_lmax2_checkpoints(609-ckpt force_eval_inventory.json; same kappa_l(width)*N*D convention as find_matched_compute_lmax2.py); tol=|log10 ratio|<=0.06 (~15%, covers all 4 historical canonical pairs, max 0.0464 at HIGH)",False,True,True
esen_lmax4_w64_s450000,64,450000,1.327797658196814e+18,0.0005634988220971,esen_lmax2_w64_s525000,64,525000,3.724042082098752e+17,0.000950432310028755,0.28046758925272575,-0.5521173184433359,"nearest_realized_FLOPs_in_log10_among_evaluated_lmax2_checkpoints(609-ckpt force_eval_inventory.json; same kappa_l(width)*N*D convention as find_matched_compute_lmax2.py); tol=|log10 ratio|<=0.06 (~15%, covers all 4 historical canonical pairs, max 0.0464 at HIGH)",False,True,True
esen_lmax4_w64_s475000,64,475000,1.401528603420046e+18,0.0005511909244114,esen_lmax2_w64_s525000,64,525000,3.724042082098752e+17,0.000950432310028755,0.26571288470397597,-0.5755873856719076,"nearest_realized_FLOPs_in_log10_among_evaluated_lmax2_checkpoints(609-ckpt force_eval_inventory.json; same kappa_l(width)*N*D convention as find_matched_compute_lmax2.py); tol=|log10 ratio|<=0.06 (~15%, covers all 4 historical canonical pairs, max 0.0464 at HIGH)",False,True,True
esen_lmax4_w64_s500000,64,500000,1.4752818994680056e+18,0.0005410657215534,esen_lmax2_w64_s525000,64,525000,3.724042082098752e+17,0.000950432310028755,0.25242918546222665,-0.5978604340854629,"nearest_realized_FLOPs_in_log10_among_evaluated_lmax2_checkpoints(609-ckpt force_eval_inventory.json; same kappa_l(width)*N*D convention as find_matched_compute_lmax2.py); tol=|log10 ratio|<=0.06 (~15%, covers all 4 historical canonical pairs, max 0.0464 at HIGH)",False,True,True
esen_lmax4_w64_s525000,64,525000,1.5489956414014144e+18,0.0005303900841841,esen_lmax2_w64_s525000,64,525000,3.724042082098752e+17,0.000950432310028755,0.24041656300139874,-0.6190356158193624,"nearest_realized_FLOPs_in_log10_among_evaluated_lmax2_checkpoints(609-ckpt force_eval_inventory.json; same kappa_l(width)*N*D convention as find_matched_compute_lmax2.py); tol=|log10 ratio|<=0.06 (~15%, covers all 4 historical canonical pairs, max 0.0464 at HIGH)",False,True,True
