stratum,domain,tag,n_configs,insufficient_n,L_base,delta,delta_ci_lo,delta_ci_hi,A,A_ci_lo,A_ci_hi,source_file
elytes,OOD,w10/50k,10867,False,0.023096233156338346,0.0846923137634539,0.0807378715686079,0.08846181786769196,0.0020412943961467186,0.002011709788683324,0.0020694011878125513,analysis_outputs/esen_irrep_ood_2026_08_22/robustness/domain_decomposition_M16384.csv
elytes,OOD,w16/150k,10867,False,0.01091419820520017,0.502737320692324,0.485896699330584,0.518598189241656,0.0071295966425976715,0.007066140213151582,0.007194818870190439,analysis_outputs/esen_irrep_ood_2026_08_22/robustness/domain_decomposition_M16384.csv
elytes,OOD,w20/200k,10867,False,0.009067941281723413,0.6417542168370538,0.620384277922743,0.6607549412659104,0.008159430027332033,0.008070130825773129,0.008245085104603539,analysis_outputs/esen_irrep_ood_2026_08_22/robustness/domain_decomposition_M16384.csv
elytes,OOD,w24/300k,10867,False,0.007230663208795873,0.428915877231103,0.41329462194443534,0.4435152456299405,0.0038726842899710606,0.0038331086304536346,0.003911110381740417,analysis_outputs/esen_irrep_ood_2026_08_22/robustness/domain_decomposition_M16384.csv
biomolecules,OOD,w10/50k,3286,False,0.019366762806557972,0.11675513485663006,0.11366482129307133,0.12005982917699023,0.0023984613572034068,0.002355794233047374,0.0024399891714645245,analysis_outputs/esen_irrep_ood_2026_08_22/robustness/domain_decomposition_M16384.csv
biomolecules,OOD,w16/150k,3286,False,0.009578140458406903,0.7406725833767056,0.7259873179587457,0.7557823704027938,0.010510531054981892,0.010396633119543443,0.010630712849619996,analysis_outputs/esen_irrep_ood_2026_08_22/robustness/domain_decomposition_M16384.csv
biomolecules,OOD,w20/200k,3286,False,0.00796395355630307,0.7487255949328597,0.7331589210145527,0.764604562867576,0.008874263865734323,0.008758822446304475,0.008999849703440947,analysis_outputs/esen_irrep_ood_2026_08_22/robustness/domain_decomposition_M16384.csv
biomolecules,OOD,w24/300k,3286,False,0.006194060446932111,0.5434786435756297,0.5281094143486899,0.5592306332670273,0.004472028847593082,0.004389753728206528,0.004559351466408349,analysis_outputs/esen_irrep_ood_2026_08_22/robustness/domain_decomposition_M16384.csv
reactivity,OOD,w10/50k,1749,False,0.05208456892595158,0.02595339645012812,0.023310709461576252,0.02854829331543483,0.00136946574052043,0.0012466016337476754,0.0014867662483666084,analysis_outputs/esen_irrep_ood_2026_08_22/robustness/domain_decomposition_M16384.csv
reactivity,OOD,w16/150k,1749,False,0.029949429272083546,0.1922436074697581,0.17935460982482035,0.20601980128766867,0.00634825248628865,0.0060464795131233385,0.006645588386602249,analysis_outputs/esen_irrep_ood_2026_08_22/robustness/domain_decomposition_M16384.csv
reactivity,OOD,w20/200k,1749,False,0.027506866965648243,0.2537279279015143,0.23817930955891675,0.2700506316527093,0.007944563692843739,0.007628362411468086,0.008281414235082923,analysis_outputs/esen_irrep_ood_2026_08_22/robustness/domain_decomposition_M16384.csv
reactivity,OOD,w24/300k,1749,False,0.023491513402421133,0.17464047784681197,0.1631616115972007,0.18715247622420544,0.004482603937681465,0.004290459156359974,0.00467672861699684,analysis_outputs/esen_irrep_ood_2026_08_22/robustness/domain_decomposition_M16384.csv
metal_complexes,OOD,w10/50k,32,True,,,,,,,,analysis_outputs/esen_irrep_ood_2026_08_22/robustness/domain_decomposition_M16384.csv
metal_complexes,OOD,w16/150k,32,True,,,,,,,,analysis_outputs/esen_irrep_ood_2026_08_22/robustness/domain_decomposition_M16384.csv
metal_complexes,OOD,w20/200k,32,True,,,,,,,,analysis_outputs/esen_irrep_ood_2026_08_22/robustness/domain_decomposition_M16384.csv
metal_complexes,OOD,w24/300k,32,True,,,,,,,,analysis_outputs/esen_irrep_ood_2026_08_22/robustness/domain_decomposition_M16384.csv
pooled_neutral_like_sources_in_ValComp,OOD,w10/50k,450,False,0.02308328232049727,0.09208494988991173,0.07910858529281484,0.10592851507989733,0.0022265663713945776,0.0019964076755534504,0.002460343151556913,analysis_outputs/esen_irrep_ood_2026_08_22/robustness/domain_decomposition_M16384.csv
pooled_neutral_like_sources_in_ValComp,OOD,w16/150k,450,False,0.010858386306502918,0.7085706662304511,0.626002411632724,0.7893723292604691,0.011195931004269303,0.01039593795594711,0.012035550100098208,analysis_outputs/esen_irrep_ood_2026_08_22/robustness/domain_decomposition_M16384.csv
pooled_neutral_like_sources_in_ValComp,OOD,w20/200k,450,False,0.008605910296276779,0.9286248623336464,0.8184824659540111,1.0377139986909738,0.013175874774141515,0.011793082005374824,0.014662959161292939,analysis_outputs/esen_irrep_ood_2026_08_22/robustness/domain_decomposition_M16384.csv
pooled_neutral_like_sources_in_ValComp,OOD,w24/300k,450,False,0.00684332920876237,0.6796994997862025,0.5813341401832429,0.7777659535174687,0.0066605074151814435,0.005886306462898738,0.007473423528129493,analysis_outputs/esen_irrep_ood_2026_08_22/robustness/domain_decomposition_M16384.csv
Neutral_val_pooled_(ID_reference),ID,w10/50k,16384,False,0.02288126408597641,0.09057006249371777,0.08852881530029397,0.09287972313858409,0.002169102860665576,0.0021353057287994194,0.0022060900112406794,analysis_outputs/esen_irrep_ood_2026_08_22/robustness/domain_decomposition_M16384.csv
Neutral_val_pooled_(ID_reference),ID,w16/150k,16384,False,0.01081115041303732,0.6667594898827559,0.6539714265203207,0.6798033308341535,0.010248049961383008,0.010131130544493334,0.010360163538629603,analysis_outputs/esen_irrep_ood_2026_08_22/robustness/domain_decomposition_M16384.csv
Neutral_val_pooled_(ID_reference),ID,w20/200k,16384,False,0.008571066380358823,0.8723444679371816,0.8552019195285735,0.890475425168814,0.011935325253909643,0.011730934058834653,0.012137068963078418,analysis_outputs/esen_irrep_ood_2026_08_22/robustness/domain_decomposition_M16384.csv
Neutral_val_pooled_(ID_reference),ID,w24/300k,16384,False,0.00686766193637755,0.6552962692922902,0.6392623192161309,0.6717083049976147,0.0063574836764767806,0.006242062885985503,0.006475753831049559,analysis_outputs/esen_irrep_ood_2026_08_22/robustness/domain_decomposition_M16384.csv
