lmax4_tag,lmax2_tag,domain,M,L_lmax4,L_lmax2,H_force,H_ci_lo,H_ci_hi,lmax4_advantage_significant,source_file
w10/50k,esen_lmax2_LOWtrue_w16_s125000,ID,1024,0.023694757654994156,0.019444967215675596,-0.19766554607834452,-0.22216292761577072,-0.1759766305107805,False,analysis_outputs/esen_irrep_ood_2026_08_22/eval/lmax2_vs_lmax4_baseline.csv
w10/50k,esen_lmax2_LOWtrue_w16_s125000,ID,2048,0.023706290156928166,0.019256451382181242,-0.20789427906736924,-0.22177985017965235,-0.1942280550952884,False,analysis_outputs/esen_irrep_ood_2026_08_22/eval/lmax2_vs_lmax4_baseline.csv
w10/50k,esen_lmax2_LOWtrue_w16_s125000,ID,4096,0.023528531336475006,0.019137260146956686,-0.20657655639061412,-0.21655261652161317,-0.1978335820857823,False,analysis_outputs/esen_irrep_ood_2026_08_22/eval/lmax2_vs_lmax4_baseline.csv
w10/50k,esen_lmax2_LOWtrue_w16_s125000,ID,8192,0.022907688958843472,0.018655493566783244,-0.20533195266271997,-0.21134256652740907,-0.19910206718345297,False,analysis_outputs/esen_irrep_ood_2026_08_22/eval/lmax2_vs_lmax4_baseline.csv
w10/50k,esen_lmax2_LOWtrue_w16_s125000,ID,16384,0.02288126408597641,0.01868583875260767,-0.20255246248053282,-0.20667600301881406,-0.19832042575227052,False,analysis_outputs/esen_irrep_ood_2026_08_22/eval/lmax2_vs_lmax4_baseline.csv
w10/50k,esen_lmax2_LOWtrue_w16_s125000,OOD,1024,0.021078557584718365,0.017629720751347718,-0.17867013867702175,-0.21684467931332418,-0.13987216532421662,False,analysis_outputs/esen_irrep_ood_2026_08_22/eval/lmax2_vs_lmax4_baseline.csv
w10/50k,esen_lmax2_LOWtrue_w16_s125000,OOD,2048,0.021501561477693772,0.017946089573219956,-0.18075331923869298,-0.20832041655865385,-0.15221333617013372,False,analysis_outputs/esen_irrep_ood_2026_08_22/eval/lmax2_vs_lmax4_baseline.csv
w10/50k,esen_lmax2_LOWtrue_w16_s125000,OOD,4096,0.022958204747257693,0.019592482420647695,-0.15852943524846896,-0.18226919312859827,-0.1364619821412619,False,analysis_outputs/esen_irrep_ood_2026_08_22/eval/lmax2_vs_lmax4_baseline.csv
w10/50k,esen_lmax2_LOWtrue_w16_s125000,OOD,8192,0.022683538787591283,0.019288533544811512,-0.16212869538251384,-0.17792123713015506,-0.14710981752495164,False,analysis_outputs/esen_irrep_ood_2026_08_22/eval/lmax2_vs_lmax4_baseline.csv
w10/50k,esen_lmax2_LOWtrue_w16_s125000,OOD,16384,0.022676041512334915,0.01926394417315614,-0.16307375599906138,-0.1741071262813293,-0.1521808812396674,False,analysis_outputs/esen_irrep_ood_2026_08_22/eval/lmax2_vs_lmax4_baseline.csv
w16/150k,esen_lmax2_MIDtrue_w32_s300000,ID,1024,0.011627312695639512,0.010726749208603597,-0.08061632535895136,-0.10218711804273864,-0.05946904760233292,False,analysis_outputs/esen_irrep_ood_2026_08_22/eval/lmax2_vs_lmax4_baseline.csv
w16/150k,esen_lmax2_MIDtrue_w32_s300000,ID,2048,0.011260685928752715,0.010415109007591012,-0.07805999709061506,-0.09298767535090588,-0.062462976582068785,False,analysis_outputs/esen_irrep_ood_2026_08_22/eval/lmax2_vs_lmax4_baseline.csv
w16/150k,esen_lmax2_MIDtrue_w32_s300000,ID,4096,0.011183429339611955,0.010308134862079826,-0.08149978352824228,-0.09191345027258227,-0.07108105424741769,False,analysis_outputs/esen_irrep_ood_2026_08_22/eval/lmax2_vs_lmax4_baseline.csv
w16/150k,esen_lmax2_MIDtrue_w32_s300000,ID,8192,0.010804300466465437,0.009971751435604387,-0.0801880070948,-0.08696959706006643,-0.0730645170931549,False,analysis_outputs/esen_irrep_ood_2026_08_22/eval/lmax2_vs_lmax4_baseline.csv
w16/150k,esen_lmax2_MIDtrue_w32_s300000,ID,16384,0.01081115041303732,0.009954958767761599,-0.08250725153096283,-0.08790953614682687,-0.07716935152898644,False,analysis_outputs/esen_irrep_ood_2026_08_22/eval/lmax2_vs_lmax4_baseline.csv
w16/150k,esen_lmax2_MIDtrue_w32_s300000,OOD,1024,0.010262477954459275,0.009526890280800384,-0.07437597061104562,-0.09993159352657832,-0.04922812600505732,False,analysis_outputs/esen_irrep_ood_2026_08_22/eval/lmax2_vs_lmax4_baseline.csv
w16/150k,esen_lmax2_MIDtrue_w32_s300000,OOD,2048,0.010423880764278793,0.009627789190921167,-0.07944577691693855,-0.0979548478874304,-0.061291062908442114,False,analysis_outputs/esen_irrep_ood_2026_08_22/eval/lmax2_vs_lmax4_baseline.csv
w16/150k,esen_lmax2_MIDtrue_w32_s300000,OOD,4096,0.010997525433061301,0.01001058399911614,-0.09402735366477177,-0.10836192576490203,-0.08095560311463777,False,analysis_outputs/esen_irrep_ood_2026_08_22/eval/lmax2_vs_lmax4_baseline.csv
w16/150k,esen_lmax2_MIDtrue_w32_s300000,OOD,8192,0.010908807261979977,0.01002044494575908,-0.0849429682252838,-0.09424457838399006,-0.07574554053939096,False,analysis_outputs/esen_irrep_ood_2026_08_22/eval/lmax2_vs_lmax4_baseline.csv
w16/150k,esen_lmax2_MIDtrue_w32_s300000,OOD,16384,0.0109531603434369,0.010092519773118607,-0.08183349752755831,-0.08765125392424715,-0.0759102255950401,False,analysis_outputs/esen_irrep_ood_2026_08_22/eval/lmax2_vs_lmax4_baseline.csv
w20/200k,esen_lmax2_UPPERMID_w32_s525000,ID,1024,0.009453774302136066,0.009065567944181788,-0.041930564155689964,-0.059681377620604284,-0.022867879477042656,False,analysis_outputs/esen_irrep_ood_2026_08_22/eval/lmax2_vs_lmax4_baseline.csv
w20/200k,esen_lmax2_UPPERMID_w32_s525000,ID,2048,0.009051002707521806,0.008717336419252287,-0.03756181323383334,-0.05033148216917564,-0.024490705817371065,False,analysis_outputs/esen_irrep_ood_2026_08_22/eval/lmax2_vs_lmax4_baseline.csv
w20/200k,esen_lmax2_UPPERMID_w32_s525000,ID,4096,0.008907988242511058,0.008620775195483266,-0.032773419011883576,-0.04207968614864401,-0.023524586780597725,False,analysis_outputs/esen_irrep_ood_2026_08_22/eval/lmax2_vs_lmax4_baseline.csv
w20/200k,esen_lmax2_UPPERMID_w32_s525000,ID,8192,0.008587110349233634,0.008330610685018999,-0.030325517321055706,-0.03698674083671889,-0.023522836164579758,False,analysis_outputs/esen_irrep_ood_2026_08_22/eval/lmax2_vs_lmax4_baseline.csv
w20/200k,esen_lmax2_UPPERMID_w32_s525000,ID,16384,0.008571066380358823,0.008309479391529252,-0.030995198176427152,-0.035762774395561414,-0.02590821229596596,False,analysis_outputs/esen_irrep_ood_2026_08_22/eval/lmax2_vs_lmax4_baseline.csv
w20/200k,esen_lmax2_UPPERMID_w32_s525000,OOD,1024,0.008487063465107808,0.007896525159586922,-0.07212024938734185,-0.10665102402551192,-0.041772024249302424,False,analysis_outputs/esen_irrep_ood_2026_08_22/eval/lmax2_vs_lmax4_baseline.csv
w20/200k,esen_lmax2_UPPERMID_w32_s525000,OOD,2048,0.00860256393672702,0.007971262656401907,-0.07621738460213479,-0.09721530004085413,-0.05813161197388119,False,analysis_outputs/esen_irrep_ood_2026_08_22/eval/lmax2_vs_lmax4_baseline.csv
w20/200k,esen_lmax2_UPPERMID_w32_s525000,OOD,4096,0.009097337457567885,0.00830685793941088,-0.09090035223053228,-0.10486028470189965,-0.07801251391856409,False,analysis_outputs/esen_irrep_ood_2026_08_22/eval/lmax2_vs_lmax4_baseline.csv
w20/200k,esen_lmax2_UPPERMID_w32_s525000,OOD,8192,0.009069236411095687,0.008326844913437286,-0.08540344963211233,-0.09436875363566435,-0.07697325949022489,False,analysis_outputs/esen_irrep_ood_2026_08_22/eval/lmax2_vs_lmax4_baseline.csv
w20/200k,esen_lmax2_UPPERMID_w32_s525000,OOD,16384,0.00915064874230513,0.008388919573827867,-0.08691304085309604,-0.09294493004594029,-0.08073857237436047,False,analysis_outputs/esen_irrep_ood_2026_08_22/eval/lmax2_vs_lmax4_baseline.csv
w24/300k,esen_lmax2_HIGH_w64_s525000,ID,1024,0.007693661714181817,0.007223723217336076,-0.06302633482156494,-0.08649653836581266,-0.03993080652470796,False,analysis_outputs/esen_irrep_ood_2026_08_22/eval/lmax2_vs_lmax4_baseline.csv
w24/300k,esen_lmax2_HIGH_w64_s525000,ID,2048,0.007236118147751373,0.0068484145870177865,-0.05506771683538947,-0.07054418148356434,-0.03971871752611982,False,analysis_outputs/esen_irrep_ood_2026_08_22/eval/lmax2_vs_lmax4_baseline.csv
w24/300k,esen_lmax2_HIGH_w64_s525000,ID,4096,0.007136516415827598,0.006770771100414934,-0.05260978029186525,-0.06333580925027951,-0.04119401336289219,False,analysis_outputs/esen_irrep_ood_2026_08_22/eval/lmax2_vs_lmax4_baseline.csv
w24/300k,esen_lmax2_HIGH_w64_s525000,ID,8192,0.006889365684451093,0.006526989823533044,-0.05403315705487799,-0.061853537819120175,-0.045626461814561425,False,analysis_outputs/esen_irrep_ood_2026_08_22/eval/lmax2_vs_lmax4_baseline.csv
w24/300k,esen_lmax2_HIGH_w64_s525000,ID,16384,0.00686766193637755,0.0065224734041060195,-0.05157005835615536,-0.05678203904946246,-0.045512513316923436,False,analysis_outputs/esen_irrep_ood_2026_08_22/eval/lmax2_vs_lmax4_baseline.csv
w24/300k,esen_lmax2_HIGH_w64_s525000,OOD,1024,0.0067027871027343046,0.00629920628591622,-0.06209978628364521,-0.07911836730676916,-0.044437846432403026,False,analysis_outputs/esen_irrep_ood_2026_08_22/eval/lmax2_vs_lmax4_baseline.csv
w24/300k,esen_lmax2_HIGH_w64_s525000,OOD,2048,0.006870332191722977,0.006344821724046512,-0.0795734553331977,-0.09509435555334608,-0.06489330380914345,False,analysis_outputs/esen_irrep_ood_2026_08_22/eval/lmax2_vs_lmax4_baseline.csv
w24/300k,esen_lmax2_HIGH_w64_s525000,OOD,4096,0.007224843066238555,0.006654236775119828,-0.08227175198621772,-0.09334556649694307,-0.07203676719331027,False,analysis_outputs/esen_irrep_ood_2026_08_22/eval/lmax2_vs_lmax4_baseline.csv
w24/300k,esen_lmax2_HIGH_w64_s525000,OOD,8192,0.007202173166130731,0.006659569306691102,-0.07832799531399015,-0.08635826352624884,-0.07085678337929904,False,analysis_outputs/esen_irrep_ood_2026_08_22/eval/lmax2_vs_lmax4_baseline.csv
w24/300k,esen_lmax2_HIGH_w64_s525000,OOD,16384,0.00728752264148344,0.006728026873604187,-0.07988174160907935,-0.08515260793529467,-0.07461374379135106,False,analysis_outputs/esen_irrep_ood_2026_08_22/eval/lmax2_vs_lmax4_baseline.csv
