tag,domain,M,n_configs,P_bal_read_x,L_base,L_intervened,relative_effect_log_ratio,relative_effect_ci_lo,relative_effect_ci_hi,absolute_excess_A,absolute_excess_A_ci_lo,absolute_excess_A_ci_hi,source_file
w10/50k,ID,1024,1024,0.0726834500856088,0.023694757654994156,0.02595400044987131,0.09107192996661193,0.08244397586169931,0.10040401019001005,0.0022592427948771553,0.002118291286125345,0.0024021127223676185,analysis_outputs/esen_irrep_ood_2026_08_22/robustness/baseline_effect_robustness.csv
w10/50k,ID,2048,2048,0.0726834500856088,0.023706290156928166,0.025925682863544935,0.08949367333978245,0.08357874443683729,0.0962662437811694,0.002219392706616769,0.0021242222659427178,0.0023215150243735792,analysis_outputs/esen_irrep_ood_2026_08_22/robustness/baseline_effect_robustness.csv
w10/50k,ID,4096,4096,0.0726834500856088,0.023528531336475006,0.02569985994311216,0.08827175805009732,0.08410078656171864,0.09286832302841634,0.002171328606637154,0.0021022831022319503,0.002242402823014253,analysis_outputs/esen_irrep_ood_2026_08_22/robustness/baseline_effect_robustness.csv
w10/50k,ID,8192,8192,0.0726834500856088,0.022907688958843472,0.02508215115664766,0.09068386728316145,0.08735454887770934,0.09373740347694987,0.0021744621978041882,0.0021237396441039285,0.002223529207666081,analysis_outputs/esen_irrep_ood_2026_08_22/robustness/baseline_effect_robustness.csv
w10/50k,ID,16384,16384,0.0726834500856088,0.02288126408597641,0.025050366946641985,0.09057006249371777,0.08852881530029397,0.09287972313858409,0.002169102860665576,0.0021353057287994194,0.0022060900112406794,analysis_outputs/esen_irrep_ood_2026_08_22/robustness/baseline_effect_robustness.csv
w10/50k,OOD,1024,1024,0.0726834500856088,0.021078557584718365,0.02318117866737592,0.0950843895223826,0.0827813461377604,0.10621485450612037,0.0021026210826575534,0.002008246130323061,0.002194184816267801,analysis_outputs/esen_irrep_ood_2026_08_22/robustness/baseline_effect_robustness.csv
w10/50k,OOD,2048,2048,0.0726834500856088,0.021501561477693772,0.023612959666032173,0.09367014033555554,0.08534121286373339,0.10208328481497748,0.002111398188338401,0.0020417526554513594,0.0021828606662117264,analysis_outputs/esen_irrep_ood_2026_08_22/robustness/baseline_effect_robustness.csv
w10/50k,OOD,4096,4096,0.0726834500856088,0.022958204747257693,0.025092660845267,0.0889000288347244,0.08292669831195362,0.09491987475414528,0.002134456098009309,0.0020875175882730684,0.002185824928172961,analysis_outputs/esen_irrep_ood_2026_08_22/robustness/baseline_effect_robustness.csv
w10/50k,OOD,8192,8192,0.0726834500856088,0.022683538787591283,0.024820890130383955,0.0900461446785927,0.08625230814020539,0.09419391398263163,0.002137351342792672,0.00210365812309714,0.0021715651973672413,analysis_outputs/esen_irrep_ood_2026_08_22/robustness/baseline_effect_robustness.csv
w10/50k,OOD,16384,16384,0.0726834500856088,0.022676041512334915,0.024802668674763204,0.08964232810186616,0.08656033049433502,0.09259979266570002,0.0021266271624282886,0.002102619757117624,0.002149507248026969,analysis_outputs/esen_irrep_ood_2026_08_22/robustness/baseline_effect_robustness.csv
w16/150k,ID,1024,1024,0.0726834500856088,0.011627312695639512,0.021823137457271366,0.6296138849634328,0.5766655300227538,0.6875118286766494,0.010195824761631854,0.009751095603883077,0.01066628891229833,analysis_outputs/esen_irrep_ood_2026_08_22/robustness/baseline_effect_robustness.csv
w16/150k,ID,2048,2048,0.0726834500856088,0.011260685928752715,0.021514855864407777,0.6474261288088847,0.6103582513719106,0.6861957342946531,0.010254169935655063,0.00993495443428234,0.01060666903687037,analysis_outputs/esen_irrep_ood_2026_08_22/robustness/baseline_effect_robustness.csv
w16/150k,ID,4096,4096,0.0726834500856088,0.011183429339611955,0.02136811675385668,0.647466780273991,0.6227549309632778,0.6745309777973563,0.010184687414244727,0.009971770090914862,0.010426114828678428,analysis_outputs/esen_irrep_ood_2026_08_22/robustness/baseline_effect_robustness.csv
w16/150k,ID,8192,8192,0.0726834500856088,0.010804300466465437,0.02104007981471046,0.6664849351247117,0.648532258008051,0.6850075093789416,0.010235779348245022,0.010077359108416865,0.010400906129069755,analysis_outputs/esen_irrep_ood_2026_08_22/robustness/baseline_effect_robustness.csv
w16/150k,ID,16384,16384,0.0726834500856088,0.01081115041303732,0.021059200374420328,0.6667594898827559,0.6539714265203207,0.6798033308341535,0.010248049961383008,0.010131130544493334,0.010360163538629603,analysis_outputs/esen_irrep_ood_2026_08_22/robustness/baseline_effect_robustness.csv
w16/150k,OOD,1024,1024,0.0726834500856088,0.010262477954459275,0.01822981677712212,0.574564211404443,0.5200474439631138,0.6223492732288406,0.007967338822662845,0.007738185016009239,0.008184519178513502,analysis_outputs/esen_irrep_ood_2026_08_22/robustness/baseline_effect_robustness.csv
w16/150k,OOD,2048,2048,0.0726834500856088,0.010423880764278793,0.018427262106685216,0.5697318031272058,0.5326723916200884,0.6037378209380986,0.008003381342406423,0.007845915809422259,0.00815958549083958,analysis_outputs/esen_irrep_ood_2026_08_22/robustness/baseline_effect_robustness.csv
w16/150k,OOD,4096,4096,0.0726834500856088,0.010997525433061301,0.019028329142219143,0.5482585893435103,0.5237857521455465,0.5731406972580528,0.008030803709157841,0.007910136460359131,0.008145110885629584,analysis_outputs/esen_irrep_ood_2026_08_22/robustness/baseline_effect_robustness.csv
w16/150k,OOD,8192,8192,0.0726834500856088,0.010908807261979977,0.018987646889422397,0.5542181353432711,0.5373911252669732,0.5710162808109384,0.00807883962744242,0.007992521720407972,0.00816951014636525,analysis_outputs/esen_irrep_ood_2026_08_22/robustness/baseline_effect_robustness.csv
w16/150k,OOD,16384,16384,0.0726834500856088,0.0109531603434369,0.019056729773990876,0.5537922777038593,0.54019327224694,0.5663672179425226,0.008103569430553976,0.008039374576390989,0.008165572143775364,analysis_outputs/esen_irrep_ood_2026_08_22/robustness/baseline_effect_robustness.csv
w20/200k,ID,1024,1024,0.0726834500856088,0.009453774302136066,0.021303529697643,0.8124587136714643,0.7442466958002849,0.8888438889242004,0.011849755395506935,0.011074342837201724,0.012646177488420991,analysis_outputs/esen_irrep_ood_2026_08_22/robustness/baseline_effect_robustness.csv
w20/200k,ID,2048,2048,0.0726834500856088,0.009051002707521806,0.020970306813280028,0.8402319278788836,0.7886377876486173,0.8920804088965989,0.011919304105758222,0.011328262624826918,0.012504306113409277,analysis_outputs/esen_irrep_ood_2026_08_22/robustness/baseline_effect_robustness.csv
w20/200k,ID,4096,4096,0.0726834500856088,0.008907988242511058,0.020613696199886813,0.8390072894290254,0.8050483953264634,0.87550881044971,0.011705707957375754,0.01132251303183695,0.012124227460970322,analysis_outputs/esen_irrep_ood_2026_08_22/robustness/baseline_effect_robustness.csv
w20/200k,ID,8192,8192,0.0726834500856088,0.008587110349233634,0.020476118751007147,0.8689969857607207,0.8452648269108041,0.8938136822199517,0.011889008401773513,0.01160912950274842,0.012189233216408484,analysis_outputs/esen_irrep_ood_2026_08_22/robustness/baseline_effect_robustness.csv
w20/200k,ID,16384,16384,0.0726834500856088,0.008571066380358823,0.020506391634268466,0.8723444679371816,0.8552019195285735,0.890475425168814,0.011935325253909643,0.011730934058834653,0.012137068963078418,analysis_outputs/esen_irrep_ood_2026_08_22/robustness/baseline_effect_robustness.csv
w20/200k,OOD,1024,1024,0.0726834500856088,0.008487063465107808,0.01673585143879037,0.679010152218126,0.61390176384073,0.7356721079892165,0.008248787973682564,0.008007856809756141,0.008498362011600263,analysis_outputs/esen_irrep_ood_2026_08_22/robustness/baseline_effect_robustness.csv
w20/200k,OOD,2048,2048,0.0726834500856088,0.00860256393672702,0.016927076139385388,0.6768541872951461,0.6355773626212082,0.7156970348397491,0.008324512202658368,0.008150214445698661,0.008507956953934198,analysis_outputs/esen_irrep_ood_2026_08_22/robustness/baseline_effect_robustness.csv
w20/200k,OOD,4096,4096,0.0726834500856088,0.009097337457567885,0.017474913708121518,0.6527845664584833,0.6248002143549328,0.6805249315539353,0.008377576250553633,0.008239918978751797,0.008517353029951288,analysis_outputs/esen_irrep_ood_2026_08_22/robustness/baseline_effect_robustness.csv
w20/200k,OOD,8192,8192,0.0726834500856088,0.009069236411095687,0.017479421719301738,0.6561362150901671,0.6369901602461794,0.6754499136575034,0.008410185308206052,0.00831265784751639,0.00851405596096241,analysis_outputs/esen_irrep_ood_2026_08_22/robustness/baseline_effect_robustness.csv
w20/200k,OOD,16384,16384,0.0726834500856088,0.00915064874230513,0.017557958686446412,0.6516825559527311,0.6366715466629381,0.6657769045114509,0.008407309944141282,0.008334071950495237,0.008474985118847898,analysis_outputs/esen_irrep_ood_2026_08_22/robustness/baseline_effect_robustness.csv
w24/300k,ID,1024,1024,0.0726834500856088,0.007693661714181817,0.014023361793190072,0.6003278025167418,0.538426550103285,0.6684240853661048,0.006329700079008255,0.005875655553188705,0.006802194210964289,analysis_outputs/esen_irrep_ood_2026_08_22/robustness/baseline_effect_robustness.csv
w24/300k,ID,2048,2048,0.0726834500856088,0.007236118147751373,0.013659237397017953,0.6353311299623224,0.588883386554672,0.6835249914071809,0.006423119249266579,0.006072814489695893,0.0067782725683513114,analysis_outputs/esen_irrep_ood_2026_08_22/robustness/baseline_effect_robustness.csv
w24/300k,ID,4096,4096,0.0726834500856088,0.007136516415827598,0.013410419239582189,0.630807199661999,0.600510207284535,0.6640081475143739,0.006273902823754591,0.006047653962301888,0.006522200837249864,analysis_outputs/esen_irrep_ood_2026_08_22/robustness/baseline_effect_robustness.csv
w24/300k,ID,8192,8192,0.0726834500856088,0.006889365684451093,0.013220154015613238,0.6517634669805064,0.6295875239823457,0.6743756950235299,0.006330788331162145,0.006163860269801084,0.006504285041874711,analysis_outputs/esen_irrep_ood_2026_08_22/robustness/baseline_effect_robustness.csv
w24/300k,ID,16384,16384,0.0726834500856088,0.00686766193637755,0.01322514561285433,0.6552962692922902,0.6392623192161309,0.6717083049976147,0.0063574836764767806,0.006242062885985503,0.006475753831049559,analysis_outputs/esen_irrep_ood_2026_08_22/robustness/baseline_effect_robustness.csv
w24/300k,OOD,1024,1024,0.0726834500856088,0.0067027871027343046,0.010764606846215819,0.4737401832828934,0.42388987235231346,0.5185025175232056,0.004061819743481515,0.0039427081305804645,0.00418219980130459,analysis_outputs/esen_irrep_ood_2026_08_22/robustness/baseline_effect_robustness.csv
w24/300k,OOD,2048,2048,0.0726834500856088,0.006870332191722977,0.01092493452399235,0.46383528870861923,0.43084845889181755,0.49472309585799884,0.0040546023322693735,0.003968883428522478,0.004151130018984581,analysis_outputs/esen_irrep_ood_2026_08_22/robustness/baseline_effect_robustness.csv
w24/300k,OOD,4096,4096,0.0726834500856088,0.007224843066238555,0.011311640773242008,0.44830683956809697,0.42766809849295334,0.46960034606526585,0.004086797707003453,0.0040170809694884515,0.004157033453004349,analysis_outputs/esen_irrep_ood_2026_08_22/robustness/baseline_effect_robustness.csv
w24/300k,OOD,8192,8192,0.0726834500856088,0.007202173166130731,0.011278171488817563,0.4484863217645934,0.4339689551759329,0.46340099484116776,0.004075998322686832,0.004022571474754089,0.004131063620405409,analysis_outputs/esen_irrep_ood_2026_08_22/robustness/baseline_effect_robustness.csv
w24/300k,OOD,16384,16384,0.0726834500856088,0.00728752264148344,0.011371845900423389,0.4449769843426989,0.43347756349702365,0.4555571800639549,0.004084323258939948,0.004047304101083505,0.004120128440701951,analysis_outputs/esen_irrep_ood_2026_08_22/robustness/baseline_effect_robustness.csv
